Copyright 1986-2020 Xilinx, Inc. All Rights Reserved.
-----------------------------------------------------------------------------------------------------------------------------------------------------------------------------------------------------------------------------------------------
| Tool Version : Vivado v.2020.1 (win64) Build 2902540 Wed May 27 19:54:49 MDT 2020
| Date         : Sun Oct  4 17:33:47 2026
| Host         : sebastian-pc running 64-bit major release  (build 9200)
| Command      : report_timing_summary -max_paths 10 -file simon_says_debug_wrapper_timing_summary_routed.rpt -pb simon_says_debug_wrapper_timing_summary_routed.pb -rpx simon_says_debug_wrapper_timing_summary_routed.rpx -warn_on_violation
| Design       : simon_says_debug_wrapper
| Device       : 7z010-clg400
| Speed File   : -1  PRODUCTION 1.12 2019-11-22
-----------------------------------------------------------------------------------------------------------------------------------------------------------------------------------------------------------------------------------------------

Timing Summary Report

------------------------------------------------------------------------------------------------
| Timer Settings
| --------------
------------------------------------------------------------------------------------------------

  Enable Multi Corner Analysis               :  Yes
  Enable Pessimism Removal                   :  Yes
  Pessimism Removal Resolution               :  Nearest Common Node
  Enable Input Delay Default Clock           :  No
  Enable Preset / Clear Arcs                 :  No
  Disable Flight Delays                      :  No
  Ignore I/O Paths                           :  No
  Timing Early Launch at Borrowing Latches   :  No
  Borrow Time for Max Delay Exceptions       :  Yes
  Merge Timing Exceptions                    :  Yes

  Corner  Analyze    Analyze    
  Name    Max Paths  Min Paths  
  ------  ---------  ---------  
  Slow    Yes        Yes        
  Fast    Yes        Yes        



check_timing report

Table of Contents
-----------------
1. checking no_clock (0)
2. checking constant_clock (0)
3. checking pulse_width_clock (0)
4. checking unconstrained_internal_endpoints (0)
5. checking no_input_delay (4)
6. checking no_output_delay (4)
7. checking multiple_clock (0)
8. checking generated_clocks (0)
9. checking loops (0)
10. checking partial_input_delay (0)
11. checking partial_output_delay (0)
12. checking latch_loops (0)

1. checking no_clock (0)
------------------------
 There are 0 register/latch pins with no clock.


2. checking constant_clock (0)
------------------------------
 There are 0 register/latch pins with constant_clock.


3. checking pulse_width_clock (0)
---------------------------------
 There are 0 register/latch pins which need pulse_width check


4. checking unconstrained_internal_endpoints (0)
------------------------------------------------
 There are 0 pins that are not constrained for maximum delay.

 There are 0 pins that are not constrained for maximum delay due to constant clock.


5. checking no_input_delay (4)
------------------------------
 There are 4 input ports with no input delay specified. (HIGH)

 There are 0 input ports with no input delay but user has a false path constraint.


6. checking no_output_delay (4)
-------------------------------
 There are 4 ports with no output delay specified. (HIGH)

 There are 0 ports with no output delay but user has a false path constraint

 There are 0 ports with no output delay but with a timing clock defined on it or propagating through it


7. checking multiple_clock (0)
------------------------------
 There are 0 register/latch pins with multiple clocks.


8. checking generated_clocks (0)
--------------------------------
 There are 0 generated clocks that are not connected to a clock source.


9. checking loops (0)
---------------------
 There are 0 combinational loops in the design.


10. checking partial_input_delay (0)
------------------------------------
 There are 0 input ports with partial input delay specified.


11. checking partial_output_delay (0)
-------------------------------------
 There are 0 ports with partial output delay specified.


12. checking latch_loops (0)
----------------------------
 There are 0 combinational latch loops in the design through latch input



------------------------------------------------------------------------------------------------
| Design Timing Summary
| ---------------------
------------------------------------------------------------------------------------------------

    WNS(ns)      TNS(ns)  TNS Failing Endpoints  TNS Total Endpoints      WHS(ns)      THS(ns)  THS Failing Endpoints  THS Total Endpoints     WPWS(ns)     TPWS(ns)  TPWS Failing Endpoints  TPWS Total Endpoints  
    -------      -------  ---------------------  -------------------      -------      -------  ---------------------  -------------------     --------     --------  ----------------------  --------------------  
      0.624        0.000                      0                 5111        0.040        0.000                      0                 5095        2.750        0.000                       0                  2951  


All user specified timing constraints are met.


------------------------------------------------------------------------------------------------
| Clock Summary
| -------------
------------------------------------------------------------------------------------------------

Clock                                                                                       Waveform(ns)         Period(ns)      Frequency(MHz)
-----                                                                                       ------------         ----------      --------------
dbg_hub/inst/BSCANID.u_xsdbm_id/SWITCH_N_EXT_BSCAN.bscan_inst/SERIES7_BSCAN.bscan_inst/TCK  {0.000 16.500}       33.000          30.303          
sys_clk_pin                                                                                 {0.000 4.000}        8.000           125.000         


------------------------------------------------------------------------------------------------
| Intra Clock Table
| -----------------
------------------------------------------------------------------------------------------------

Clock                                                                                           WNS(ns)      TNS(ns)  TNS Failing Endpoints  TNS Total Endpoints      WHS(ns)      THS(ns)  THS Failing Endpoints  THS Total Endpoints     WPWS(ns)     TPWS(ns)  TPWS Failing Endpoints  TPWS Total Endpoints  
-----                                                                                           -------      -------  ---------------------  -------------------      -------      -------  ---------------------  -------------------     --------     --------  ----------------------  --------------------  
dbg_hub/inst/BSCANID.u_xsdbm_id/SWITCH_N_EXT_BSCAN.bscan_inst/SERIES7_BSCAN.bscan_inst/TCK       25.630        0.000                      0                  933        0.068        0.000                      0                  933       15.250        0.000                       0                   487  
sys_clk_pin                                                                                       0.624        0.000                      0                 3965        0.040        0.000                      0                 3965        2.750        0.000                       0                  2464  


------------------------------------------------------------------------------------------------
| Inter Clock Table
| -----------------
------------------------------------------------------------------------------------------------

From Clock                                                                                  To Clock                                                                                        WNS(ns)      TNS(ns)  TNS Failing Endpoints  TNS Total Endpoints      WHS(ns)      THS(ns)  THS Failing Endpoints  THS Total Endpoints  
----------                                                                                  --------                                                                                        -------      -------  ---------------------  -------------------      -------      -------  ---------------------  -------------------  
sys_clk_pin                                                                                 dbg_hub/inst/BSCANID.u_xsdbm_id/SWITCH_N_EXT_BSCAN.bscan_inst/SERIES7_BSCAN.bscan_inst/TCK        6.764        0.000                      0                    8                                                                        
dbg_hub/inst/BSCANID.u_xsdbm_id/SWITCH_N_EXT_BSCAN.bscan_inst/SERIES7_BSCAN.bscan_inst/TCK  sys_clk_pin                                                                                      31.796        0.000                      0                    8                                                                        


------------------------------------------------------------------------------------------------
| Other Path Groups Table
| -----------------------
------------------------------------------------------------------------------------------------

Path Group                                                                                  From Clock                                                                                  To Clock                                                                                        WNS(ns)      TNS(ns)  TNS Failing Endpoints  TNS Total Endpoints      WHS(ns)      THS(ns)  THS Failing Endpoints  THS Total Endpoints  
----------                                                                                  ----------                                                                                  --------                                                                                        -------      -------  ---------------------  -------------------      -------      -------  ---------------------  -------------------  
**async_default**                                                                           dbg_hub/inst/BSCANID.u_xsdbm_id/SWITCH_N_EXT_BSCAN.bscan_inst/SERIES7_BSCAN.bscan_inst/TCK  dbg_hub/inst/BSCANID.u_xsdbm_id/SWITCH_N_EXT_BSCAN.bscan_inst/SERIES7_BSCAN.bscan_inst/TCK       28.583        0.000                      0                  100        0.359        0.000                      0                  100  
**async_default**                                                                           sys_clk_pin                                                                                 sys_clk_pin                                                                                       5.131        0.000                      0                   97        0.330        0.000                      0                   97  


------------------------------------------------------------------------------------------------
| Timing Details
| --------------
------------------------------------------------------------------------------------------------


---------------------------------------------------------------------------------------------------
From Clock:  dbg_hub/inst/BSCANID.u_xsdbm_id/SWITCH_N_EXT_BSCAN.bscan_inst/SERIES7_BSCAN.bscan_inst/TCK
  To Clock:  dbg_hub/inst/BSCANID.u_xsdbm_id/SWITCH_N_EXT_BSCAN.bscan_inst/SERIES7_BSCAN.bscan_inst/TCK

Setup :            0  Failing Endpoints,  Worst Slack       25.630ns,  Total Violation        0.000ns
Hold  :            0  Failing Endpoints,  Worst Slack        0.068ns,  Total Violation        0.000ns
PW    :            0  Failing Endpoints,  Worst Slack       15.250ns,  Total Violation        0.000ns
---------------------------------------------------------------------------------------------------


Max Delay Paths
--------------------------------------------------------------------------------------
Slack (MET) :             25.630ns  (required time - arrival time)
  Source:                 dbg_hub/inst/BSCANID.u_xsdbm_id/SWITCH_N_EXT_BSCAN.bscan_switch/state_reg[1]/C
                            (rising edge-triggered cell FDRE clocked by dbg_hub/inst/BSCANID.u_xsdbm_id/SWITCH_N_EXT_BSCAN.bscan_inst/SERIES7_BSCAN.bscan_inst/TCK  {rise@0.000ns fall@16.500ns period=33.000ns})
  Destination:            dbg_hub/inst/BSCANID.u_xsdbm_id/SWITCH_N_EXT_BSCAN.bscan_switch/portno_temp_reg[2]/D
                            (rising edge-triggered cell FDRE clocked by dbg_hub/inst/BSCANID.u_xsdbm_id/SWITCH_N_EXT_BSCAN.bscan_inst/SERIES7_BSCAN.bscan_inst/TCK  {rise@0.000ns fall@16.500ns period=33.000ns})
  Path Group:             dbg_hub/inst/BSCANID.u_xsdbm_id/SWITCH_N_EXT_BSCAN.bscan_inst/SERIES7_BSCAN.bscan_inst/TCK
  Path Type:              Setup (Max at Slow Process Corner)
  Requirement:            33.000ns  (dbg_hub/inst/BSCANID.u_xsdbm_id/SWITCH_N_EXT_BSCAN.bscan_inst/SERIES7_BSCAN.bscan_inst/TCK rise@33.000ns - dbg_hub/inst/BSCANID.u_xsdbm_id/SWITCH_N_EXT_BSCAN.bscan_inst/SERIES7_BSCAN.bscan_inst/TCK rise@0.000ns)
  Data Path Delay:        7.386ns  (logic 1.740ns (23.558%)  route 5.646ns (76.442%))
  Logic Levels:           6  (CARRY4=2 LUT3=1 LUT4=1 LUT5=1 LUT6=1)
  Clock Path Skew:        -0.026ns (DCD - SCD + CPR)
    Destination Clock Delay (DCD):    3.076ns = ( 36.076 - 33.000 ) 
    Source Clock Delay      (SCD):    3.511ns
    Clock Pessimism Removal (CPR):    0.409ns
  Clock Uncertainty:      0.035ns  ((TSJ^2 + TIJ^2)^1/2 + DJ) / 2 + PE
    Total System Jitter     (TSJ):    0.071ns
    Total Input Jitter      (TIJ):    0.000ns
    Discrete Jitter          (DJ):    0.000ns
    Phase Error              (PE):    0.000ns

    Location             Delay type                Incr(ns)  Path(ns)    Netlist Resource(s)
  -------------------------------------------------------------------    -------------------
                         (clock dbg_hub/inst/BSCANID.u_xsdbm_id/SWITCH_N_EXT_BSCAN.bscan_inst/SERIES7_BSCAN.bscan_inst/TCK rise edge)
                                                      0.000     0.000 r  
    BSCAN_X0Y0           BSCANE2                      0.000     0.000 r  dbg_hub/inst/BSCANID.u_xsdbm_id/SWITCH_N_EXT_BSCAN.bscan_inst/SERIES7_BSCAN.bscan_inst/TCK
                         net (fo=1, routed)           1.741     1.741    dbg_hub/inst/BSCANID.u_xsdbm_id/tck_bs
    BUFGCTRL_X0Y0        BUFG (Prop_bufg_I_O)         0.101     1.842 r  dbg_hub/inst/BSCANID.u_xsdbm_id/SWITCH_N_EXT_BSCAN.u_bufg_icon_tck/O
                         net (fo=486, routed)         1.669     3.511    dbg_hub/inst/BSCANID.u_xsdbm_id/SWITCH_N_EXT_BSCAN.bscan_switch/s_bscan_tck
    SLICE_X11Y91         FDRE                                         r  dbg_hub/inst/BSCANID.u_xsdbm_id/SWITCH_N_EXT_BSCAN.bscan_switch/state_reg[1]/C
  -------------------------------------------------------------------    -------------------
    SLICE_X11Y91         FDRE (Prop_fdre_C_Q)         0.419     3.930 r  dbg_hub/inst/BSCANID.u_xsdbm_id/SWITCH_N_EXT_BSCAN.bscan_switch/state_reg[1]/Q
                         net (fo=50, routed)          1.926     5.855    dbg_hub/inst/BSCANID.u_xsdbm_id/SWITCH_N_EXT_BSCAN.bscan_switch/state[1]
    SLICE_X18Y90         LUT4 (Prop_lut4_I3_O)        0.299     6.154 r  dbg_hub/inst/BSCANID.u_xsdbm_id/SWITCH_N_EXT_BSCAN.bscan_switch/curid_inferred_i_21/O
                         net (fo=2, routed)           1.172     7.326    dbg_hub/inst/BSCANID.u_xsdbm_id/SWITCH_N_EXT_BSCAN.bscan_switch/curid[11]
    SLICE_X16Y90         LUT6 (Prop_lut6_I3_O)        0.124     7.450 r  dbg_hub/inst/BSCANID.u_xsdbm_id/SWITCH_N_EXT_BSCAN.bscan_switch/state_temp[0]_i_11/O
                         net (fo=1, routed)           0.000     7.450    dbg_hub/inst/BSCANID.u_xsdbm_id/SWITCH_N_EXT_BSCAN.bscan_switch/state_temp[0]_i_11_n_0
    SLICE_X16Y90         CARRY4 (Prop_carry4_S[1]_CO[3])
                                                      0.533     7.983 r  dbg_hub/inst/BSCANID.u_xsdbm_id/SWITCH_N_EXT_BSCAN.bscan_switch/state_temp_reg[0]_i_4/CO[3]
                         net (fo=1, routed)           0.000     7.983    dbg_hub/inst/BSCANID.u_xsdbm_id/SWITCH_N_EXT_BSCAN.bscan_switch/state_temp_reg[0]_i_4_n_0
    SLICE_X16Y91         CARRY4 (Prop_carry4_CI_CO[3])
                                                      0.117     8.100 f  dbg_hub/inst/BSCANID.u_xsdbm_id/SWITCH_N_EXT_BSCAN.bscan_switch/state_temp_reg[0]_i_3/CO[3]
                         net (fo=4, routed)           1.525     9.625    dbg_hub/inst/BSCANID.u_xsdbm_id/SWITCH_N_EXT_BSCAN.bscan_switch/state_temp_reg[0]_i_3_n_0
    SLICE_X12Y91         LUT5 (Prop_lut5_I1_O)        0.124     9.749 r  dbg_hub/inst/BSCANID.u_xsdbm_id/SWITCH_N_EXT_BSCAN.bscan_switch/portno_temp[5]_i_2/O
                         net (fo=7, routed)           1.024    10.773    dbg_hub/inst/BSCANID.u_xsdbm_id/SWITCH_N_EXT_BSCAN.bscan_switch/portno_temp[5]_i_2_n_0
    SLICE_X12Y89         LUT3 (Prop_lut3_I1_O)        0.124    10.897 r  dbg_hub/inst/BSCANID.u_xsdbm_id/SWITCH_N_EXT_BSCAN.bscan_switch/portno_temp[2]_i_1/O
                         net (fo=1, routed)           0.000    10.897    dbg_hub/inst/BSCANID.u_xsdbm_id/SWITCH_N_EXT_BSCAN.bscan_switch/portno_temp[2]_i_1_n_0
    SLICE_X12Y89         FDRE                                         r  dbg_hub/inst/BSCANID.u_xsdbm_id/SWITCH_N_EXT_BSCAN.bscan_switch/portno_temp_reg[2]/D
  -------------------------------------------------------------------    -------------------

                         (clock dbg_hub/inst/BSCANID.u_xsdbm_id/SWITCH_N_EXT_BSCAN.bscan_inst/SERIES7_BSCAN.bscan_inst/TCK rise edge)
                                                     33.000    33.000 r  
    BSCAN_X0Y0           BSCANE2                      0.000    33.000 r  dbg_hub/inst/BSCANID.u_xsdbm_id/SWITCH_N_EXT_BSCAN.bscan_inst/SERIES7_BSCAN.bscan_inst/TCK
                         net (fo=1, routed)           1.490    34.490    dbg_hub/inst/BSCANID.u_xsdbm_id/tck_bs
    BUFGCTRL_X0Y0        BUFG (Prop_bufg_I_O)         0.091    34.581 r  dbg_hub/inst/BSCANID.u_xsdbm_id/SWITCH_N_EXT_BSCAN.u_bufg_icon_tck/O
                         net (fo=486, routed)         1.495    36.076    dbg_hub/inst/BSCANID.u_xsdbm_id/SWITCH_N_EXT_BSCAN.bscan_switch/s_bscan_tck
    SLICE_X12Y89         FDRE                                         r  dbg_hub/inst/BSCANID.u_xsdbm_id/SWITCH_N_EXT_BSCAN.bscan_switch/portno_temp_reg[2]/C
                         clock pessimism              0.409    36.485    
                         clock uncertainty           -0.035    36.450    
    SLICE_X12Y89         FDRE (Setup_fdre_C_D)        0.077    36.527    dbg_hub/inst/BSCANID.u_xsdbm_id/SWITCH_N_EXT_BSCAN.bscan_switch/portno_temp_reg[2]
  -------------------------------------------------------------------
                         required time                         36.527    
                         arrival time                         -10.897    
  -------------------------------------------------------------------
                         slack                                 25.630    

Slack (MET) :             25.644ns  (required time - arrival time)
  Source:                 dbg_hub/inst/BSCANID.u_xsdbm_id/SWITCH_N_EXT_BSCAN.bscan_switch/state_reg[1]/C
                            (rising edge-triggered cell FDRE clocked by dbg_hub/inst/BSCANID.u_xsdbm_id/SWITCH_N_EXT_BSCAN.bscan_inst/SERIES7_BSCAN.bscan_inst/TCK  {rise@0.000ns fall@16.500ns period=33.000ns})
  Destination:            dbg_hub/inst/BSCANID.u_xsdbm_id/SWITCH_N_EXT_BSCAN.bscan_switch/portno_temp_reg[3]/D
                            (rising edge-triggered cell FDRE clocked by dbg_hub/inst/BSCANID.u_xsdbm_id/SWITCH_N_EXT_BSCAN.bscan_inst/SERIES7_BSCAN.bscan_inst/TCK  {rise@0.000ns fall@16.500ns period=33.000ns})
  Path Group:             dbg_hub/inst/BSCANID.u_xsdbm_id/SWITCH_N_EXT_BSCAN.bscan_inst/SERIES7_BSCAN.bscan_inst/TCK
  Path Type:              Setup (Max at Slow Process Corner)
  Requirement:            33.000ns  (dbg_hub/inst/BSCANID.u_xsdbm_id/SWITCH_N_EXT_BSCAN.bscan_inst/SERIES7_BSCAN.bscan_inst/TCK rise@33.000ns - dbg_hub/inst/BSCANID.u_xsdbm_id/SWITCH_N_EXT_BSCAN.bscan_inst/SERIES7_BSCAN.bscan_inst/TCK rise@0.000ns)
  Data Path Delay:        7.376ns  (logic 1.740ns (23.590%)  route 5.636ns (76.410%))
  Logic Levels:           6  (CARRY4=2 LUT3=1 LUT4=1 LUT5=1 LUT6=1)
  Clock Path Skew:        -0.026ns (DCD - SCD + CPR)
    Destination Clock Delay (DCD):    3.076ns = ( 36.076 - 33.000 ) 
    Source Clock Delay      (SCD):    3.511ns
    Clock Pessimism Removal (CPR):    0.409ns
  Clock Uncertainty:      0.035ns  ((TSJ^2 + TIJ^2)^1/2 + DJ) / 2 + PE
    Total System Jitter     (TSJ):    0.071ns
    Total Input Jitter      (TIJ):    0.000ns
    Discrete Jitter          (DJ):    0.000ns
    Phase Error              (PE):    0.000ns

    Location             Delay type                Incr(ns)  Path(ns)    Netlist Resource(s)
  -------------------------------------------------------------------    -------------------
                         (clock dbg_hub/inst/BSCANID.u_xsdbm_id/SWITCH_N_EXT_BSCAN.bscan_inst/SERIES7_BSCAN.bscan_inst/TCK rise edge)
                                                      0.000     0.000 r  
    BSCAN_X0Y0           BSCANE2                      0.000     0.000 r  dbg_hub/inst/BSCANID.u_xsdbm_id/SWITCH_N_EXT_BSCAN.bscan_inst/SERIES7_BSCAN.bscan_inst/TCK
                         net (fo=1, routed)           1.741     1.741    dbg_hub/inst/BSCANID.u_xsdbm_id/tck_bs
    BUFGCTRL_X0Y0        BUFG (Prop_bufg_I_O)         0.101     1.842 r  dbg_hub/inst/BSCANID.u_xsdbm_id/SWITCH_N_EXT_BSCAN.u_bufg_icon_tck/O
                         net (fo=486, routed)         1.669     3.511    dbg_hub/inst/BSCANID.u_xsdbm_id/SWITCH_N_EXT_BSCAN.bscan_switch/s_bscan_tck
    SLICE_X11Y91         FDRE                                         r  dbg_hub/inst/BSCANID.u_xsdbm_id/SWITCH_N_EXT_BSCAN.bscan_switch/state_reg[1]/C
  -------------------------------------------------------------------    -------------------
    SLICE_X11Y91         FDRE (Prop_fdre_C_Q)         0.419     3.930 r  dbg_hub/inst/BSCANID.u_xsdbm_id/SWITCH_N_EXT_BSCAN.bscan_switch/state_reg[1]/Q
                         net (fo=50, routed)          1.926     5.855    dbg_hub/inst/BSCANID.u_xsdbm_id/SWITCH_N_EXT_BSCAN.bscan_switch/state[1]
    SLICE_X18Y90         LUT4 (Prop_lut4_I3_O)        0.299     6.154 r  dbg_hub/inst/BSCANID.u_xsdbm_id/SWITCH_N_EXT_BSCAN.bscan_switch/curid_inferred_i_21/O
                         net (fo=2, routed)           1.172     7.326    dbg_hub/inst/BSCANID.u_xsdbm_id/SWITCH_N_EXT_BSCAN.bscan_switch/curid[11]
    SLICE_X16Y90         LUT6 (Prop_lut6_I3_O)        0.124     7.450 r  dbg_hub/inst/BSCANID.u_xsdbm_id/SWITCH_N_EXT_BSCAN.bscan_switch/state_temp[0]_i_11/O
                         net (fo=1, routed)           0.000     7.450    dbg_hub/inst/BSCANID.u_xsdbm_id/SWITCH_N_EXT_BSCAN.bscan_switch/state_temp[0]_i_11_n_0
    SLICE_X16Y90         CARRY4 (Prop_carry4_S[1]_CO[3])
                                                      0.533     7.983 r  dbg_hub/inst/BSCANID.u_xsdbm_id/SWITCH_N_EXT_BSCAN.bscan_switch/state_temp_reg[0]_i_4/CO[3]
                         net (fo=1, routed)           0.000     7.983    dbg_hub/inst/BSCANID.u_xsdbm_id/SWITCH_N_EXT_BSCAN.bscan_switch/state_temp_reg[0]_i_4_n_0
    SLICE_X16Y91         CARRY4 (Prop_carry4_CI_CO[3])
                                                      0.117     8.100 f  dbg_hub/inst/BSCANID.u_xsdbm_id/SWITCH_N_EXT_BSCAN.bscan_switch/state_temp_reg[0]_i_3/CO[3]
                         net (fo=4, routed)           1.525     9.625    dbg_hub/inst/BSCANID.u_xsdbm_id/SWITCH_N_EXT_BSCAN.bscan_switch/state_temp_reg[0]_i_3_n_0
    SLICE_X12Y91         LUT5 (Prop_lut5_I1_O)        0.124     9.749 r  dbg_hub/inst/BSCANID.u_xsdbm_id/SWITCH_N_EXT_BSCAN.bscan_switch/portno_temp[5]_i_2/O
                         net (fo=7, routed)           1.014    10.763    dbg_hub/inst/BSCANID.u_xsdbm_id/SWITCH_N_EXT_BSCAN.bscan_switch/portno_temp[5]_i_2_n_0
    SLICE_X12Y89         LUT3 (Prop_lut3_I1_O)        0.124    10.887 r  dbg_hub/inst/BSCANID.u_xsdbm_id/SWITCH_N_EXT_BSCAN.bscan_switch/portno_temp[3]_i_1/O
                         net (fo=1, routed)           0.000    10.887    dbg_hub/inst/BSCANID.u_xsdbm_id/SWITCH_N_EXT_BSCAN.bscan_switch/portno_temp[3]_i_1_n_0
    SLICE_X12Y89         FDRE                                         r  dbg_hub/inst/BSCANID.u_xsdbm_id/SWITCH_N_EXT_BSCAN.bscan_switch/portno_temp_reg[3]/D
  -------------------------------------------------------------------    -------------------

                         (clock dbg_hub/inst/BSCANID.u_xsdbm_id/SWITCH_N_EXT_BSCAN.bscan_inst/SERIES7_BSCAN.bscan_inst/TCK rise edge)
                                                     33.000    33.000 r  
    BSCAN_X0Y0           BSCANE2                      0.000    33.000 r  dbg_hub/inst/BSCANID.u_xsdbm_id/SWITCH_N_EXT_BSCAN.bscan_inst/SERIES7_BSCAN.bscan_inst/TCK
                         net (fo=1, routed)           1.490    34.490    dbg_hub/inst/BSCANID.u_xsdbm_id/tck_bs
    BUFGCTRL_X0Y0        BUFG (Prop_bufg_I_O)         0.091    34.581 r  dbg_hub/inst/BSCANID.u_xsdbm_id/SWITCH_N_EXT_BSCAN.u_bufg_icon_tck/O
                         net (fo=486, routed)         1.495    36.076    dbg_hub/inst/BSCANID.u_xsdbm_id/SWITCH_N_EXT_BSCAN.bscan_switch/s_bscan_tck
    SLICE_X12Y89         FDRE                                         r  dbg_hub/inst/BSCANID.u_xsdbm_id/SWITCH_N_EXT_BSCAN.bscan_switch/portno_temp_reg[3]/C
                         clock pessimism              0.409    36.485    
                         clock uncertainty           -0.035    36.450    
    SLICE_X12Y89         FDRE (Setup_fdre_C_D)        0.081    36.531    dbg_hub/inst/BSCANID.u_xsdbm_id/SWITCH_N_EXT_BSCAN.bscan_switch/portno_temp_reg[3]
  -------------------------------------------------------------------
                         required time                         36.531    
                         arrival time                         -10.887    
  -------------------------------------------------------------------
                         slack                                 25.644    

Slack (MET) :             25.795ns  (required time - arrival time)
  Source:                 dbg_hub/inst/BSCANID.u_xsdbm_id/SWITCH_N_EXT_BSCAN.bscan_switch/state_reg[1]/C
                            (rising edge-triggered cell FDRE clocked by dbg_hub/inst/BSCANID.u_xsdbm_id/SWITCH_N_EXT_BSCAN.bscan_inst/SERIES7_BSCAN.bscan_inst/TCK  {rise@0.000ns fall@16.500ns period=33.000ns})
  Destination:            dbg_hub/inst/BSCANID.u_xsdbm_id/SWITCH_N_EXT_BSCAN.bscan_switch/portno_temp_reg[4]/D
                            (rising edge-triggered cell FDRE clocked by dbg_hub/inst/BSCANID.u_xsdbm_id/SWITCH_N_EXT_BSCAN.bscan_inst/SERIES7_BSCAN.bscan_inst/TCK  {rise@0.000ns fall@16.500ns period=33.000ns})
  Path Group:             dbg_hub/inst/BSCANID.u_xsdbm_id/SWITCH_N_EXT_BSCAN.bscan_inst/SERIES7_BSCAN.bscan_inst/TCK
  Path Type:              Setup (Max at Slow Process Corner)
  Requirement:            33.000ns  (dbg_hub/inst/BSCANID.u_xsdbm_id/SWITCH_N_EXT_BSCAN.bscan_inst/SERIES7_BSCAN.bscan_inst/TCK rise@33.000ns - dbg_hub/inst/BSCANID.u_xsdbm_id/SWITCH_N_EXT_BSCAN.bscan_inst/SERIES7_BSCAN.bscan_inst/TCK rise@0.000ns)
  Data Path Delay:        7.223ns  (logic 1.740ns (24.090%)  route 5.483ns (75.910%))
  Logic Levels:           6  (CARRY4=2 LUT3=1 LUT4=1 LUT5=1 LUT6=1)
  Clock Path Skew:        -0.026ns (DCD - SCD + CPR)
    Destination Clock Delay (DCD):    3.076ns = ( 36.076 - 33.000 ) 
    Source Clock Delay      (SCD):    3.511ns
    Clock Pessimism Removal (CPR):    0.409ns
  Clock Uncertainty:      0.035ns  ((TSJ^2 + TIJ^2)^1/2 + DJ) / 2 + PE
    Total System Jitter     (TSJ):    0.071ns
    Total Input Jitter      (TIJ):    0.000ns
    Discrete Jitter          (DJ):    0.000ns
    Phase Error              (PE):    0.000ns

    Location             Delay type                Incr(ns)  Path(ns)    Netlist Resource(s)
  -------------------------------------------------------------------    -------------------
                         (clock dbg_hub/inst/BSCANID.u_xsdbm_id/SWITCH_N_EXT_BSCAN.bscan_inst/SERIES7_BSCAN.bscan_inst/TCK rise edge)
                                                      0.000     0.000 r  
    BSCAN_X0Y0           BSCANE2                      0.000     0.000 r  dbg_hub/inst/BSCANID.u_xsdbm_id/SWITCH_N_EXT_BSCAN.bscan_inst/SERIES7_BSCAN.bscan_inst/TCK
                         net (fo=1, routed)           1.741     1.741    dbg_hub/inst/BSCANID.u_xsdbm_id/tck_bs
    BUFGCTRL_X0Y0        BUFG (Prop_bufg_I_O)         0.101     1.842 r  dbg_hub/inst/BSCANID.u_xsdbm_id/SWITCH_N_EXT_BSCAN.u_bufg_icon_tck/O
                         net (fo=486, routed)         1.669     3.511    dbg_hub/inst/BSCANID.u_xsdbm_id/SWITCH_N_EXT_BSCAN.bscan_switch/s_bscan_tck
    SLICE_X11Y91         FDRE                                         r  dbg_hub/inst/BSCANID.u_xsdbm_id/SWITCH_N_EXT_BSCAN.bscan_switch/state_reg[1]/C
  -------------------------------------------------------------------    -------------------
    SLICE_X11Y91         FDRE (Prop_fdre_C_Q)         0.419     3.930 r  dbg_hub/inst/BSCANID.u_xsdbm_id/SWITCH_N_EXT_BSCAN.bscan_switch/state_reg[1]/Q
                         net (fo=50, routed)          1.926     5.855    dbg_hub/inst/BSCANID.u_xsdbm_id/SWITCH_N_EXT_BSCAN.bscan_switch/state[1]
    SLICE_X18Y90         LUT4 (Prop_lut4_I3_O)        0.299     6.154 r  dbg_hub/inst/BSCANID.u_xsdbm_id/SWITCH_N_EXT_BSCAN.bscan_switch/curid_inferred_i_21/O
                         net (fo=2, routed)           1.172     7.326    dbg_hub/inst/BSCANID.u_xsdbm_id/SWITCH_N_EXT_BSCAN.bscan_switch/curid[11]
    SLICE_X16Y90         LUT6 (Prop_lut6_I3_O)        0.124     7.450 r  dbg_hub/inst/BSCANID.u_xsdbm_id/SWITCH_N_EXT_BSCAN.bscan_switch/state_temp[0]_i_11/O
                         net (fo=1, routed)           0.000     7.450    dbg_hub/inst/BSCANID.u_xsdbm_id/SWITCH_N_EXT_BSCAN.bscan_switch/state_temp[0]_i_11_n_0
    SLICE_X16Y90         CARRY4 (Prop_carry4_S[1]_CO[3])
                                                      0.533     7.983 r  dbg_hub/inst/BSCANID.u_xsdbm_id/SWITCH_N_EXT_BSCAN.bscan_switch/state_temp_reg[0]_i_4/CO[3]
                         net (fo=1, routed)           0.000     7.983    dbg_hub/inst/BSCANID.u_xsdbm_id/SWITCH_N_EXT_BSCAN.bscan_switch/state_temp_reg[0]_i_4_n_0
    SLICE_X16Y91         CARRY4 (Prop_carry4_CI_CO[3])
                                                      0.117     8.100 f  dbg_hub/inst/BSCANID.u_xsdbm_id/SWITCH_N_EXT_BSCAN.bscan_switch/state_temp_reg[0]_i_3/CO[3]
                         net (fo=4, routed)           1.525     9.625    dbg_hub/inst/BSCANID.u_xsdbm_id/SWITCH_N_EXT_BSCAN.bscan_switch/state_temp_reg[0]_i_3_n_0
    SLICE_X12Y91         LUT5 (Prop_lut5_I1_O)        0.124     9.749 r  dbg_hub/inst/BSCANID.u_xsdbm_id/SWITCH_N_EXT_BSCAN.bscan_switch/portno_temp[5]_i_2/O
                         net (fo=7, routed)           0.861    10.610    dbg_hub/inst/BSCANID.u_xsdbm_id/SWITCH_N_EXT_BSCAN.bscan_switch/portno_temp[5]_i_2_n_0
    SLICE_X12Y89         LUT3 (Prop_lut3_I1_O)        0.124    10.734 r  dbg_hub/inst/BSCANID.u_xsdbm_id/SWITCH_N_EXT_BSCAN.bscan_switch/portno_temp[4]_i_1/O
                         net (fo=1, routed)           0.000    10.734    dbg_hub/inst/BSCANID.u_xsdbm_id/SWITCH_N_EXT_BSCAN.bscan_switch/portno_temp[4]_i_1_n_0
    SLICE_X12Y89         FDRE                                         r  dbg_hub/inst/BSCANID.u_xsdbm_id/SWITCH_N_EXT_BSCAN.bscan_switch/portno_temp_reg[4]/D
  -------------------------------------------------------------------    -------------------

                         (clock dbg_hub/inst/BSCANID.u_xsdbm_id/SWITCH_N_EXT_BSCAN.bscan_inst/SERIES7_BSCAN.bscan_inst/TCK rise edge)
                                                     33.000    33.000 r  
    BSCAN_X0Y0           BSCANE2                      0.000    33.000 r  dbg_hub/inst/BSCANID.u_xsdbm_id/SWITCH_N_EXT_BSCAN.bscan_inst/SERIES7_BSCAN.bscan_inst/TCK
                         net (fo=1, routed)           1.490    34.490    dbg_hub/inst/BSCANID.u_xsdbm_id/tck_bs
    BUFGCTRL_X0Y0        BUFG (Prop_bufg_I_O)         0.091    34.581 r  dbg_hub/inst/BSCANID.u_xsdbm_id/SWITCH_N_EXT_BSCAN.u_bufg_icon_tck/O
                         net (fo=486, routed)         1.495    36.076    dbg_hub/inst/BSCANID.u_xsdbm_id/SWITCH_N_EXT_BSCAN.bscan_switch/s_bscan_tck
    SLICE_X12Y89         FDRE                                         r  dbg_hub/inst/BSCANID.u_xsdbm_id/SWITCH_N_EXT_BSCAN.bscan_switch/portno_temp_reg[4]/C
                         clock pessimism              0.409    36.485    
                         clock uncertainty           -0.035    36.450    
    SLICE_X12Y89         FDRE (Setup_fdre_C_D)        0.079    36.529    dbg_hub/inst/BSCANID.u_xsdbm_id/SWITCH_N_EXT_BSCAN.bscan_switch/portno_temp_reg[4]
  -------------------------------------------------------------------
                         required time                         36.529    
                         arrival time                         -10.734    
  -------------------------------------------------------------------
                         slack                                 25.795    

Slack (MET) :             25.853ns  (required time - arrival time)
  Source:                 dbg_hub/inst/BSCANID.u_xsdbm_id/SWITCH_N_EXT_BSCAN.bscan_switch/state_reg[1]/C
                            (rising edge-triggered cell FDRE clocked by dbg_hub/inst/BSCANID.u_xsdbm_id/SWITCH_N_EXT_BSCAN.bscan_inst/SERIES7_BSCAN.bscan_inst/TCK  {rise@0.000ns fall@16.500ns period=33.000ns})
  Destination:            dbg_hub/inst/BSCANID.u_xsdbm_id/SWITCH_N_EXT_BSCAN.bscan_switch/portno_temp_reg[1]/D
                            (rising edge-triggered cell FDRE clocked by dbg_hub/inst/BSCANID.u_xsdbm_id/SWITCH_N_EXT_BSCAN.bscan_inst/SERIES7_BSCAN.bscan_inst/TCK  {rise@0.000ns fall@16.500ns period=33.000ns})
  Path Group:             dbg_hub/inst/BSCANID.u_xsdbm_id/SWITCH_N_EXT_BSCAN.bscan_inst/SERIES7_BSCAN.bscan_inst/TCK
  Path Type:              Setup (Max at Slow Process Corner)
  Requirement:            33.000ns  (dbg_hub/inst/BSCANID.u_xsdbm_id/SWITCH_N_EXT_BSCAN.bscan_inst/SERIES7_BSCAN.bscan_inst/TCK rise@33.000ns - dbg_hub/inst/BSCANID.u_xsdbm_id/SWITCH_N_EXT_BSCAN.bscan_inst/SERIES7_BSCAN.bscan_inst/TCK rise@0.000ns)
  Data Path Delay:        7.114ns  (logic 1.740ns (24.458%)  route 5.374ns (75.542%))
  Logic Levels:           6  (CARRY4=2 LUT3=1 LUT4=1 LUT5=1 LUT6=1)
  Clock Path Skew:        -0.026ns (DCD - SCD + CPR)
    Destination Clock Delay (DCD):    3.076ns = ( 36.076 - 33.000 ) 
    Source Clock Delay      (SCD):    3.511ns
    Clock Pessimism Removal (CPR):    0.409ns
  Clock Uncertainty:      0.035ns  ((TSJ^2 + TIJ^2)^1/2 + DJ) / 2 + PE
    Total System Jitter     (TSJ):    0.071ns
    Total Input Jitter      (TIJ):    0.000ns
    Discrete Jitter          (DJ):    0.000ns
    Phase Error              (PE):    0.000ns

    Location             Delay type                Incr(ns)  Path(ns)    Netlist Resource(s)
  -------------------------------------------------------------------    -------------------
                         (clock dbg_hub/inst/BSCANID.u_xsdbm_id/SWITCH_N_EXT_BSCAN.bscan_inst/SERIES7_BSCAN.bscan_inst/TCK rise edge)
                                                      0.000     0.000 r  
    BSCAN_X0Y0           BSCANE2                      0.000     0.000 r  dbg_hub/inst/BSCANID.u_xsdbm_id/SWITCH_N_EXT_BSCAN.bscan_inst/SERIES7_BSCAN.bscan_inst/TCK
                         net (fo=1, routed)           1.741     1.741    dbg_hub/inst/BSCANID.u_xsdbm_id/tck_bs
    BUFGCTRL_X0Y0        BUFG (Prop_bufg_I_O)         0.101     1.842 r  dbg_hub/inst/BSCANID.u_xsdbm_id/SWITCH_N_EXT_BSCAN.u_bufg_icon_tck/O
                         net (fo=486, routed)         1.669     3.511    dbg_hub/inst/BSCANID.u_xsdbm_id/SWITCH_N_EXT_BSCAN.bscan_switch/s_bscan_tck
    SLICE_X11Y91         FDRE                                         r  dbg_hub/inst/BSCANID.u_xsdbm_id/SWITCH_N_EXT_BSCAN.bscan_switch/state_reg[1]/C
  -------------------------------------------------------------------    -------------------
    SLICE_X11Y91         FDRE (Prop_fdre_C_Q)         0.419     3.930 r  dbg_hub/inst/BSCANID.u_xsdbm_id/SWITCH_N_EXT_BSCAN.bscan_switch/state_reg[1]/Q
                         net (fo=50, routed)          1.926     5.855    dbg_hub/inst/BSCANID.u_xsdbm_id/SWITCH_N_EXT_BSCAN.bscan_switch/state[1]
    SLICE_X18Y90         LUT4 (Prop_lut4_I3_O)        0.299     6.154 r  dbg_hub/inst/BSCANID.u_xsdbm_id/SWITCH_N_EXT_BSCAN.bscan_switch/curid_inferred_i_21/O
                         net (fo=2, routed)           1.172     7.326    dbg_hub/inst/BSCANID.u_xsdbm_id/SWITCH_N_EXT_BSCAN.bscan_switch/curid[11]
    SLICE_X16Y90         LUT6 (Prop_lut6_I3_O)        0.124     7.450 r  dbg_hub/inst/BSCANID.u_xsdbm_id/SWITCH_N_EXT_BSCAN.bscan_switch/state_temp[0]_i_11/O
                         net (fo=1, routed)           0.000     7.450    dbg_hub/inst/BSCANID.u_xsdbm_id/SWITCH_N_EXT_BSCAN.bscan_switch/state_temp[0]_i_11_n_0
    SLICE_X16Y90         CARRY4 (Prop_carry4_S[1]_CO[3])
                                                      0.533     7.983 r  dbg_hub/inst/BSCANID.u_xsdbm_id/SWITCH_N_EXT_BSCAN.bscan_switch/state_temp_reg[0]_i_4/CO[3]
                         net (fo=1, routed)           0.000     7.983    dbg_hub/inst/BSCANID.u_xsdbm_id/SWITCH_N_EXT_BSCAN.bscan_switch/state_temp_reg[0]_i_4_n_0
    SLICE_X16Y91         CARRY4 (Prop_carry4_CI_CO[3])
                                                      0.117     8.100 f  dbg_hub/inst/BSCANID.u_xsdbm_id/SWITCH_N_EXT_BSCAN.bscan_switch/state_temp_reg[0]_i_3/CO[3]
                         net (fo=4, routed)           1.525     9.625    dbg_hub/inst/BSCANID.u_xsdbm_id/SWITCH_N_EXT_BSCAN.bscan_switch/state_temp_reg[0]_i_3_n_0
    SLICE_X12Y91         LUT5 (Prop_lut5_I1_O)        0.124     9.749 r  dbg_hub/inst/BSCANID.u_xsdbm_id/SWITCH_N_EXT_BSCAN.bscan_switch/portno_temp[5]_i_2/O
                         net (fo=7, routed)           0.752    10.501    dbg_hub/inst/BSCANID.u_xsdbm_id/SWITCH_N_EXT_BSCAN.bscan_switch/portno_temp[5]_i_2_n_0
    SLICE_X11Y90         LUT3 (Prop_lut3_I1_O)        0.124    10.625 r  dbg_hub/inst/BSCANID.u_xsdbm_id/SWITCH_N_EXT_BSCAN.bscan_switch/portno_temp[1]_i_1/O
                         net (fo=1, routed)           0.000    10.625    dbg_hub/inst/BSCANID.u_xsdbm_id/SWITCH_N_EXT_BSCAN.bscan_switch/portno_temp[1]_i_1_n_0
    SLICE_X11Y90         FDRE                                         r  dbg_hub/inst/BSCANID.u_xsdbm_id/SWITCH_N_EXT_BSCAN.bscan_switch/portno_temp_reg[1]/D
  -------------------------------------------------------------------    -------------------

                         (clock dbg_hub/inst/BSCANID.u_xsdbm_id/SWITCH_N_EXT_BSCAN.bscan_inst/SERIES7_BSCAN.bscan_inst/TCK rise edge)
                                                     33.000    33.000 r  
    BSCAN_X0Y0           BSCANE2                      0.000    33.000 r  dbg_hub/inst/BSCANID.u_xsdbm_id/SWITCH_N_EXT_BSCAN.bscan_inst/SERIES7_BSCAN.bscan_inst/TCK
                         net (fo=1, routed)           1.490    34.490    dbg_hub/inst/BSCANID.u_xsdbm_id/tck_bs
    BUFGCTRL_X0Y0        BUFG (Prop_bufg_I_O)         0.091    34.581 r  dbg_hub/inst/BSCANID.u_xsdbm_id/SWITCH_N_EXT_BSCAN.u_bufg_icon_tck/O
                         net (fo=486, routed)         1.495    36.076    dbg_hub/inst/BSCANID.u_xsdbm_id/SWITCH_N_EXT_BSCAN.bscan_switch/s_bscan_tck
    SLICE_X11Y90         FDRE                                         r  dbg_hub/inst/BSCANID.u_xsdbm_id/SWITCH_N_EXT_BSCAN.bscan_switch/portno_temp_reg[1]/C
                         clock pessimism              0.409    36.485    
                         clock uncertainty           -0.035    36.450    
    SLICE_X11Y90         FDRE (Setup_fdre_C_D)        0.029    36.479    dbg_hub/inst/BSCANID.u_xsdbm_id/SWITCH_N_EXT_BSCAN.bscan_switch/portno_temp_reg[1]
  -------------------------------------------------------------------
                         required time                         36.479    
                         arrival time                         -10.625    
  -------------------------------------------------------------------
                         slack                                 25.853    

Slack (MET) :             25.977ns  (required time - arrival time)
  Source:                 dbg_hub/inst/BSCANID.u_xsdbm_id/SWITCH_N_EXT_BSCAN.bscan_switch/state_reg[1]/C
                            (rising edge-triggered cell FDRE clocked by dbg_hub/inst/BSCANID.u_xsdbm_id/SWITCH_N_EXT_BSCAN.bscan_inst/SERIES7_BSCAN.bscan_inst/TCK  {rise@0.000ns fall@16.500ns period=33.000ns})
  Destination:            dbg_hub/inst/BSCANID.u_xsdbm_id/SWITCH_N_EXT_BSCAN.bscan_switch/state_temp_reg[2]/D
                            (rising edge-triggered cell FDRE clocked by dbg_hub/inst/BSCANID.u_xsdbm_id/SWITCH_N_EXT_BSCAN.bscan_inst/SERIES7_BSCAN.bscan_inst/TCK  {rise@0.000ns fall@16.500ns period=33.000ns})
  Path Group:             dbg_hub/inst/BSCANID.u_xsdbm_id/SWITCH_N_EXT_BSCAN.bscan_inst/SERIES7_BSCAN.bscan_inst/TCK
  Path Type:              Setup (Max at Slow Process Corner)
  Requirement:            33.000ns  (dbg_hub/inst/BSCANID.u_xsdbm_id/SWITCH_N_EXT_BSCAN.bscan_inst/SERIES7_BSCAN.bscan_inst/TCK rise@33.000ns - dbg_hub/inst/BSCANID.u_xsdbm_id/SWITCH_N_EXT_BSCAN.bscan_inst/SERIES7_BSCAN.bscan_inst/TCK rise@0.000ns)
  Data Path Delay:        7.044ns  (logic 1.740ns (24.702%)  route 5.304ns (75.298%))
  Logic Levels:           6  (CARRY4=2 LUT4=1 LUT5=1 LUT6=2)
  Clock Path Skew:        -0.025ns (DCD - SCD + CPR)
    Destination Clock Delay (DCD):    3.077ns = ( 36.077 - 33.000 ) 
    Source Clock Delay      (SCD):    3.511ns
    Clock Pessimism Removal (CPR):    0.409ns
  Clock Uncertainty:      0.035ns  ((TSJ^2 + TIJ^2)^1/2 + DJ) / 2 + PE
    Total System Jitter     (TSJ):    0.071ns
    Total Input Jitter      (TIJ):    0.000ns
    Discrete Jitter          (DJ):    0.000ns
    Phase Error              (PE):    0.000ns

    Location             Delay type                Incr(ns)  Path(ns)    Netlist Resource(s)
  -------------------------------------------------------------------    -------------------
                         (clock dbg_hub/inst/BSCANID.u_xsdbm_id/SWITCH_N_EXT_BSCAN.bscan_inst/SERIES7_BSCAN.bscan_inst/TCK rise edge)
                                                      0.000     0.000 r  
    BSCAN_X0Y0           BSCANE2                      0.000     0.000 r  dbg_hub/inst/BSCANID.u_xsdbm_id/SWITCH_N_EXT_BSCAN.bscan_inst/SERIES7_BSCAN.bscan_inst/TCK
                         net (fo=1, routed)           1.741     1.741    dbg_hub/inst/BSCANID.u_xsdbm_id/tck_bs
    BUFGCTRL_X0Y0        BUFG (Prop_bufg_I_O)         0.101     1.842 r  dbg_hub/inst/BSCANID.u_xsdbm_id/SWITCH_N_EXT_BSCAN.u_bufg_icon_tck/O
                         net (fo=486, routed)         1.669     3.511    dbg_hub/inst/BSCANID.u_xsdbm_id/SWITCH_N_EXT_BSCAN.bscan_switch/s_bscan_tck
    SLICE_X11Y91         FDRE                                         r  dbg_hub/inst/BSCANID.u_xsdbm_id/SWITCH_N_EXT_BSCAN.bscan_switch/state_reg[1]/C
  -------------------------------------------------------------------    -------------------
    SLICE_X11Y91         FDRE (Prop_fdre_C_Q)         0.419     3.930 r  dbg_hub/inst/BSCANID.u_xsdbm_id/SWITCH_N_EXT_BSCAN.bscan_switch/state_reg[1]/Q
                         net (fo=50, routed)          1.926     5.855    dbg_hub/inst/BSCANID.u_xsdbm_id/SWITCH_N_EXT_BSCAN.bscan_switch/state[1]
    SLICE_X18Y90         LUT4 (Prop_lut4_I3_O)        0.299     6.154 r  dbg_hub/inst/BSCANID.u_xsdbm_id/SWITCH_N_EXT_BSCAN.bscan_switch/curid_inferred_i_21/O
                         net (fo=2, routed)           1.172     7.326    dbg_hub/inst/BSCANID.u_xsdbm_id/SWITCH_N_EXT_BSCAN.bscan_switch/curid[11]
    SLICE_X16Y90         LUT6 (Prop_lut6_I3_O)        0.124     7.450 r  dbg_hub/inst/BSCANID.u_xsdbm_id/SWITCH_N_EXT_BSCAN.bscan_switch/state_temp[0]_i_11/O
                         net (fo=1, routed)           0.000     7.450    dbg_hub/inst/BSCANID.u_xsdbm_id/SWITCH_N_EXT_BSCAN.bscan_switch/state_temp[0]_i_11_n_0
    SLICE_X16Y90         CARRY4 (Prop_carry4_S[1]_CO[3])
                                                      0.533     7.983 r  dbg_hub/inst/BSCANID.u_xsdbm_id/SWITCH_N_EXT_BSCAN.bscan_switch/state_temp_reg[0]_i_4/CO[3]
                         net (fo=1, routed)           0.000     7.983    dbg_hub/inst/BSCANID.u_xsdbm_id/SWITCH_N_EXT_BSCAN.bscan_switch/state_temp_reg[0]_i_4_n_0
    SLICE_X16Y91         CARRY4 (Prop_carry4_CI_CO[3])
                                                      0.117     8.100 f  dbg_hub/inst/BSCANID.u_xsdbm_id/SWITCH_N_EXT_BSCAN.bscan_switch/state_temp_reg[0]_i_3/CO[3]
                         net (fo=4, routed)           1.525     9.625    dbg_hub/inst/BSCANID.u_xsdbm_id/SWITCH_N_EXT_BSCAN.bscan_switch/state_temp_reg[0]_i_3_n_0
    SLICE_X12Y91         LUT5 (Prop_lut5_I1_O)        0.124     9.749 r  dbg_hub/inst/BSCANID.u_xsdbm_id/SWITCH_N_EXT_BSCAN.bscan_switch/portno_temp[5]_i_2/O
                         net (fo=7, routed)           0.682    10.431    dbg_hub/inst/BSCANID.u_xsdbm_id/SWITCH_N_EXT_BSCAN.bscan_switch/portno_temp[5]_i_2_n_0
    SLICE_X12Y91         LUT6 (Prop_lut6_I2_O)        0.124    10.555 r  dbg_hub/inst/BSCANID.u_xsdbm_id/SWITCH_N_EXT_BSCAN.bscan_switch/state_temp[2]_i_1/O
                         net (fo=1, routed)           0.000    10.555    dbg_hub/inst/BSCANID.u_xsdbm_id/SWITCH_N_EXT_BSCAN.bscan_switch/state_temp[2]_i_1_n_0
    SLICE_X12Y91         FDRE                                         r  dbg_hub/inst/BSCANID.u_xsdbm_id/SWITCH_N_EXT_BSCAN.bscan_switch/state_temp_reg[2]/D
  -------------------------------------------------------------------    -------------------

                         (clock dbg_hub/inst/BSCANID.u_xsdbm_id/SWITCH_N_EXT_BSCAN.bscan_inst/SERIES7_BSCAN.bscan_inst/TCK rise edge)
                                                     33.000    33.000 r  
    BSCAN_X0Y0           BSCANE2                      0.000    33.000 r  dbg_hub/inst/BSCANID.u_xsdbm_id/SWITCH_N_EXT_BSCAN.bscan_inst/SERIES7_BSCAN.bscan_inst/TCK
                         net (fo=1, routed)           1.490    34.490    dbg_hub/inst/BSCANID.u_xsdbm_id/tck_bs
    BUFGCTRL_X0Y0        BUFG (Prop_bufg_I_O)         0.091    34.581 r  dbg_hub/inst/BSCANID.u_xsdbm_id/SWITCH_N_EXT_BSCAN.u_bufg_icon_tck/O
                         net (fo=486, routed)         1.496    36.077    dbg_hub/inst/BSCANID.u_xsdbm_id/SWITCH_N_EXT_BSCAN.bscan_switch/s_bscan_tck
    SLICE_X12Y91         FDRE                                         r  dbg_hub/inst/BSCANID.u_xsdbm_id/SWITCH_N_EXT_BSCAN.bscan_switch/state_temp_reg[2]/C
                         clock pessimism              0.409    36.486    
                         clock uncertainty           -0.035    36.451    
    SLICE_X12Y91         FDRE (Setup_fdre_C_D)        0.081    36.532    dbg_hub/inst/BSCANID.u_xsdbm_id/SWITCH_N_EXT_BSCAN.bscan_switch/state_temp_reg[2]
  -------------------------------------------------------------------
                         required time                         36.532    
                         arrival time                         -10.555    
  -------------------------------------------------------------------
                         slack                                 25.977    

Slack (MET) :             26.023ns  (required time - arrival time)
  Source:                 dbg_hub/inst/BSCANID.u_xsdbm_id/SWITCH_N_EXT_BSCAN.bscan_switch/state_reg[1]/C
                            (rising edge-triggered cell FDRE clocked by dbg_hub/inst/BSCANID.u_xsdbm_id/SWITCH_N_EXT_BSCAN.bscan_inst/SERIES7_BSCAN.bscan_inst/TCK  {rise@0.000ns fall@16.500ns period=33.000ns})
  Destination:            dbg_hub/inst/BSCANID.u_xsdbm_id/SWITCH_N_EXT_BSCAN.bscan_switch/portno_temp_reg[0]/D
                            (rising edge-triggered cell FDRE clocked by dbg_hub/inst/BSCANID.u_xsdbm_id/SWITCH_N_EXT_BSCAN.bscan_inst/SERIES7_BSCAN.bscan_inst/TCK  {rise@0.000ns fall@16.500ns period=33.000ns})
  Path Group:             dbg_hub/inst/BSCANID.u_xsdbm_id/SWITCH_N_EXT_BSCAN.bscan_inst/SERIES7_BSCAN.bscan_inst/TCK
  Path Type:              Setup (Max at Slow Process Corner)
  Requirement:            33.000ns  (dbg_hub/inst/BSCANID.u_xsdbm_id/SWITCH_N_EXT_BSCAN.bscan_inst/SERIES7_BSCAN.bscan_inst/TCK rise@33.000ns - dbg_hub/inst/BSCANID.u_xsdbm_id/SWITCH_N_EXT_BSCAN.bscan_inst/SERIES7_BSCAN.bscan_inst/TCK rise@0.000ns)
  Data Path Delay:        6.946ns  (logic 1.740ns (25.049%)  route 5.206ns (74.951%))
  Logic Levels:           6  (CARRY4=2 LUT3=1 LUT4=1 LUT5=1 LUT6=1)
  Clock Path Skew:        -0.026ns (DCD - SCD + CPR)
    Destination Clock Delay (DCD):    3.076ns = ( 36.076 - 33.000 ) 
    Source Clock Delay      (SCD):    3.511ns
    Clock Pessimism Removal (CPR):    0.409ns
  Clock Uncertainty:      0.035ns  ((TSJ^2 + TIJ^2)^1/2 + DJ) / 2 + PE
    Total System Jitter     (TSJ):    0.071ns
    Total Input Jitter      (TIJ):    0.000ns
    Discrete Jitter          (DJ):    0.000ns
    Phase Error              (PE):    0.000ns

    Location             Delay type                Incr(ns)  Path(ns)    Netlist Resource(s)
  -------------------------------------------------------------------    -------------------
                         (clock dbg_hub/inst/BSCANID.u_xsdbm_id/SWITCH_N_EXT_BSCAN.bscan_inst/SERIES7_BSCAN.bscan_inst/TCK rise edge)
                                                      0.000     0.000 r  
    BSCAN_X0Y0           BSCANE2                      0.000     0.000 r  dbg_hub/inst/BSCANID.u_xsdbm_id/SWITCH_N_EXT_BSCAN.bscan_inst/SERIES7_BSCAN.bscan_inst/TCK
                         net (fo=1, routed)           1.741     1.741    dbg_hub/inst/BSCANID.u_xsdbm_id/tck_bs
    BUFGCTRL_X0Y0        BUFG (Prop_bufg_I_O)         0.101     1.842 r  dbg_hub/inst/BSCANID.u_xsdbm_id/SWITCH_N_EXT_BSCAN.u_bufg_icon_tck/O
                         net (fo=486, routed)         1.669     3.511    dbg_hub/inst/BSCANID.u_xsdbm_id/SWITCH_N_EXT_BSCAN.bscan_switch/s_bscan_tck
    SLICE_X11Y91         FDRE                                         r  dbg_hub/inst/BSCANID.u_xsdbm_id/SWITCH_N_EXT_BSCAN.bscan_switch/state_reg[1]/C
  -------------------------------------------------------------------    -------------------
    SLICE_X11Y91         FDRE (Prop_fdre_C_Q)         0.419     3.930 r  dbg_hub/inst/BSCANID.u_xsdbm_id/SWITCH_N_EXT_BSCAN.bscan_switch/state_reg[1]/Q
                         net (fo=50, routed)          1.926     5.855    dbg_hub/inst/BSCANID.u_xsdbm_id/SWITCH_N_EXT_BSCAN.bscan_switch/state[1]
    SLICE_X18Y90         LUT4 (Prop_lut4_I3_O)        0.299     6.154 r  dbg_hub/inst/BSCANID.u_xsdbm_id/SWITCH_N_EXT_BSCAN.bscan_switch/curid_inferred_i_21/O
                         net (fo=2, routed)           1.172     7.326    dbg_hub/inst/BSCANID.u_xsdbm_id/SWITCH_N_EXT_BSCAN.bscan_switch/curid[11]
    SLICE_X16Y90         LUT6 (Prop_lut6_I3_O)        0.124     7.450 r  dbg_hub/inst/BSCANID.u_xsdbm_id/SWITCH_N_EXT_BSCAN.bscan_switch/state_temp[0]_i_11/O
                         net (fo=1, routed)           0.000     7.450    dbg_hub/inst/BSCANID.u_xsdbm_id/SWITCH_N_EXT_BSCAN.bscan_switch/state_temp[0]_i_11_n_0
    SLICE_X16Y90         CARRY4 (Prop_carry4_S[1]_CO[3])
                                                      0.533     7.983 r  dbg_hub/inst/BSCANID.u_xsdbm_id/SWITCH_N_EXT_BSCAN.bscan_switch/state_temp_reg[0]_i_4/CO[3]
                         net (fo=1, routed)           0.000     7.983    dbg_hub/inst/BSCANID.u_xsdbm_id/SWITCH_N_EXT_BSCAN.bscan_switch/state_temp_reg[0]_i_4_n_0
    SLICE_X16Y91         CARRY4 (Prop_carry4_CI_CO[3])
                                                      0.117     8.100 f  dbg_hub/inst/BSCANID.u_xsdbm_id/SWITCH_N_EXT_BSCAN.bscan_switch/state_temp_reg[0]_i_3/CO[3]
                         net (fo=4, routed)           1.525     9.625    dbg_hub/inst/BSCANID.u_xsdbm_id/SWITCH_N_EXT_BSCAN.bscan_switch/state_temp_reg[0]_i_3_n_0
    SLICE_X12Y91         LUT5 (Prop_lut5_I1_O)        0.124     9.749 r  dbg_hub/inst/BSCANID.u_xsdbm_id/SWITCH_N_EXT_BSCAN.bscan_switch/portno_temp[5]_i_2/O
                         net (fo=7, routed)           0.584    10.333    dbg_hub/inst/BSCANID.u_xsdbm_id/SWITCH_N_EXT_BSCAN.bscan_switch/portno_temp[5]_i_2_n_0
    SLICE_X11Y90         LUT3 (Prop_lut3_I1_O)        0.124    10.457 r  dbg_hub/inst/BSCANID.u_xsdbm_id/SWITCH_N_EXT_BSCAN.bscan_switch/portno_temp[0]_i_1/O
                         net (fo=1, routed)           0.000    10.457    dbg_hub/inst/BSCANID.u_xsdbm_id/SWITCH_N_EXT_BSCAN.bscan_switch/portno_temp[0]_i_1_n_0
    SLICE_X11Y90         FDRE                                         r  dbg_hub/inst/BSCANID.u_xsdbm_id/SWITCH_N_EXT_BSCAN.bscan_switch/portno_temp_reg[0]/D
  -------------------------------------------------------------------    -------------------

                         (clock dbg_hub/inst/BSCANID.u_xsdbm_id/SWITCH_N_EXT_BSCAN.bscan_inst/SERIES7_BSCAN.bscan_inst/TCK rise edge)
                                                     33.000    33.000 r  
    BSCAN_X0Y0           BSCANE2                      0.000    33.000 r  dbg_hub/inst/BSCANID.u_xsdbm_id/SWITCH_N_EXT_BSCAN.bscan_inst/SERIES7_BSCAN.bscan_inst/TCK
                         net (fo=1, routed)           1.490    34.490    dbg_hub/inst/BSCANID.u_xsdbm_id/tck_bs
    BUFGCTRL_X0Y0        BUFG (Prop_bufg_I_O)         0.091    34.581 r  dbg_hub/inst/BSCANID.u_xsdbm_id/SWITCH_N_EXT_BSCAN.u_bufg_icon_tck/O
                         net (fo=486, routed)         1.495    36.076    dbg_hub/inst/BSCANID.u_xsdbm_id/SWITCH_N_EXT_BSCAN.bscan_switch/s_bscan_tck
    SLICE_X11Y90         FDRE                                         r  dbg_hub/inst/BSCANID.u_xsdbm_id/SWITCH_N_EXT_BSCAN.bscan_switch/portno_temp_reg[0]/C
                         clock pessimism              0.409    36.485    
                         clock uncertainty           -0.035    36.450    
    SLICE_X11Y90         FDRE (Setup_fdre_C_D)        0.031    36.481    dbg_hub/inst/BSCANID.u_xsdbm_id/SWITCH_N_EXT_BSCAN.bscan_switch/portno_temp_reg[0]
  -------------------------------------------------------------------
                         required time                         36.481    
                         arrival time                         -10.457    
  -------------------------------------------------------------------
                         slack                                 26.023    

Slack (MET) :             26.026ns  (required time - arrival time)
  Source:                 dbg_hub/inst/BSCANID.u_xsdbm_id/SWITCH_N_EXT_BSCAN.bscan_switch/state_reg[1]/C
                            (rising edge-triggered cell FDRE clocked by dbg_hub/inst/BSCANID.u_xsdbm_id/SWITCH_N_EXT_BSCAN.bscan_inst/SERIES7_BSCAN.bscan_inst/TCK  {rise@0.000ns fall@16.500ns period=33.000ns})
  Destination:            dbg_hub/inst/BSCANID.u_xsdbm_id/SWITCH_N_EXT_BSCAN.bscan_switch/portno_temp_reg[5]/D
                            (rising edge-triggered cell FDRE clocked by dbg_hub/inst/BSCANID.u_xsdbm_id/SWITCH_N_EXT_BSCAN.bscan_inst/SERIES7_BSCAN.bscan_inst/TCK  {rise@0.000ns fall@16.500ns period=33.000ns})
  Path Group:             dbg_hub/inst/BSCANID.u_xsdbm_id/SWITCH_N_EXT_BSCAN.bscan_inst/SERIES7_BSCAN.bscan_inst/TCK
  Path Type:              Setup (Max at Slow Process Corner)
  Requirement:            33.000ns  (dbg_hub/inst/BSCANID.u_xsdbm_id/SWITCH_N_EXT_BSCAN.bscan_inst/SERIES7_BSCAN.bscan_inst/TCK rise@33.000ns - dbg_hub/inst/BSCANID.u_xsdbm_id/SWITCH_N_EXT_BSCAN.bscan_inst/SERIES7_BSCAN.bscan_inst/TCK rise@0.000ns)
  Data Path Delay:        6.992ns  (logic 1.740ns (24.885%)  route 5.252ns (75.115%))
  Logic Levels:           6  (CARRY4=2 LUT3=1 LUT4=1 LUT5=1 LUT6=1)
  Clock Path Skew:        -0.026ns (DCD - SCD + CPR)
    Destination Clock Delay (DCD):    3.076ns = ( 36.076 - 33.000 ) 
    Source Clock Delay      (SCD):    3.511ns
    Clock Pessimism Removal (CPR):    0.409ns
  Clock Uncertainty:      0.035ns  ((TSJ^2 + TIJ^2)^1/2 + DJ) / 2 + PE
    Total System Jitter     (TSJ):    0.071ns
    Total Input Jitter      (TIJ):    0.000ns
    Discrete Jitter          (DJ):    0.000ns
    Phase Error              (PE):    0.000ns

    Location             Delay type                Incr(ns)  Path(ns)    Netlist Resource(s)
  -------------------------------------------------------------------    -------------------
                         (clock dbg_hub/inst/BSCANID.u_xsdbm_id/SWITCH_N_EXT_BSCAN.bscan_inst/SERIES7_BSCAN.bscan_inst/TCK rise edge)
                                                      0.000     0.000 r  
    BSCAN_X0Y0           BSCANE2                      0.000     0.000 r  dbg_hub/inst/BSCANID.u_xsdbm_id/SWITCH_N_EXT_BSCAN.bscan_inst/SERIES7_BSCAN.bscan_inst/TCK
                         net (fo=1, routed)           1.741     1.741    dbg_hub/inst/BSCANID.u_xsdbm_id/tck_bs
    BUFGCTRL_X0Y0        BUFG (Prop_bufg_I_O)         0.101     1.842 r  dbg_hub/inst/BSCANID.u_xsdbm_id/SWITCH_N_EXT_BSCAN.u_bufg_icon_tck/O
                         net (fo=486, routed)         1.669     3.511    dbg_hub/inst/BSCANID.u_xsdbm_id/SWITCH_N_EXT_BSCAN.bscan_switch/s_bscan_tck
    SLICE_X11Y91         FDRE                                         r  dbg_hub/inst/BSCANID.u_xsdbm_id/SWITCH_N_EXT_BSCAN.bscan_switch/state_reg[1]/C
  -------------------------------------------------------------------    -------------------
    SLICE_X11Y91         FDRE (Prop_fdre_C_Q)         0.419     3.930 r  dbg_hub/inst/BSCANID.u_xsdbm_id/SWITCH_N_EXT_BSCAN.bscan_switch/state_reg[1]/Q
                         net (fo=50, routed)          1.926     5.855    dbg_hub/inst/BSCANID.u_xsdbm_id/SWITCH_N_EXT_BSCAN.bscan_switch/state[1]
    SLICE_X18Y90         LUT4 (Prop_lut4_I3_O)        0.299     6.154 r  dbg_hub/inst/BSCANID.u_xsdbm_id/SWITCH_N_EXT_BSCAN.bscan_switch/curid_inferred_i_21/O
                         net (fo=2, routed)           1.172     7.326    dbg_hub/inst/BSCANID.u_xsdbm_id/SWITCH_N_EXT_BSCAN.bscan_switch/curid[11]
    SLICE_X16Y90         LUT6 (Prop_lut6_I3_O)        0.124     7.450 r  dbg_hub/inst/BSCANID.u_xsdbm_id/SWITCH_N_EXT_BSCAN.bscan_switch/state_temp[0]_i_11/O
                         net (fo=1, routed)           0.000     7.450    dbg_hub/inst/BSCANID.u_xsdbm_id/SWITCH_N_EXT_BSCAN.bscan_switch/state_temp[0]_i_11_n_0
    SLICE_X16Y90         CARRY4 (Prop_carry4_S[1]_CO[3])
                                                      0.533     7.983 r  dbg_hub/inst/BSCANID.u_xsdbm_id/SWITCH_N_EXT_BSCAN.bscan_switch/state_temp_reg[0]_i_4/CO[3]
                         net (fo=1, routed)           0.000     7.983    dbg_hub/inst/BSCANID.u_xsdbm_id/SWITCH_N_EXT_BSCAN.bscan_switch/state_temp_reg[0]_i_4_n_0
    SLICE_X16Y91         CARRY4 (Prop_carry4_CI_CO[3])
                                                      0.117     8.100 f  dbg_hub/inst/BSCANID.u_xsdbm_id/SWITCH_N_EXT_BSCAN.bscan_switch/state_temp_reg[0]_i_3/CO[3]
                         net (fo=4, routed)           1.525     9.625    dbg_hub/inst/BSCANID.u_xsdbm_id/SWITCH_N_EXT_BSCAN.bscan_switch/state_temp_reg[0]_i_3_n_0
    SLICE_X12Y91         LUT5 (Prop_lut5_I1_O)        0.124     9.749 r  dbg_hub/inst/BSCANID.u_xsdbm_id/SWITCH_N_EXT_BSCAN.bscan_switch/portno_temp[5]_i_2/O
                         net (fo=7, routed)           0.630    10.379    dbg_hub/inst/BSCANID.u_xsdbm_id/SWITCH_N_EXT_BSCAN.bscan_switch/portno_temp[5]_i_2_n_0
    SLICE_X12Y89         LUT3 (Prop_lut3_I1_O)        0.124    10.503 r  dbg_hub/inst/BSCANID.u_xsdbm_id/SWITCH_N_EXT_BSCAN.bscan_switch/portno_temp[5]_i_1/O
                         net (fo=1, routed)           0.000    10.503    dbg_hub/inst/BSCANID.u_xsdbm_id/SWITCH_N_EXT_BSCAN.bscan_switch/portno_temp[5]_i_1_n_0
    SLICE_X12Y89         FDRE                                         r  dbg_hub/inst/BSCANID.u_xsdbm_id/SWITCH_N_EXT_BSCAN.bscan_switch/portno_temp_reg[5]/D
  -------------------------------------------------------------------    -------------------

                         (clock dbg_hub/inst/BSCANID.u_xsdbm_id/SWITCH_N_EXT_BSCAN.bscan_inst/SERIES7_BSCAN.bscan_inst/TCK rise edge)
                                                     33.000    33.000 r  
    BSCAN_X0Y0           BSCANE2                      0.000    33.000 r  dbg_hub/inst/BSCANID.u_xsdbm_id/SWITCH_N_EXT_BSCAN.bscan_inst/SERIES7_BSCAN.bscan_inst/TCK
                         net (fo=1, routed)           1.490    34.490    dbg_hub/inst/BSCANID.u_xsdbm_id/tck_bs
    BUFGCTRL_X0Y0        BUFG (Prop_bufg_I_O)         0.091    34.581 r  dbg_hub/inst/BSCANID.u_xsdbm_id/SWITCH_N_EXT_BSCAN.u_bufg_icon_tck/O
                         net (fo=486, routed)         1.495    36.076    dbg_hub/inst/BSCANID.u_xsdbm_id/SWITCH_N_EXT_BSCAN.bscan_switch/s_bscan_tck
    SLICE_X12Y89         FDRE                                         r  dbg_hub/inst/BSCANID.u_xsdbm_id/SWITCH_N_EXT_BSCAN.bscan_switch/portno_temp_reg[5]/C
                         clock pessimism              0.409    36.485    
                         clock uncertainty           -0.035    36.450    
    SLICE_X12Y89         FDRE (Setup_fdre_C_D)        0.079    36.529    dbg_hub/inst/BSCANID.u_xsdbm_id/SWITCH_N_EXT_BSCAN.bscan_switch/portno_temp_reg[5]
  -------------------------------------------------------------------
                         required time                         36.529    
                         arrival time                         -10.503    
  -------------------------------------------------------------------
                         slack                                 26.026    

Slack (MET) :             26.358ns  (required time - arrival time)
  Source:                 dbg_hub/inst/BSCANID.u_xsdbm_id/CORE_XSDB.UUT_MASTER/U_ICON_INTERFACE/U_CMD6_RD/shift_bit_count_reg[2]/C
                            (rising edge-triggered cell FDRE clocked by dbg_hub/inst/BSCANID.u_xsdbm_id/SWITCH_N_EXT_BSCAN.bscan_inst/SERIES7_BSCAN.bscan_inst/TCK  {rise@0.000ns fall@16.500ns period=33.000ns})
  Destination:            dbg_hub/inst/BSCANID.u_xsdbm_id/CORE_XSDB.UUT_MASTER/U_ICON_INTERFACE/U_CMD6_RD/U_RD_FIFO/SUBCORE_FIFO.xsdbm_v3_0_0_rdfifo_inst/inst_fifo_gen/gconvfifo.rf/grf.rf/gntv_or_sync_fifo.mem/gdm.dm_gen.dm/gpr1.dout_i_reg[11]/CE
                            (rising edge-triggered cell FDRE clocked by dbg_hub/inst/BSCANID.u_xsdbm_id/SWITCH_N_EXT_BSCAN.bscan_inst/SERIES7_BSCAN.bscan_inst/TCK  {rise@0.000ns fall@16.500ns period=33.000ns})
  Path Group:             dbg_hub/inst/BSCANID.u_xsdbm_id/SWITCH_N_EXT_BSCAN.bscan_inst/SERIES7_BSCAN.bscan_inst/TCK
  Path Type:              Setup (Max at Slow Process Corner)
  Requirement:            33.000ns  (dbg_hub/inst/BSCANID.u_xsdbm_id/SWITCH_N_EXT_BSCAN.bscan_inst/SERIES7_BSCAN.bscan_inst/TCK rise@33.000ns - dbg_hub/inst/BSCANID.u_xsdbm_id/SWITCH_N_EXT_BSCAN.bscan_inst/SERIES7_BSCAN.bscan_inst/TCK rise@0.000ns)
  Data Path Delay:        6.294ns  (logic 0.890ns (14.140%)  route 5.404ns (85.860%))
  Logic Levels:           3  (LUT3=1 LUT4=1 LUT6=1)
  Clock Path Skew:        -0.108ns (DCD - SCD + CPR)
    Destination Clock Delay (DCD):    3.068ns = ( 36.068 - 33.000 ) 
    Source Clock Delay      (SCD):    3.551ns
    Clock Pessimism Removal (CPR):    0.375ns
  Clock Uncertainty:      0.035ns  ((TSJ^2 + TIJ^2)^1/2 + DJ) / 2 + PE
    Total System Jitter     (TSJ):    0.071ns
    Total Input Jitter      (TIJ):    0.000ns
    Discrete Jitter          (DJ):    0.000ns
    Phase Error              (PE):    0.000ns

    Location             Delay type                Incr(ns)  Path(ns)    Netlist Resource(s)
  -------------------------------------------------------------------    -------------------
                         (clock dbg_hub/inst/BSCANID.u_xsdbm_id/SWITCH_N_EXT_BSCAN.bscan_inst/SERIES7_BSCAN.bscan_inst/TCK rise edge)
                                                      0.000     0.000 r  
    BSCAN_X0Y0           BSCANE2                      0.000     0.000 r  dbg_hub/inst/BSCANID.u_xsdbm_id/SWITCH_N_EXT_BSCAN.bscan_inst/SERIES7_BSCAN.bscan_inst/TCK
                         net (fo=1, routed)           1.741     1.741    dbg_hub/inst/BSCANID.u_xsdbm_id/tck_bs
    BUFGCTRL_X0Y0        BUFG (Prop_bufg_I_O)         0.101     1.842 r  dbg_hub/inst/BSCANID.u_xsdbm_id/SWITCH_N_EXT_BSCAN.u_bufg_icon_tck/O
                         net (fo=486, routed)         1.709     3.551    dbg_hub/inst/BSCANID.u_xsdbm_id/CORE_XSDB.UUT_MASTER/U_ICON_INTERFACE/U_CMD6_RD/m_bscan_tck[0]
    SLICE_X4Y83          FDRE                                         r  dbg_hub/inst/BSCANID.u_xsdbm_id/CORE_XSDB.UUT_MASTER/U_ICON_INTERFACE/U_CMD6_RD/shift_bit_count_reg[2]/C
  -------------------------------------------------------------------    -------------------
    SLICE_X4Y83          FDRE (Prop_fdre_C_Q)         0.518     4.069 f  dbg_hub/inst/BSCANID.u_xsdbm_id/CORE_XSDB.UUT_MASTER/U_ICON_INTERFACE/U_CMD6_RD/shift_bit_count_reg[2]/Q
                         net (fo=3, routed)           0.870     4.939    dbg_hub/inst/BSCANID.u_xsdbm_id/CORE_XSDB.UUT_MASTER/U_ICON_INTERFACE/U_CMD6_RD/U_RD_FIFO/shift_reg_in_reg[14]_0[2]
    SLICE_X4Y83          LUT6 (Prop_lut6_I2_O)        0.124     5.063 r  dbg_hub/inst/BSCANID.u_xsdbm_id/CORE_XSDB.UUT_MASTER/U_ICON_INTERFACE/U_CMD6_RD/U_RD_FIFO/SUBCORE_FIFO.xsdbm_v3_0_0_rdfifo_inst_i_3/O
                         net (fo=17, routed)          1.293     6.356    dbg_hub/inst/BSCANID.u_xsdbm_id/CORE_XSDB.UUT_MASTER/U_ICON_INTERFACE/U_CMD6_RD/U_RD_FIFO/SUBCORE_FIFO.xsdbm_v3_0_0_rdfifo_inst_i_3_n_0
    SLICE_X11Y83         LUT3 (Prop_lut3_I0_O)        0.124     6.480 r  dbg_hub/inst/BSCANID.u_xsdbm_id/CORE_XSDB.UUT_MASTER/U_ICON_INTERFACE/U_CMD6_RD/U_RD_FIFO/SUBCORE_FIFO.xsdbm_v3_0_0_rdfifo_inst_i_2/O
                         net (fo=9, routed)           1.740     8.220    dbg_hub/inst/BSCANID.u_xsdbm_id/CORE_XSDB.UUT_MASTER/U_ICON_INTERFACE/U_CMD6_RD/U_RD_FIFO/SUBCORE_FIFO.xsdbm_v3_0_0_rdfifo_inst/inst_fifo_gen/gconvfifo.rf/grf.rf/gntv_or_sync_fifo.gl0.rd/gr1.gr1_int.rfwft/rd_en
    SLICE_X4Y84          LUT4 (Prop_lut4_I1_O)        0.124     8.344 r  dbg_hub/inst/BSCANID.u_xsdbm_id/CORE_XSDB.UUT_MASTER/U_ICON_INTERFACE/U_CMD6_RD/U_RD_FIFO/SUBCORE_FIFO.xsdbm_v3_0_0_rdfifo_inst/inst_fifo_gen/gconvfifo.rf/grf.rf/gntv_or_sync_fifo.gl0.rd/gr1.gr1_int.rfwft/gc0.count_d1[3]_i_1/O
                         net (fo=24, routed)          1.501     9.845    dbg_hub/inst/BSCANID.u_xsdbm_id/CORE_XSDB.UUT_MASTER/U_ICON_INTERFACE/U_CMD6_RD/U_RD_FIFO/SUBCORE_FIFO.xsdbm_v3_0_0_rdfifo_inst/inst_fifo_gen/gconvfifo.rf/grf.rf/gntv_or_sync_fifo.mem/gdm.dm_gen.dm/gpr1.dout_i_reg[0]_0[0]
    SLICE_X11Y81         FDRE                                         r  dbg_hub/inst/BSCANID.u_xsdbm_id/CORE_XSDB.UUT_MASTER/U_ICON_INTERFACE/U_CMD6_RD/U_RD_FIFO/SUBCORE_FIFO.xsdbm_v3_0_0_rdfifo_inst/inst_fifo_gen/gconvfifo.rf/grf.rf/gntv_or_sync_fifo.mem/gdm.dm_gen.dm/gpr1.dout_i_reg[11]/CE
  -------------------------------------------------------------------    -------------------

                         (clock dbg_hub/inst/BSCANID.u_xsdbm_id/SWITCH_N_EXT_BSCAN.bscan_inst/SERIES7_BSCAN.bscan_inst/TCK rise edge)
                                                     33.000    33.000 r  
    BSCAN_X0Y0           BSCANE2                      0.000    33.000 r  dbg_hub/inst/BSCANID.u_xsdbm_id/SWITCH_N_EXT_BSCAN.bscan_inst/SERIES7_BSCAN.bscan_inst/TCK
                         net (fo=1, routed)           1.490    34.490    dbg_hub/inst/BSCANID.u_xsdbm_id/tck_bs
    BUFGCTRL_X0Y0        BUFG (Prop_bufg_I_O)         0.091    34.581 r  dbg_hub/inst/BSCANID.u_xsdbm_id/SWITCH_N_EXT_BSCAN.u_bufg_icon_tck/O
                         net (fo=486, routed)         1.487    36.068    dbg_hub/inst/BSCANID.u_xsdbm_id/CORE_XSDB.UUT_MASTER/U_ICON_INTERFACE/U_CMD6_RD/U_RD_FIFO/SUBCORE_FIFO.xsdbm_v3_0_0_rdfifo_inst/inst_fifo_gen/gconvfifo.rf/grf.rf/gntv_or_sync_fifo.mem/gdm.dm_gen.dm/rd_clk
    SLICE_X11Y81         FDRE                                         r  dbg_hub/inst/BSCANID.u_xsdbm_id/CORE_XSDB.UUT_MASTER/U_ICON_INTERFACE/U_CMD6_RD/U_RD_FIFO/SUBCORE_FIFO.xsdbm_v3_0_0_rdfifo_inst/inst_fifo_gen/gconvfifo.rf/grf.rf/gntv_or_sync_fifo.mem/gdm.dm_gen.dm/gpr1.dout_i_reg[11]/C
                         clock pessimism              0.375    36.443    
                         clock uncertainty           -0.035    36.408    
    SLICE_X11Y81         FDRE (Setup_fdre_C_CE)      -0.205    36.203    dbg_hub/inst/BSCANID.u_xsdbm_id/CORE_XSDB.UUT_MASTER/U_ICON_INTERFACE/U_CMD6_RD/U_RD_FIFO/SUBCORE_FIFO.xsdbm_v3_0_0_rdfifo_inst/inst_fifo_gen/gconvfifo.rf/grf.rf/gntv_or_sync_fifo.mem/gdm.dm_gen.dm/gpr1.dout_i_reg[11]
  -------------------------------------------------------------------
                         required time                         36.203    
                         arrival time                          -9.845    
  -------------------------------------------------------------------
                         slack                                 26.358    

Slack (MET) :             26.358ns  (required time - arrival time)
  Source:                 dbg_hub/inst/BSCANID.u_xsdbm_id/CORE_XSDB.UUT_MASTER/U_ICON_INTERFACE/U_CMD6_RD/shift_bit_count_reg[2]/C
                            (rising edge-triggered cell FDRE clocked by dbg_hub/inst/BSCANID.u_xsdbm_id/SWITCH_N_EXT_BSCAN.bscan_inst/SERIES7_BSCAN.bscan_inst/TCK  {rise@0.000ns fall@16.500ns period=33.000ns})
  Destination:            dbg_hub/inst/BSCANID.u_xsdbm_id/CORE_XSDB.UUT_MASTER/U_ICON_INTERFACE/U_CMD6_RD/U_RD_FIFO/SUBCORE_FIFO.xsdbm_v3_0_0_rdfifo_inst/inst_fifo_gen/gconvfifo.rf/grf.rf/gntv_or_sync_fifo.mem/gdm.dm_gen.dm/gpr1.dout_i_reg[1]/CE
                            (rising edge-triggered cell FDRE clocked by dbg_hub/inst/BSCANID.u_xsdbm_id/SWITCH_N_EXT_BSCAN.bscan_inst/SERIES7_BSCAN.bscan_inst/TCK  {rise@0.000ns fall@16.500ns period=33.000ns})
  Path Group:             dbg_hub/inst/BSCANID.u_xsdbm_id/SWITCH_N_EXT_BSCAN.bscan_inst/SERIES7_BSCAN.bscan_inst/TCK
  Path Type:              Setup (Max at Slow Process Corner)
  Requirement:            33.000ns  (dbg_hub/inst/BSCANID.u_xsdbm_id/SWITCH_N_EXT_BSCAN.bscan_inst/SERIES7_BSCAN.bscan_inst/TCK rise@33.000ns - dbg_hub/inst/BSCANID.u_xsdbm_id/SWITCH_N_EXT_BSCAN.bscan_inst/SERIES7_BSCAN.bscan_inst/TCK rise@0.000ns)
  Data Path Delay:        6.294ns  (logic 0.890ns (14.140%)  route 5.404ns (85.860%))
  Logic Levels:           3  (LUT3=1 LUT4=1 LUT6=1)
  Clock Path Skew:        -0.108ns (DCD - SCD + CPR)
    Destination Clock Delay (DCD):    3.068ns = ( 36.068 - 33.000 ) 
    Source Clock Delay      (SCD):    3.551ns
    Clock Pessimism Removal (CPR):    0.375ns
  Clock Uncertainty:      0.035ns  ((TSJ^2 + TIJ^2)^1/2 + DJ) / 2 + PE
    Total System Jitter     (TSJ):    0.071ns
    Total Input Jitter      (TIJ):    0.000ns
    Discrete Jitter          (DJ):    0.000ns
    Phase Error              (PE):    0.000ns

    Location             Delay type                Incr(ns)  Path(ns)    Netlist Resource(s)
  -------------------------------------------------------------------    -------------------
                         (clock dbg_hub/inst/BSCANID.u_xsdbm_id/SWITCH_N_EXT_BSCAN.bscan_inst/SERIES7_BSCAN.bscan_inst/TCK rise edge)
                                                      0.000     0.000 r  
    BSCAN_X0Y0           BSCANE2                      0.000     0.000 r  dbg_hub/inst/BSCANID.u_xsdbm_id/SWITCH_N_EXT_BSCAN.bscan_inst/SERIES7_BSCAN.bscan_inst/TCK
                         net (fo=1, routed)           1.741     1.741    dbg_hub/inst/BSCANID.u_xsdbm_id/tck_bs
    BUFGCTRL_X0Y0        BUFG (Prop_bufg_I_O)         0.101     1.842 r  dbg_hub/inst/BSCANID.u_xsdbm_id/SWITCH_N_EXT_BSCAN.u_bufg_icon_tck/O
                         net (fo=486, routed)         1.709     3.551    dbg_hub/inst/BSCANID.u_xsdbm_id/CORE_XSDB.UUT_MASTER/U_ICON_INTERFACE/U_CMD6_RD/m_bscan_tck[0]
    SLICE_X4Y83          FDRE                                         r  dbg_hub/inst/BSCANID.u_xsdbm_id/CORE_XSDB.UUT_MASTER/U_ICON_INTERFACE/U_CMD6_RD/shift_bit_count_reg[2]/C
  -------------------------------------------------------------------    -------------------
    SLICE_X4Y83          FDRE (Prop_fdre_C_Q)         0.518     4.069 f  dbg_hub/inst/BSCANID.u_xsdbm_id/CORE_XSDB.UUT_MASTER/U_ICON_INTERFACE/U_CMD6_RD/shift_bit_count_reg[2]/Q
                         net (fo=3, routed)           0.870     4.939    dbg_hub/inst/BSCANID.u_xsdbm_id/CORE_XSDB.UUT_MASTER/U_ICON_INTERFACE/U_CMD6_RD/U_RD_FIFO/shift_reg_in_reg[14]_0[2]
    SLICE_X4Y83          LUT6 (Prop_lut6_I2_O)        0.124     5.063 r  dbg_hub/inst/BSCANID.u_xsdbm_id/CORE_XSDB.UUT_MASTER/U_ICON_INTERFACE/U_CMD6_RD/U_RD_FIFO/SUBCORE_FIFO.xsdbm_v3_0_0_rdfifo_inst_i_3/O
                         net (fo=17, routed)          1.293     6.356    dbg_hub/inst/BSCANID.u_xsdbm_id/CORE_XSDB.UUT_MASTER/U_ICON_INTERFACE/U_CMD6_RD/U_RD_FIFO/SUBCORE_FIFO.xsdbm_v3_0_0_rdfifo_inst_i_3_n_0
    SLICE_X11Y83         LUT3 (Prop_lut3_I0_O)        0.124     6.480 r  dbg_hub/inst/BSCANID.u_xsdbm_id/CORE_XSDB.UUT_MASTER/U_ICON_INTERFACE/U_CMD6_RD/U_RD_FIFO/SUBCORE_FIFO.xsdbm_v3_0_0_rdfifo_inst_i_2/O
                         net (fo=9, routed)           1.740     8.220    dbg_hub/inst/BSCANID.u_xsdbm_id/CORE_XSDB.UUT_MASTER/U_ICON_INTERFACE/U_CMD6_RD/U_RD_FIFO/SUBCORE_FIFO.xsdbm_v3_0_0_rdfifo_inst/inst_fifo_gen/gconvfifo.rf/grf.rf/gntv_or_sync_fifo.gl0.rd/gr1.gr1_int.rfwft/rd_en
    SLICE_X4Y84          LUT4 (Prop_lut4_I1_O)        0.124     8.344 r  dbg_hub/inst/BSCANID.u_xsdbm_id/CORE_XSDB.UUT_MASTER/U_ICON_INTERFACE/U_CMD6_RD/U_RD_FIFO/SUBCORE_FIFO.xsdbm_v3_0_0_rdfifo_inst/inst_fifo_gen/gconvfifo.rf/grf.rf/gntv_or_sync_fifo.gl0.rd/gr1.gr1_int.rfwft/gc0.count_d1[3]_i_1/O
                         net (fo=24, routed)          1.501     9.845    dbg_hub/inst/BSCANID.u_xsdbm_id/CORE_XSDB.UUT_MASTER/U_ICON_INTERFACE/U_CMD6_RD/U_RD_FIFO/SUBCORE_FIFO.xsdbm_v3_0_0_rdfifo_inst/inst_fifo_gen/gconvfifo.rf/grf.rf/gntv_or_sync_fifo.mem/gdm.dm_gen.dm/gpr1.dout_i_reg[0]_0[0]
    SLICE_X11Y81         FDRE                                         r  dbg_hub/inst/BSCANID.u_xsdbm_id/CORE_XSDB.UUT_MASTER/U_ICON_INTERFACE/U_CMD6_RD/U_RD_FIFO/SUBCORE_FIFO.xsdbm_v3_0_0_rdfifo_inst/inst_fifo_gen/gconvfifo.rf/grf.rf/gntv_or_sync_fifo.mem/gdm.dm_gen.dm/gpr1.dout_i_reg[1]/CE
  -------------------------------------------------------------------    -------------------

                         (clock dbg_hub/inst/BSCANID.u_xsdbm_id/SWITCH_N_EXT_BSCAN.bscan_inst/SERIES7_BSCAN.bscan_inst/TCK rise edge)
                                                     33.000    33.000 r  
    BSCAN_X0Y0           BSCANE2                      0.000    33.000 r  dbg_hub/inst/BSCANID.u_xsdbm_id/SWITCH_N_EXT_BSCAN.bscan_inst/SERIES7_BSCAN.bscan_inst/TCK
                         net (fo=1, routed)           1.490    34.490    dbg_hub/inst/BSCANID.u_xsdbm_id/tck_bs
    BUFGCTRL_X0Y0        BUFG (Prop_bufg_I_O)         0.091    34.581 r  dbg_hub/inst/BSCANID.u_xsdbm_id/SWITCH_N_EXT_BSCAN.u_bufg_icon_tck/O
                         net (fo=486, routed)         1.487    36.068    dbg_hub/inst/BSCANID.u_xsdbm_id/CORE_XSDB.UUT_MASTER/U_ICON_INTERFACE/U_CMD6_RD/U_RD_FIFO/SUBCORE_FIFO.xsdbm_v3_0_0_rdfifo_inst/inst_fifo_gen/gconvfifo.rf/grf.rf/gntv_or_sync_fifo.mem/gdm.dm_gen.dm/rd_clk
    SLICE_X11Y81         FDRE                                         r  dbg_hub/inst/BSCANID.u_xsdbm_id/CORE_XSDB.UUT_MASTER/U_ICON_INTERFACE/U_CMD6_RD/U_RD_FIFO/SUBCORE_FIFO.xsdbm_v3_0_0_rdfifo_inst/inst_fifo_gen/gconvfifo.rf/grf.rf/gntv_or_sync_fifo.mem/gdm.dm_gen.dm/gpr1.dout_i_reg[1]/C
                         clock pessimism              0.375    36.443    
                         clock uncertainty           -0.035    36.408    
    SLICE_X11Y81         FDRE (Setup_fdre_C_CE)      -0.205    36.203    dbg_hub/inst/BSCANID.u_xsdbm_id/CORE_XSDB.UUT_MASTER/U_ICON_INTERFACE/U_CMD6_RD/U_RD_FIFO/SUBCORE_FIFO.xsdbm_v3_0_0_rdfifo_inst/inst_fifo_gen/gconvfifo.rf/grf.rf/gntv_or_sync_fifo.mem/gdm.dm_gen.dm/gpr1.dout_i_reg[1]
  -------------------------------------------------------------------
                         required time                         36.203    
                         arrival time                          -9.845    
  -------------------------------------------------------------------
                         slack                                 26.358    

Slack (MET) :             26.358ns  (required time - arrival time)
  Source:                 dbg_hub/inst/BSCANID.u_xsdbm_id/CORE_XSDB.UUT_MASTER/U_ICON_INTERFACE/U_CMD6_RD/shift_bit_count_reg[2]/C
                            (rising edge-triggered cell FDRE clocked by dbg_hub/inst/BSCANID.u_xsdbm_id/SWITCH_N_EXT_BSCAN.bscan_inst/SERIES7_BSCAN.bscan_inst/TCK  {rise@0.000ns fall@16.500ns period=33.000ns})
  Destination:            dbg_hub/inst/BSCANID.u_xsdbm_id/CORE_XSDB.UUT_MASTER/U_ICON_INTERFACE/U_CMD6_RD/U_RD_FIFO/SUBCORE_FIFO.xsdbm_v3_0_0_rdfifo_inst/inst_fifo_gen/gconvfifo.rf/grf.rf/gntv_or_sync_fifo.mem/gdm.dm_gen.dm/gpr1.dout_i_reg[2]/CE
                            (rising edge-triggered cell FDRE clocked by dbg_hub/inst/BSCANID.u_xsdbm_id/SWITCH_N_EXT_BSCAN.bscan_inst/SERIES7_BSCAN.bscan_inst/TCK  {rise@0.000ns fall@16.500ns period=33.000ns})
  Path Group:             dbg_hub/inst/BSCANID.u_xsdbm_id/SWITCH_N_EXT_BSCAN.bscan_inst/SERIES7_BSCAN.bscan_inst/TCK
  Path Type:              Setup (Max at Slow Process Corner)
  Requirement:            33.000ns  (dbg_hub/inst/BSCANID.u_xsdbm_id/SWITCH_N_EXT_BSCAN.bscan_inst/SERIES7_BSCAN.bscan_inst/TCK rise@33.000ns - dbg_hub/inst/BSCANID.u_xsdbm_id/SWITCH_N_EXT_BSCAN.bscan_inst/SERIES7_BSCAN.bscan_inst/TCK rise@0.000ns)
  Data Path Delay:        6.294ns  (logic 0.890ns (14.140%)  route 5.404ns (85.860%))
  Logic Levels:           3  (LUT3=1 LUT4=1 LUT6=1)
  Clock Path Skew:        -0.108ns (DCD - SCD + CPR)
    Destination Clock Delay (DCD):    3.068ns = ( 36.068 - 33.000 ) 
    Source Clock Delay      (SCD):    3.551ns
    Clock Pessimism Removal (CPR):    0.375ns
  Clock Uncertainty:      0.035ns  ((TSJ^2 + TIJ^2)^1/2 + DJ) / 2 + PE
    Total System Jitter     (TSJ):    0.071ns
    Total Input Jitter      (TIJ):    0.000ns
    Discrete Jitter          (DJ):    0.000ns
    Phase Error              (PE):    0.000ns

    Location             Delay type                Incr(ns)  Path(ns)    Netlist Resource(s)
  -------------------------------------------------------------------    -------------------
                         (clock dbg_hub/inst/BSCANID.u_xsdbm_id/SWITCH_N_EXT_BSCAN.bscan_inst/SERIES7_BSCAN.bscan_inst/TCK rise edge)
                                                      0.000     0.000 r  
    BSCAN_X0Y0           BSCANE2                      0.000     0.000 r  dbg_hub/inst/BSCANID.u_xsdbm_id/SWITCH_N_EXT_BSCAN.bscan_inst/SERIES7_BSCAN.bscan_inst/TCK
                         net (fo=1, routed)           1.741     1.741    dbg_hub/inst/BSCANID.u_xsdbm_id/tck_bs
    BUFGCTRL_X0Y0        BUFG (Prop_bufg_I_O)         0.101     1.842 r  dbg_hub/inst/BSCANID.u_xsdbm_id/SWITCH_N_EXT_BSCAN.u_bufg_icon_tck/O
                         net (fo=486, routed)         1.709     3.551    dbg_hub/inst/BSCANID.u_xsdbm_id/CORE_XSDB.UUT_MASTER/U_ICON_INTERFACE/U_CMD6_RD/m_bscan_tck[0]
    SLICE_X4Y83          FDRE                                         r  dbg_hub/inst/BSCANID.u_xsdbm_id/CORE_XSDB.UUT_MASTER/U_ICON_INTERFACE/U_CMD6_RD/shift_bit_count_reg[2]/C
  -------------------------------------------------------------------    -------------------
    SLICE_X4Y83          FDRE (Prop_fdre_C_Q)         0.518     4.069 f  dbg_hub/inst/BSCANID.u_xsdbm_id/CORE_XSDB.UUT_MASTER/U_ICON_INTERFACE/U_CMD6_RD/shift_bit_count_reg[2]/Q
                         net (fo=3, routed)           0.870     4.939    dbg_hub/inst/BSCANID.u_xsdbm_id/CORE_XSDB.UUT_MASTER/U_ICON_INTERFACE/U_CMD6_RD/U_RD_FIFO/shift_reg_in_reg[14]_0[2]
    SLICE_X4Y83          LUT6 (Prop_lut6_I2_O)        0.124     5.063 r  dbg_hub/inst/BSCANID.u_xsdbm_id/CORE_XSDB.UUT_MASTER/U_ICON_INTERFACE/U_CMD6_RD/U_RD_FIFO/SUBCORE_FIFO.xsdbm_v3_0_0_rdfifo_inst_i_3/O
                         net (fo=17, routed)          1.293     6.356    dbg_hub/inst/BSCANID.u_xsdbm_id/CORE_XSDB.UUT_MASTER/U_ICON_INTERFACE/U_CMD6_RD/U_RD_FIFO/SUBCORE_FIFO.xsdbm_v3_0_0_rdfifo_inst_i_3_n_0
    SLICE_X11Y83         LUT3 (Prop_lut3_I0_O)        0.124     6.480 r  dbg_hub/inst/BSCANID.u_xsdbm_id/CORE_XSDB.UUT_MASTER/U_ICON_INTERFACE/U_CMD6_RD/U_RD_FIFO/SUBCORE_FIFO.xsdbm_v3_0_0_rdfifo_inst_i_2/O
                         net (fo=9, routed)           1.740     8.220    dbg_hub/inst/BSCANID.u_xsdbm_id/CORE_XSDB.UUT_MASTER/U_ICON_INTERFACE/U_CMD6_RD/U_RD_FIFO/SUBCORE_FIFO.xsdbm_v3_0_0_rdfifo_inst/inst_fifo_gen/gconvfifo.rf/grf.rf/gntv_or_sync_fifo.gl0.rd/gr1.gr1_int.rfwft/rd_en
    SLICE_X4Y84          LUT4 (Prop_lut4_I1_O)        0.124     8.344 r  dbg_hub/inst/BSCANID.u_xsdbm_id/CORE_XSDB.UUT_MASTER/U_ICON_INTERFACE/U_CMD6_RD/U_RD_FIFO/SUBCORE_FIFO.xsdbm_v3_0_0_rdfifo_inst/inst_fifo_gen/gconvfifo.rf/grf.rf/gntv_or_sync_fifo.gl0.rd/gr1.gr1_int.rfwft/gc0.count_d1[3]_i_1/O
                         net (fo=24, routed)          1.501     9.845    dbg_hub/inst/BSCANID.u_xsdbm_id/CORE_XSDB.UUT_MASTER/U_ICON_INTERFACE/U_CMD6_RD/U_RD_FIFO/SUBCORE_FIFO.xsdbm_v3_0_0_rdfifo_inst/inst_fifo_gen/gconvfifo.rf/grf.rf/gntv_or_sync_fifo.mem/gdm.dm_gen.dm/gpr1.dout_i_reg[0]_0[0]
    SLICE_X11Y81         FDRE                                         r  dbg_hub/inst/BSCANID.u_xsdbm_id/CORE_XSDB.UUT_MASTER/U_ICON_INTERFACE/U_CMD6_RD/U_RD_FIFO/SUBCORE_FIFO.xsdbm_v3_0_0_rdfifo_inst/inst_fifo_gen/gconvfifo.rf/grf.rf/gntv_or_sync_fifo.mem/gdm.dm_gen.dm/gpr1.dout_i_reg[2]/CE
  -------------------------------------------------------------------    -------------------

                         (clock dbg_hub/inst/BSCANID.u_xsdbm_id/SWITCH_N_EXT_BSCAN.bscan_inst/SERIES7_BSCAN.bscan_inst/TCK rise edge)
                                                     33.000    33.000 r  
    BSCAN_X0Y0           BSCANE2                      0.000    33.000 r  dbg_hub/inst/BSCANID.u_xsdbm_id/SWITCH_N_EXT_BSCAN.bscan_inst/SERIES7_BSCAN.bscan_inst/TCK
                         net (fo=1, routed)           1.490    34.490    dbg_hub/inst/BSCANID.u_xsdbm_id/tck_bs
    BUFGCTRL_X0Y0        BUFG (Prop_bufg_I_O)         0.091    34.581 r  dbg_hub/inst/BSCANID.u_xsdbm_id/SWITCH_N_EXT_BSCAN.u_bufg_icon_tck/O
                         net (fo=486, routed)         1.487    36.068    dbg_hub/inst/BSCANID.u_xsdbm_id/CORE_XSDB.UUT_MASTER/U_ICON_INTERFACE/U_CMD6_RD/U_RD_FIFO/SUBCORE_FIFO.xsdbm_v3_0_0_rdfifo_inst/inst_fifo_gen/gconvfifo.rf/grf.rf/gntv_or_sync_fifo.mem/gdm.dm_gen.dm/rd_clk
    SLICE_X11Y81         FDRE                                         r  dbg_hub/inst/BSCANID.u_xsdbm_id/CORE_XSDB.UUT_MASTER/U_ICON_INTERFACE/U_CMD6_RD/U_RD_FIFO/SUBCORE_FIFO.xsdbm_v3_0_0_rdfifo_inst/inst_fifo_gen/gconvfifo.rf/grf.rf/gntv_or_sync_fifo.mem/gdm.dm_gen.dm/gpr1.dout_i_reg[2]/C
                         clock pessimism              0.375    36.443    
                         clock uncertainty           -0.035    36.408    
    SLICE_X11Y81         FDRE (Setup_fdre_C_CE)      -0.205    36.203    dbg_hub/inst/BSCANID.u_xsdbm_id/CORE_XSDB.UUT_MASTER/U_ICON_INTERFACE/U_CMD6_RD/U_RD_FIFO/SUBCORE_FIFO.xsdbm_v3_0_0_rdfifo_inst/inst_fifo_gen/gconvfifo.rf/grf.rf/gntv_or_sync_fifo.mem/gdm.dm_gen.dm/gpr1.dout_i_reg[2]
  -------------------------------------------------------------------
                         required time                         36.203    
                         arrival time                          -9.845    
  -------------------------------------------------------------------
                         slack                                 26.358    





Min Delay Paths
--------------------------------------------------------------------------------------
Slack (MET) :             0.068ns  (arrival time - required time)
  Source:                 dbg_hub/inst/BSCANID.u_xsdbm_id/CORE_XSDB.UUT_MASTER/U_ICON_INTERFACE/U_CMD4/icn_cmd_din_temp_reg/C
                            (rising edge-triggered cell FDRE clocked by dbg_hub/inst/BSCANID.u_xsdbm_id/SWITCH_N_EXT_BSCAN.bscan_inst/SERIES7_BSCAN.bscan_inst/TCK  {rise@0.000ns fall@16.500ns period=33.000ns})
  Destination:            dbg_hub/inst/BSCANID.u_xsdbm_id/CORE_XSDB.UUT_MASTER/U_ICON_INTERFACE/U_CMD4/shift_reg_in_reg[27]/D
                            (rising edge-triggered cell FDRE clocked by dbg_hub/inst/BSCANID.u_xsdbm_id/SWITCH_N_EXT_BSCAN.bscan_inst/SERIES7_BSCAN.bscan_inst/TCK  {rise@0.000ns fall@16.500ns period=33.000ns})
  Path Group:             dbg_hub/inst/BSCANID.u_xsdbm_id/SWITCH_N_EXT_BSCAN.bscan_inst/SERIES7_BSCAN.bscan_inst/TCK
  Path Type:              Hold (Min at Fast Process Corner)
  Requirement:            0.000ns  (dbg_hub/inst/BSCANID.u_xsdbm_id/SWITCH_N_EXT_BSCAN.bscan_inst/SERIES7_BSCAN.bscan_inst/TCK rise@0.000ns - dbg_hub/inst/BSCANID.u_xsdbm_id/SWITCH_N_EXT_BSCAN.bscan_inst/SERIES7_BSCAN.bscan_inst/TCK rise@0.000ns)
  Data Path Delay:        0.377ns  (logic 0.164ns (43.483%)  route 0.213ns (56.517%))
  Logic Levels:           0  
  Clock Path Skew:        0.262ns (DCD - SCD - CPR)
    Destination Clock Delay (DCD):    1.643ns
    Source Clock Delay      (SCD):    1.267ns
    Clock Pessimism Removal (CPR):    0.114ns

    Location             Delay type                Incr(ns)  Path(ns)    Netlist Resource(s)
  -------------------------------------------------------------------    -------------------
                         (clock dbg_hub/inst/BSCANID.u_xsdbm_id/SWITCH_N_EXT_BSCAN.bscan_inst/SERIES7_BSCAN.bscan_inst/TCK rise edge)
                                                      0.000     0.000 r  
    BSCAN_X0Y0           BSCANE2                      0.000     0.000 r  dbg_hub/inst/BSCANID.u_xsdbm_id/SWITCH_N_EXT_BSCAN.bscan_inst/SERIES7_BSCAN.bscan_inst/TCK
                         net (fo=1, routed)           0.688     0.688    dbg_hub/inst/BSCANID.u_xsdbm_id/tck_bs
    BUFGCTRL_X0Y0        BUFG (Prop_bufg_I_O)         0.026     0.714 r  dbg_hub/inst/BSCANID.u_xsdbm_id/SWITCH_N_EXT_BSCAN.u_bufg_icon_tck/O
                         net (fo=486, routed)         0.553     1.267    dbg_hub/inst/BSCANID.u_xsdbm_id/CORE_XSDB.UUT_MASTER/U_ICON_INTERFACE/U_CMD4/m_bscan_tck[0]
    SLICE_X20Y83         FDRE                                         r  dbg_hub/inst/BSCANID.u_xsdbm_id/CORE_XSDB.UUT_MASTER/U_ICON_INTERFACE/U_CMD4/icn_cmd_din_temp_reg/C
  -------------------------------------------------------------------    -------------------
    SLICE_X20Y83         FDRE (Prop_fdre_C_Q)         0.164     1.431 r  dbg_hub/inst/BSCANID.u_xsdbm_id/CORE_XSDB.UUT_MASTER/U_ICON_INTERFACE/U_CMD4/icn_cmd_din_temp_reg/Q
                         net (fo=1, routed)           0.213     1.644    dbg_hub/inst/BSCANID.u_xsdbm_id/CORE_XSDB.UUT_MASTER/U_ICON_INTERFACE/U_CMD4/icn_cmd_din_temp
    SLICE_X22Y83         FDRE                                         r  dbg_hub/inst/BSCANID.u_xsdbm_id/CORE_XSDB.UUT_MASTER/U_ICON_INTERFACE/U_CMD4/shift_reg_in_reg[27]/D
  -------------------------------------------------------------------    -------------------

                         (clock dbg_hub/inst/BSCANID.u_xsdbm_id/SWITCH_N_EXT_BSCAN.bscan_inst/SERIES7_BSCAN.bscan_inst/TCK rise edge)
                                                      0.000     0.000 r  
    BSCAN_X0Y0           BSCANE2                      0.000     0.000 r  dbg_hub/inst/BSCANID.u_xsdbm_id/SWITCH_N_EXT_BSCAN.bscan_inst/SERIES7_BSCAN.bscan_inst/TCK
                         net (fo=1, routed)           0.794     0.794    dbg_hub/inst/BSCANID.u_xsdbm_id/tck_bs
    BUFGCTRL_X0Y0        BUFG (Prop_bufg_I_O)         0.029     0.823 r  dbg_hub/inst/BSCANID.u_xsdbm_id/SWITCH_N_EXT_BSCAN.u_bufg_icon_tck/O
                         net (fo=486, routed)         0.820     1.643    dbg_hub/inst/BSCANID.u_xsdbm_id/CORE_XSDB.UUT_MASTER/U_ICON_INTERFACE/U_CMD4/m_bscan_tck[0]
    SLICE_X22Y83         FDRE                                         r  dbg_hub/inst/BSCANID.u_xsdbm_id/CORE_XSDB.UUT_MASTER/U_ICON_INTERFACE/U_CMD4/shift_reg_in_reg[27]/C
                         clock pessimism             -0.114     1.529    
    SLICE_X22Y83         FDRE (Hold_fdre_C_D)         0.047     1.576    dbg_hub/inst/BSCANID.u_xsdbm_id/CORE_XSDB.UUT_MASTER/U_ICON_INTERFACE/U_CMD4/shift_reg_in_reg[27]
  -------------------------------------------------------------------
                         required time                         -1.576    
                         arrival time                           1.644    
  -------------------------------------------------------------------
                         slack                                  0.068    

Slack (MET) :             0.092ns  (arrival time - required time)
  Source:                 dbg_hub/inst/BSCANID.u_xsdbm_id/CORE_XSDB.UUT_MASTER/U_ICON_INTERFACE/U_CMD6_WR/shift_reg_in_reg[13]/C
                            (rising edge-triggered cell FDCE clocked by dbg_hub/inst/BSCANID.u_xsdbm_id/SWITCH_N_EXT_BSCAN.bscan_inst/SERIES7_BSCAN.bscan_inst/TCK  {rise@0.000ns fall@16.500ns period=33.000ns})
  Destination:            dbg_hub/inst/BSCANID.u_xsdbm_id/CORE_XSDB.UUT_MASTER/U_ICON_INTERFACE/U_CMD6_WR/U_WR_FIFO/SUBCORE_FIFO.xsdbm_v3_0_0_wrfifo_inst/inst_fifo_gen/gconvfifo.rf/grf.rf/gntv_or_sync_fifo.mem/gdm.dm_gen.dm/RAM_reg_0_15_12_15/RAMA/I
                            (rising edge-triggered cell RAMD32 clocked by dbg_hub/inst/BSCANID.u_xsdbm_id/SWITCH_N_EXT_BSCAN.bscan_inst/SERIES7_BSCAN.bscan_inst/TCK  {rise@0.000ns fall@16.500ns period=33.000ns})
  Path Group:             dbg_hub/inst/BSCANID.u_xsdbm_id/SWITCH_N_EXT_BSCAN.bscan_inst/SERIES7_BSCAN.bscan_inst/TCK
  Path Type:              Hold (Min at Fast Process Corner)
  Requirement:            0.000ns  (dbg_hub/inst/BSCANID.u_xsdbm_id/SWITCH_N_EXT_BSCAN.bscan_inst/SERIES7_BSCAN.bscan_inst/TCK rise@0.000ns - dbg_hub/inst/BSCANID.u_xsdbm_id/SWITCH_N_EXT_BSCAN.bscan_inst/SERIES7_BSCAN.bscan_inst/TCK rise@0.000ns)
  Data Path Delay:        0.252ns  (logic 0.141ns (55.869%)  route 0.111ns (44.131%))
  Logic Levels:           0  
  Clock Path Skew:        0.013ns (DCD - SCD - CPR)
    Destination Clock Delay (DCD):    1.645ns
    Source Clock Delay      (SCD):    1.270ns
    Clock Pessimism Removal (CPR):    0.362ns

    Location             Delay type                Incr(ns)  Path(ns)    Netlist Resource(s)
  -------------------------------------------------------------------    -------------------
                         (clock dbg_hub/inst/BSCANID.u_xsdbm_id/SWITCH_N_EXT_BSCAN.bscan_inst/SERIES7_BSCAN.bscan_inst/TCK rise edge)
                                                      0.000     0.000 r  
    BSCAN_X0Y0           BSCANE2                      0.000     0.000 r  dbg_hub/inst/BSCANID.u_xsdbm_id/SWITCH_N_EXT_BSCAN.bscan_inst/SERIES7_BSCAN.bscan_inst/TCK
                         net (fo=1, routed)           0.688     0.688    dbg_hub/inst/BSCANID.u_xsdbm_id/tck_bs
    BUFGCTRL_X0Y0        BUFG (Prop_bufg_I_O)         0.026     0.714 r  dbg_hub/inst/BSCANID.u_xsdbm_id/SWITCH_N_EXT_BSCAN.u_bufg_icon_tck/O
                         net (fo=486, routed)         0.556     1.270    dbg_hub/inst/BSCANID.u_xsdbm_id/CORE_XSDB.UUT_MASTER/U_ICON_INTERFACE/U_CMD6_WR/m_bscan_tck[0]
    SLICE_X11Y80         FDCE                                         r  dbg_hub/inst/BSCANID.u_xsdbm_id/CORE_XSDB.UUT_MASTER/U_ICON_INTERFACE/U_CMD6_WR/shift_reg_in_reg[13]/C
  -------------------------------------------------------------------    -------------------
    SLICE_X11Y80         FDCE (Prop_fdce_C_Q)         0.141     1.411 r  dbg_hub/inst/BSCANID.u_xsdbm_id/CORE_XSDB.UUT_MASTER/U_ICON_INTERFACE/U_CMD6_WR/shift_reg_in_reg[13]/Q
                         net (fo=2, routed)           0.111     1.522    dbg_hub/inst/BSCANID.u_xsdbm_id/CORE_XSDB.UUT_MASTER/U_ICON_INTERFACE/U_CMD6_WR/U_WR_FIFO/SUBCORE_FIFO.xsdbm_v3_0_0_wrfifo_inst/inst_fifo_gen/gconvfifo.rf/grf.rf/gntv_or_sync_fifo.mem/gdm.dm_gen.dm/RAM_reg_0_15_12_15/DIA0
    SLICE_X12Y79         RAMD32                                       r  dbg_hub/inst/BSCANID.u_xsdbm_id/CORE_XSDB.UUT_MASTER/U_ICON_INTERFACE/U_CMD6_WR/U_WR_FIFO/SUBCORE_FIFO.xsdbm_v3_0_0_wrfifo_inst/inst_fifo_gen/gconvfifo.rf/grf.rf/gntv_or_sync_fifo.mem/gdm.dm_gen.dm/RAM_reg_0_15_12_15/RAMA/I
  -------------------------------------------------------------------    -------------------

                         (clock dbg_hub/inst/BSCANID.u_xsdbm_id/SWITCH_N_EXT_BSCAN.bscan_inst/SERIES7_BSCAN.bscan_inst/TCK rise edge)
                                                      0.000     0.000 r  
    BSCAN_X0Y0           BSCANE2                      0.000     0.000 r  dbg_hub/inst/BSCANID.u_xsdbm_id/SWITCH_N_EXT_BSCAN.bscan_inst/SERIES7_BSCAN.bscan_inst/TCK
                         net (fo=1, routed)           0.794     0.794    dbg_hub/inst/BSCANID.u_xsdbm_id/tck_bs
    BUFGCTRL_X0Y0        BUFG (Prop_bufg_I_O)         0.029     0.823 r  dbg_hub/inst/BSCANID.u_xsdbm_id/SWITCH_N_EXT_BSCAN.u_bufg_icon_tck/O
                         net (fo=486, routed)         0.822     1.645    dbg_hub/inst/BSCANID.u_xsdbm_id/CORE_XSDB.UUT_MASTER/U_ICON_INTERFACE/U_CMD6_WR/U_WR_FIFO/SUBCORE_FIFO.xsdbm_v3_0_0_wrfifo_inst/inst_fifo_gen/gconvfifo.rf/grf.rf/gntv_or_sync_fifo.mem/gdm.dm_gen.dm/RAM_reg_0_15_12_15/WCLK
    SLICE_X12Y79         RAMD32                                       r  dbg_hub/inst/BSCANID.u_xsdbm_id/CORE_XSDB.UUT_MASTER/U_ICON_INTERFACE/U_CMD6_WR/U_WR_FIFO/SUBCORE_FIFO.xsdbm_v3_0_0_wrfifo_inst/inst_fifo_gen/gconvfifo.rf/grf.rf/gntv_or_sync_fifo.mem/gdm.dm_gen.dm/RAM_reg_0_15_12_15/RAMA/CLK
                         clock pessimism             -0.362     1.283    
    SLICE_X12Y79         RAMD32 (Hold_ramd32_CLK_I)
                                                      0.147     1.430    dbg_hub/inst/BSCANID.u_xsdbm_id/CORE_XSDB.UUT_MASTER/U_ICON_INTERFACE/U_CMD6_WR/U_WR_FIFO/SUBCORE_FIFO.xsdbm_v3_0_0_wrfifo_inst/inst_fifo_gen/gconvfifo.rf/grf.rf/gntv_or_sync_fifo.mem/gdm.dm_gen.dm/RAM_reg_0_15_12_15/RAMA
  -------------------------------------------------------------------
                         required time                         -1.430    
                         arrival time                           1.522    
  -------------------------------------------------------------------
                         slack                                  0.092    

Slack (MET) :             0.093ns  (arrival time - required time)
  Source:                 dbg_hub/inst/BSCANID.u_xsdbm_id/CORE_XSDB.UUT_MASTER/U_ICON_INTERFACE/U_CMD6_WR/shift_reg_in_reg[1]/C
                            (rising edge-triggered cell FDCE clocked by dbg_hub/inst/BSCANID.u_xsdbm_id/SWITCH_N_EXT_BSCAN.bscan_inst/SERIES7_BSCAN.bscan_inst/TCK  {rise@0.000ns fall@16.500ns period=33.000ns})
  Destination:            dbg_hub/inst/BSCANID.u_xsdbm_id/CORE_XSDB.UUT_MASTER/U_ICON_INTERFACE/U_CMD6_WR/U_WR_FIFO/SUBCORE_FIFO.xsdbm_v3_0_0_wrfifo_inst/inst_fifo_gen/gconvfifo.rf/grf.rf/gntv_or_sync_fifo.mem/gdm.dm_gen.dm/RAM_reg_0_15_0_5/RAMA/I
                            (rising edge-triggered cell RAMD32 clocked by dbg_hub/inst/BSCANID.u_xsdbm_id/SWITCH_N_EXT_BSCAN.bscan_inst/SERIES7_BSCAN.bscan_inst/TCK  {rise@0.000ns fall@16.500ns period=33.000ns})
  Path Group:             dbg_hub/inst/BSCANID.u_xsdbm_id/SWITCH_N_EXT_BSCAN.bscan_inst/SERIES7_BSCAN.bscan_inst/TCK
  Path Type:              Hold (Min at Fast Process Corner)
  Requirement:            0.000ns  (dbg_hub/inst/BSCANID.u_xsdbm_id/SWITCH_N_EXT_BSCAN.bscan_inst/SERIES7_BSCAN.bscan_inst/TCK rise@0.000ns - dbg_hub/inst/BSCANID.u_xsdbm_id/SWITCH_N_EXT_BSCAN.bscan_inst/SERIES7_BSCAN.bscan_inst/TCK rise@0.000ns)
  Data Path Delay:        0.254ns  (logic 0.141ns (55.481%)  route 0.113ns (44.519%))
  Logic Levels:           0  
  Clock Path Skew:        0.014ns (DCD - SCD - CPR)
    Destination Clock Delay (DCD):    1.644ns
    Source Clock Delay      (SCD):    1.268ns
    Clock Pessimism Removal (CPR):    0.362ns

    Location             Delay type                Incr(ns)  Path(ns)    Netlist Resource(s)
  -------------------------------------------------------------------    -------------------
                         (clock dbg_hub/inst/BSCANID.u_xsdbm_id/SWITCH_N_EXT_BSCAN.bscan_inst/SERIES7_BSCAN.bscan_inst/TCK rise edge)
                                                      0.000     0.000 r  
    BSCAN_X0Y0           BSCANE2                      0.000     0.000 r  dbg_hub/inst/BSCANID.u_xsdbm_id/SWITCH_N_EXT_BSCAN.bscan_inst/SERIES7_BSCAN.bscan_inst/TCK
                         net (fo=1, routed)           0.688     0.688    dbg_hub/inst/BSCANID.u_xsdbm_id/tck_bs
    BUFGCTRL_X0Y0        BUFG (Prop_bufg_I_O)         0.026     0.714 r  dbg_hub/inst/BSCANID.u_xsdbm_id/SWITCH_N_EXT_BSCAN.u_bufg_icon_tck/O
                         net (fo=486, routed)         0.554     1.268    dbg_hub/inst/BSCANID.u_xsdbm_id/CORE_XSDB.UUT_MASTER/U_ICON_INTERFACE/U_CMD6_WR/m_bscan_tck[0]
    SLICE_X11Y78         FDCE                                         r  dbg_hub/inst/BSCANID.u_xsdbm_id/CORE_XSDB.UUT_MASTER/U_ICON_INTERFACE/U_CMD6_WR/shift_reg_in_reg[1]/C
  -------------------------------------------------------------------    -------------------
    SLICE_X11Y78         FDCE (Prop_fdce_C_Q)         0.141     1.409 r  dbg_hub/inst/BSCANID.u_xsdbm_id/CORE_XSDB.UUT_MASTER/U_ICON_INTERFACE/U_CMD6_WR/shift_reg_in_reg[1]/Q
                         net (fo=2, routed)           0.113     1.522    dbg_hub/inst/BSCANID.u_xsdbm_id/CORE_XSDB.UUT_MASTER/U_ICON_INTERFACE/U_CMD6_WR/U_WR_FIFO/SUBCORE_FIFO.xsdbm_v3_0_0_wrfifo_inst/inst_fifo_gen/gconvfifo.rf/grf.rf/gntv_or_sync_fifo.mem/gdm.dm_gen.dm/RAM_reg_0_15_0_5/DIA0
    SLICE_X12Y78         RAMD32                                       r  dbg_hub/inst/BSCANID.u_xsdbm_id/CORE_XSDB.UUT_MASTER/U_ICON_INTERFACE/U_CMD6_WR/U_WR_FIFO/SUBCORE_FIFO.xsdbm_v3_0_0_wrfifo_inst/inst_fifo_gen/gconvfifo.rf/grf.rf/gntv_or_sync_fifo.mem/gdm.dm_gen.dm/RAM_reg_0_15_0_5/RAMA/I
  -------------------------------------------------------------------    -------------------

                         (clock dbg_hub/inst/BSCANID.u_xsdbm_id/SWITCH_N_EXT_BSCAN.bscan_inst/SERIES7_BSCAN.bscan_inst/TCK rise edge)
                                                      0.000     0.000 r  
    BSCAN_X0Y0           BSCANE2                      0.000     0.000 r  dbg_hub/inst/BSCANID.u_xsdbm_id/SWITCH_N_EXT_BSCAN.bscan_inst/SERIES7_BSCAN.bscan_inst/TCK
                         net (fo=1, routed)           0.794     0.794    dbg_hub/inst/BSCANID.u_xsdbm_id/tck_bs
    BUFGCTRL_X0Y0        BUFG (Prop_bufg_I_O)         0.029     0.823 r  dbg_hub/inst/BSCANID.u_xsdbm_id/SWITCH_N_EXT_BSCAN.u_bufg_icon_tck/O
                         net (fo=486, routed)         0.821     1.644    dbg_hub/inst/BSCANID.u_xsdbm_id/CORE_XSDB.UUT_MASTER/U_ICON_INTERFACE/U_CMD6_WR/U_WR_FIFO/SUBCORE_FIFO.xsdbm_v3_0_0_wrfifo_inst/inst_fifo_gen/gconvfifo.rf/grf.rf/gntv_or_sync_fifo.mem/gdm.dm_gen.dm/RAM_reg_0_15_0_5/WCLK
    SLICE_X12Y78         RAMD32                                       r  dbg_hub/inst/BSCANID.u_xsdbm_id/CORE_XSDB.UUT_MASTER/U_ICON_INTERFACE/U_CMD6_WR/U_WR_FIFO/SUBCORE_FIFO.xsdbm_v3_0_0_wrfifo_inst/inst_fifo_gen/gconvfifo.rf/grf.rf/gntv_or_sync_fifo.mem/gdm.dm_gen.dm/RAM_reg_0_15_0_5/RAMA/CLK
                         clock pessimism             -0.362     1.282    
    SLICE_X12Y78         RAMD32 (Hold_ramd32_CLK_I)
                                                      0.147     1.429    dbg_hub/inst/BSCANID.u_xsdbm_id/CORE_XSDB.UUT_MASTER/U_ICON_INTERFACE/U_CMD6_WR/U_WR_FIFO/SUBCORE_FIFO.xsdbm_v3_0_0_wrfifo_inst/inst_fifo_gen/gconvfifo.rf/grf.rf/gntv_or_sync_fifo.mem/gdm.dm_gen.dm/RAM_reg_0_15_0_5/RAMA
  -------------------------------------------------------------------
                         required time                         -1.429    
                         arrival time                           1.522    
  -------------------------------------------------------------------
                         slack                                  0.093    

Slack (MET) :             0.119ns  (arrival time - required time)
  Source:                 dbg_hub/inst/BSCANID.u_xsdbm_id/CORE_XSDB.UUT_MASTER/U_ICON_INTERFACE/U_CMD6_RD/U_RD_FIFO/SUBCORE_FIFO.xsdbm_v3_0_0_rdfifo_inst/inst_fifo_gen/gconvfifo.rf/grf.rf/gntv_or_sync_fifo.gcx.clkx/gnxpm_cdc.gsync_stage[1].rd_stg_inst/Q_reg_reg[3]/C
                            (rising edge-triggered cell FDCE clocked by dbg_hub/inst/BSCANID.u_xsdbm_id/SWITCH_N_EXT_BSCAN.bscan_inst/SERIES7_BSCAN.bscan_inst/TCK  {rise@0.000ns fall@16.500ns period=33.000ns})
  Destination:            dbg_hub/inst/BSCANID.u_xsdbm_id/CORE_XSDB.UUT_MASTER/U_ICON_INTERFACE/U_CMD6_RD/U_RD_FIFO/SUBCORE_FIFO.xsdbm_v3_0_0_rdfifo_inst/inst_fifo_gen/gconvfifo.rf/grf.rf/gntv_or_sync_fifo.gcx.clkx/gnxpm_cdc.gsync_stage[2].rd_stg_inst/Q_reg_reg[3]/D
                            (rising edge-triggered cell FDCE clocked by dbg_hub/inst/BSCANID.u_xsdbm_id/SWITCH_N_EXT_BSCAN.bscan_inst/SERIES7_BSCAN.bscan_inst/TCK  {rise@0.000ns fall@16.500ns period=33.000ns})
  Path Group:             dbg_hub/inst/BSCANID.u_xsdbm_id/SWITCH_N_EXT_BSCAN.bscan_inst/SERIES7_BSCAN.bscan_inst/TCK
  Path Type:              Hold (Min at Fast Process Corner)
  Requirement:            0.000ns  (dbg_hub/inst/BSCANID.u_xsdbm_id/SWITCH_N_EXT_BSCAN.bscan_inst/SERIES7_BSCAN.bscan_inst/TCK rise@0.000ns - dbg_hub/inst/BSCANID.u_xsdbm_id/SWITCH_N_EXT_BSCAN.bscan_inst/SERIES7_BSCAN.bscan_inst/TCK rise@0.000ns)
  Data Path Delay:        0.197ns  (logic 0.141ns (71.611%)  route 0.056ns (28.389%))
  Logic Levels:           0  
  Clock Path Skew:        0.000ns (DCD - SCD - CPR)
    Destination Clock Delay (DCD):    1.650ns
    Source Clock Delay      (SCD):    1.274ns
    Clock Pessimism Removal (CPR):    0.376ns

    Location             Delay type                Incr(ns)  Path(ns)    Netlist Resource(s)
  -------------------------------------------------------------------    -------------------
                         (clock dbg_hub/inst/BSCANID.u_xsdbm_id/SWITCH_N_EXT_BSCAN.bscan_inst/SERIES7_BSCAN.bscan_inst/TCK rise edge)
                                                      0.000     0.000 r  
    BSCAN_X0Y0           BSCANE2                      0.000     0.000 r  dbg_hub/inst/BSCANID.u_xsdbm_id/SWITCH_N_EXT_BSCAN.bscan_inst/SERIES7_BSCAN.bscan_inst/TCK
                         net (fo=1, routed)           0.688     0.688    dbg_hub/inst/BSCANID.u_xsdbm_id/tck_bs
    BUFGCTRL_X0Y0        BUFG (Prop_bufg_I_O)         0.026     0.714 r  dbg_hub/inst/BSCANID.u_xsdbm_id/SWITCH_N_EXT_BSCAN.u_bufg_icon_tck/O
                         net (fo=486, routed)         0.560     1.274    dbg_hub/inst/BSCANID.u_xsdbm_id/CORE_XSDB.UUT_MASTER/U_ICON_INTERFACE/U_CMD6_RD/U_RD_FIFO/SUBCORE_FIFO.xsdbm_v3_0_0_rdfifo_inst/inst_fifo_gen/gconvfifo.rf/grf.rf/gntv_or_sync_fifo.gcx.clkx/gnxpm_cdc.gsync_stage[1].rd_stg_inst/rd_clk
    SLICE_X7Y84          FDCE                                         r  dbg_hub/inst/BSCANID.u_xsdbm_id/CORE_XSDB.UUT_MASTER/U_ICON_INTERFACE/U_CMD6_RD/U_RD_FIFO/SUBCORE_FIFO.xsdbm_v3_0_0_rdfifo_inst/inst_fifo_gen/gconvfifo.rf/grf.rf/gntv_or_sync_fifo.gcx.clkx/gnxpm_cdc.gsync_stage[1].rd_stg_inst/Q_reg_reg[3]/C
  -------------------------------------------------------------------    -------------------
    SLICE_X7Y84          FDCE (Prop_fdce_C_Q)         0.141     1.415 r  dbg_hub/inst/BSCANID.u_xsdbm_id/CORE_XSDB.UUT_MASTER/U_ICON_INTERFACE/U_CMD6_RD/U_RD_FIFO/SUBCORE_FIFO.xsdbm_v3_0_0_rdfifo_inst/inst_fifo_gen/gconvfifo.rf/grf.rf/gntv_or_sync_fifo.gcx.clkx/gnxpm_cdc.gsync_stage[1].rd_stg_inst/Q_reg_reg[3]/Q
                         net (fo=1, routed)           0.056     1.471    dbg_hub/inst/BSCANID.u_xsdbm_id/CORE_XSDB.UUT_MASTER/U_ICON_INTERFACE/U_CMD6_RD/U_RD_FIFO/SUBCORE_FIFO.xsdbm_v3_0_0_rdfifo_inst/inst_fifo_gen/gconvfifo.rf/grf.rf/gntv_or_sync_fifo.gcx.clkx/gnxpm_cdc.gsync_stage[2].rd_stg_inst/Q_reg_reg[3]_0[3]
    SLICE_X7Y84          FDCE                                         r  dbg_hub/inst/BSCANID.u_xsdbm_id/CORE_XSDB.UUT_MASTER/U_ICON_INTERFACE/U_CMD6_RD/U_RD_FIFO/SUBCORE_FIFO.xsdbm_v3_0_0_rdfifo_inst/inst_fifo_gen/gconvfifo.rf/grf.rf/gntv_or_sync_fifo.gcx.clkx/gnxpm_cdc.gsync_stage[2].rd_stg_inst/Q_reg_reg[3]/D
  -------------------------------------------------------------------    -------------------

                         (clock dbg_hub/inst/BSCANID.u_xsdbm_id/SWITCH_N_EXT_BSCAN.bscan_inst/SERIES7_BSCAN.bscan_inst/TCK rise edge)
                                                      0.000     0.000 r  
    BSCAN_X0Y0           BSCANE2                      0.000     0.000 r  dbg_hub/inst/BSCANID.u_xsdbm_id/SWITCH_N_EXT_BSCAN.bscan_inst/SERIES7_BSCAN.bscan_inst/TCK
                         net (fo=1, routed)           0.794     0.794    dbg_hub/inst/BSCANID.u_xsdbm_id/tck_bs
    BUFGCTRL_X0Y0        BUFG (Prop_bufg_I_O)         0.029     0.823 r  dbg_hub/inst/BSCANID.u_xsdbm_id/SWITCH_N_EXT_BSCAN.u_bufg_icon_tck/O
                         net (fo=486, routed)         0.827     1.650    dbg_hub/inst/BSCANID.u_xsdbm_id/CORE_XSDB.UUT_MASTER/U_ICON_INTERFACE/U_CMD6_RD/U_RD_FIFO/SUBCORE_FIFO.xsdbm_v3_0_0_rdfifo_inst/inst_fifo_gen/gconvfifo.rf/grf.rf/gntv_or_sync_fifo.gcx.clkx/gnxpm_cdc.gsync_stage[2].rd_stg_inst/rd_clk
    SLICE_X7Y84          FDCE                                         r  dbg_hub/inst/BSCANID.u_xsdbm_id/CORE_XSDB.UUT_MASTER/U_ICON_INTERFACE/U_CMD6_RD/U_RD_FIFO/SUBCORE_FIFO.xsdbm_v3_0_0_rdfifo_inst/inst_fifo_gen/gconvfifo.rf/grf.rf/gntv_or_sync_fifo.gcx.clkx/gnxpm_cdc.gsync_stage[2].rd_stg_inst/Q_reg_reg[3]/C
                         clock pessimism             -0.376     1.274    
    SLICE_X7Y84          FDCE (Hold_fdce_C_D)         0.078     1.352    dbg_hub/inst/BSCANID.u_xsdbm_id/CORE_XSDB.UUT_MASTER/U_ICON_INTERFACE/U_CMD6_RD/U_RD_FIFO/SUBCORE_FIFO.xsdbm_v3_0_0_rdfifo_inst/inst_fifo_gen/gconvfifo.rf/grf.rf/gntv_or_sync_fifo.gcx.clkx/gnxpm_cdc.gsync_stage[2].rd_stg_inst/Q_reg_reg[3]
  -------------------------------------------------------------------
                         required time                         -1.352    
                         arrival time                           1.471    
  -------------------------------------------------------------------
                         slack                                  0.119    

Slack (MET) :             0.121ns  (arrival time - required time)
  Source:                 dbg_hub/inst/BSCANID.u_xsdbm_id/CORE_XSDB.UUT_MASTER/U_ICON_INTERFACE/U_CMD6_RD/U_RD_FIFO/SUBCORE_FIFO.xsdbm_v3_0_0_rdfifo_inst/inst_fifo_gen/gconvfifo.rf/grf.rf/gntv_or_sync_fifo.gcx.clkx/gnxpm_cdc.gsync_stage[1].rd_stg_inst/Q_reg_reg[2]/C
                            (rising edge-triggered cell FDCE clocked by dbg_hub/inst/BSCANID.u_xsdbm_id/SWITCH_N_EXT_BSCAN.bscan_inst/SERIES7_BSCAN.bscan_inst/TCK  {rise@0.000ns fall@16.500ns period=33.000ns})
  Destination:            dbg_hub/inst/BSCANID.u_xsdbm_id/CORE_XSDB.UUT_MASTER/U_ICON_INTERFACE/U_CMD6_RD/U_RD_FIFO/SUBCORE_FIFO.xsdbm_v3_0_0_rdfifo_inst/inst_fifo_gen/gconvfifo.rf/grf.rf/gntv_or_sync_fifo.gcx.clkx/gnxpm_cdc.gsync_stage[2].rd_stg_inst/Q_reg_reg[2]/D
                            (rising edge-triggered cell FDCE clocked by dbg_hub/inst/BSCANID.u_xsdbm_id/SWITCH_N_EXT_BSCAN.bscan_inst/SERIES7_BSCAN.bscan_inst/TCK  {rise@0.000ns fall@16.500ns period=33.000ns})
  Path Group:             dbg_hub/inst/BSCANID.u_xsdbm_id/SWITCH_N_EXT_BSCAN.bscan_inst/SERIES7_BSCAN.bscan_inst/TCK
  Path Type:              Hold (Min at Fast Process Corner)
  Requirement:            0.000ns  (dbg_hub/inst/BSCANID.u_xsdbm_id/SWITCH_N_EXT_BSCAN.bscan_inst/SERIES7_BSCAN.bscan_inst/TCK rise@0.000ns - dbg_hub/inst/BSCANID.u_xsdbm_id/SWITCH_N_EXT_BSCAN.bscan_inst/SERIES7_BSCAN.bscan_inst/TCK rise@0.000ns)
  Data Path Delay:        0.197ns  (logic 0.141ns (71.611%)  route 0.056ns (28.389%))
  Logic Levels:           0  
  Clock Path Skew:        0.000ns (DCD - SCD - CPR)
    Destination Clock Delay (DCD):    1.650ns
    Source Clock Delay      (SCD):    1.274ns
    Clock Pessimism Removal (CPR):    0.376ns

    Location             Delay type                Incr(ns)  Path(ns)    Netlist Resource(s)
  -------------------------------------------------------------------    -------------------
                         (clock dbg_hub/inst/BSCANID.u_xsdbm_id/SWITCH_N_EXT_BSCAN.bscan_inst/SERIES7_BSCAN.bscan_inst/TCK rise edge)
                                                      0.000     0.000 r  
    BSCAN_X0Y0           BSCANE2                      0.000     0.000 r  dbg_hub/inst/BSCANID.u_xsdbm_id/SWITCH_N_EXT_BSCAN.bscan_inst/SERIES7_BSCAN.bscan_inst/TCK
                         net (fo=1, routed)           0.688     0.688    dbg_hub/inst/BSCANID.u_xsdbm_id/tck_bs
    BUFGCTRL_X0Y0        BUFG (Prop_bufg_I_O)         0.026     0.714 r  dbg_hub/inst/BSCANID.u_xsdbm_id/SWITCH_N_EXT_BSCAN.u_bufg_icon_tck/O
                         net (fo=486, routed)         0.560     1.274    dbg_hub/inst/BSCANID.u_xsdbm_id/CORE_XSDB.UUT_MASTER/U_ICON_INTERFACE/U_CMD6_RD/U_RD_FIFO/SUBCORE_FIFO.xsdbm_v3_0_0_rdfifo_inst/inst_fifo_gen/gconvfifo.rf/grf.rf/gntv_or_sync_fifo.gcx.clkx/gnxpm_cdc.gsync_stage[1].rd_stg_inst/rd_clk
    SLICE_X7Y84          FDCE                                         r  dbg_hub/inst/BSCANID.u_xsdbm_id/CORE_XSDB.UUT_MASTER/U_ICON_INTERFACE/U_CMD6_RD/U_RD_FIFO/SUBCORE_FIFO.xsdbm_v3_0_0_rdfifo_inst/inst_fifo_gen/gconvfifo.rf/grf.rf/gntv_or_sync_fifo.gcx.clkx/gnxpm_cdc.gsync_stage[1].rd_stg_inst/Q_reg_reg[2]/C
  -------------------------------------------------------------------    -------------------
    SLICE_X7Y84          FDCE (Prop_fdce_C_Q)         0.141     1.415 r  dbg_hub/inst/BSCANID.u_xsdbm_id/CORE_XSDB.UUT_MASTER/U_ICON_INTERFACE/U_CMD6_RD/U_RD_FIFO/SUBCORE_FIFO.xsdbm_v3_0_0_rdfifo_inst/inst_fifo_gen/gconvfifo.rf/grf.rf/gntv_or_sync_fifo.gcx.clkx/gnxpm_cdc.gsync_stage[1].rd_stg_inst/Q_reg_reg[2]/Q
                         net (fo=1, routed)           0.056     1.471    dbg_hub/inst/BSCANID.u_xsdbm_id/CORE_XSDB.UUT_MASTER/U_ICON_INTERFACE/U_CMD6_RD/U_RD_FIFO/SUBCORE_FIFO.xsdbm_v3_0_0_rdfifo_inst/inst_fifo_gen/gconvfifo.rf/grf.rf/gntv_or_sync_fifo.gcx.clkx/gnxpm_cdc.gsync_stage[2].rd_stg_inst/Q_reg_reg[3]_0[2]
    SLICE_X7Y84          FDCE                                         r  dbg_hub/inst/BSCANID.u_xsdbm_id/CORE_XSDB.UUT_MASTER/U_ICON_INTERFACE/U_CMD6_RD/U_RD_FIFO/SUBCORE_FIFO.xsdbm_v3_0_0_rdfifo_inst/inst_fifo_gen/gconvfifo.rf/grf.rf/gntv_or_sync_fifo.gcx.clkx/gnxpm_cdc.gsync_stage[2].rd_stg_inst/Q_reg_reg[2]/D
  -------------------------------------------------------------------    -------------------

                         (clock dbg_hub/inst/BSCANID.u_xsdbm_id/SWITCH_N_EXT_BSCAN.bscan_inst/SERIES7_BSCAN.bscan_inst/TCK rise edge)
                                                      0.000     0.000 r  
    BSCAN_X0Y0           BSCANE2                      0.000     0.000 r  dbg_hub/inst/BSCANID.u_xsdbm_id/SWITCH_N_EXT_BSCAN.bscan_inst/SERIES7_BSCAN.bscan_inst/TCK
                         net (fo=1, routed)           0.794     0.794    dbg_hub/inst/BSCANID.u_xsdbm_id/tck_bs
    BUFGCTRL_X0Y0        BUFG (Prop_bufg_I_O)         0.029     0.823 r  dbg_hub/inst/BSCANID.u_xsdbm_id/SWITCH_N_EXT_BSCAN.u_bufg_icon_tck/O
                         net (fo=486, routed)         0.827     1.650    dbg_hub/inst/BSCANID.u_xsdbm_id/CORE_XSDB.UUT_MASTER/U_ICON_INTERFACE/U_CMD6_RD/U_RD_FIFO/SUBCORE_FIFO.xsdbm_v3_0_0_rdfifo_inst/inst_fifo_gen/gconvfifo.rf/grf.rf/gntv_or_sync_fifo.gcx.clkx/gnxpm_cdc.gsync_stage[2].rd_stg_inst/rd_clk
    SLICE_X7Y84          FDCE                                         r  dbg_hub/inst/BSCANID.u_xsdbm_id/CORE_XSDB.UUT_MASTER/U_ICON_INTERFACE/U_CMD6_RD/U_RD_FIFO/SUBCORE_FIFO.xsdbm_v3_0_0_rdfifo_inst/inst_fifo_gen/gconvfifo.rf/grf.rf/gntv_or_sync_fifo.gcx.clkx/gnxpm_cdc.gsync_stage[2].rd_stg_inst/Q_reg_reg[2]/C
                         clock pessimism             -0.376     1.274    
    SLICE_X7Y84          FDCE (Hold_fdce_C_D)         0.076     1.350    dbg_hub/inst/BSCANID.u_xsdbm_id/CORE_XSDB.UUT_MASTER/U_ICON_INTERFACE/U_CMD6_RD/U_RD_FIFO/SUBCORE_FIFO.xsdbm_v3_0_0_rdfifo_inst/inst_fifo_gen/gconvfifo.rf/grf.rf/gntv_or_sync_fifo.gcx.clkx/gnxpm_cdc.gsync_stage[2].rd_stg_inst/Q_reg_reg[2]
  -------------------------------------------------------------------
                         required time                         -1.350    
                         arrival time                           1.471    
  -------------------------------------------------------------------
                         slack                                  0.121    

Slack (MET) :             0.122ns  (arrival time - required time)
  Source:                 dbg_hub/inst/BSCANID.u_xsdbm_id/CORE_XSDB.UUT_MASTER/U_ICON_INTERFACE/U_CMD6_RD/U_RD_FIFO/SUBCORE_FIFO.xsdbm_v3_0_0_rdfifo_inst/inst_fifo_gen/gconvfifo.rf/grf.rf/gntv_or_sync_fifo.gcx.clkx/gnxpm_cdc.gsync_stage[1].rd_stg_inst/Q_reg_reg[0]/C
                            (rising edge-triggered cell FDCE clocked by dbg_hub/inst/BSCANID.u_xsdbm_id/SWITCH_N_EXT_BSCAN.bscan_inst/SERIES7_BSCAN.bscan_inst/TCK  {rise@0.000ns fall@16.500ns period=33.000ns})
  Destination:            dbg_hub/inst/BSCANID.u_xsdbm_id/CORE_XSDB.UUT_MASTER/U_ICON_INTERFACE/U_CMD6_RD/U_RD_FIFO/SUBCORE_FIFO.xsdbm_v3_0_0_rdfifo_inst/inst_fifo_gen/gconvfifo.rf/grf.rf/gntv_or_sync_fifo.gcx.clkx/gnxpm_cdc.gsync_stage[2].rd_stg_inst/Q_reg_reg[0]/D
                            (rising edge-triggered cell FDCE clocked by dbg_hub/inst/BSCANID.u_xsdbm_id/SWITCH_N_EXT_BSCAN.bscan_inst/SERIES7_BSCAN.bscan_inst/TCK  {rise@0.000ns fall@16.500ns period=33.000ns})
  Path Group:             dbg_hub/inst/BSCANID.u_xsdbm_id/SWITCH_N_EXT_BSCAN.bscan_inst/SERIES7_BSCAN.bscan_inst/TCK
  Path Type:              Hold (Min at Fast Process Corner)
  Requirement:            0.000ns  (dbg_hub/inst/BSCANID.u_xsdbm_id/SWITCH_N_EXT_BSCAN.bscan_inst/SERIES7_BSCAN.bscan_inst/TCK rise@0.000ns - dbg_hub/inst/BSCANID.u_xsdbm_id/SWITCH_N_EXT_BSCAN.bscan_inst/SERIES7_BSCAN.bscan_inst/TCK rise@0.000ns)
  Data Path Delay:        0.197ns  (logic 0.141ns (71.611%)  route 0.056ns (28.389%))
  Logic Levels:           0  
  Clock Path Skew:        0.000ns (DCD - SCD - CPR)
    Destination Clock Delay (DCD):    1.650ns
    Source Clock Delay      (SCD):    1.274ns
    Clock Pessimism Removal (CPR):    0.376ns

    Location             Delay type                Incr(ns)  Path(ns)    Netlist Resource(s)
  -------------------------------------------------------------------    -------------------
                         (clock dbg_hub/inst/BSCANID.u_xsdbm_id/SWITCH_N_EXT_BSCAN.bscan_inst/SERIES7_BSCAN.bscan_inst/TCK rise edge)
                                                      0.000     0.000 r  
    BSCAN_X0Y0           BSCANE2                      0.000     0.000 r  dbg_hub/inst/BSCANID.u_xsdbm_id/SWITCH_N_EXT_BSCAN.bscan_inst/SERIES7_BSCAN.bscan_inst/TCK
                         net (fo=1, routed)           0.688     0.688    dbg_hub/inst/BSCANID.u_xsdbm_id/tck_bs
    BUFGCTRL_X0Y0        BUFG (Prop_bufg_I_O)         0.026     0.714 r  dbg_hub/inst/BSCANID.u_xsdbm_id/SWITCH_N_EXT_BSCAN.u_bufg_icon_tck/O
                         net (fo=486, routed)         0.560     1.274    dbg_hub/inst/BSCANID.u_xsdbm_id/CORE_XSDB.UUT_MASTER/U_ICON_INTERFACE/U_CMD6_RD/U_RD_FIFO/SUBCORE_FIFO.xsdbm_v3_0_0_rdfifo_inst/inst_fifo_gen/gconvfifo.rf/grf.rf/gntv_or_sync_fifo.gcx.clkx/gnxpm_cdc.gsync_stage[1].rd_stg_inst/rd_clk
    SLICE_X7Y84          FDCE                                         r  dbg_hub/inst/BSCANID.u_xsdbm_id/CORE_XSDB.UUT_MASTER/U_ICON_INTERFACE/U_CMD6_RD/U_RD_FIFO/SUBCORE_FIFO.xsdbm_v3_0_0_rdfifo_inst/inst_fifo_gen/gconvfifo.rf/grf.rf/gntv_or_sync_fifo.gcx.clkx/gnxpm_cdc.gsync_stage[1].rd_stg_inst/Q_reg_reg[0]/C
  -------------------------------------------------------------------    -------------------
    SLICE_X7Y84          FDCE (Prop_fdce_C_Q)         0.141     1.415 r  dbg_hub/inst/BSCANID.u_xsdbm_id/CORE_XSDB.UUT_MASTER/U_ICON_INTERFACE/U_CMD6_RD/U_RD_FIFO/SUBCORE_FIFO.xsdbm_v3_0_0_rdfifo_inst/inst_fifo_gen/gconvfifo.rf/grf.rf/gntv_or_sync_fifo.gcx.clkx/gnxpm_cdc.gsync_stage[1].rd_stg_inst/Q_reg_reg[0]/Q
                         net (fo=1, routed)           0.056     1.471    dbg_hub/inst/BSCANID.u_xsdbm_id/CORE_XSDB.UUT_MASTER/U_ICON_INTERFACE/U_CMD6_RD/U_RD_FIFO/SUBCORE_FIFO.xsdbm_v3_0_0_rdfifo_inst/inst_fifo_gen/gconvfifo.rf/grf.rf/gntv_or_sync_fifo.gcx.clkx/gnxpm_cdc.gsync_stage[2].rd_stg_inst/Q_reg_reg[3]_0[0]
    SLICE_X7Y84          FDCE                                         r  dbg_hub/inst/BSCANID.u_xsdbm_id/CORE_XSDB.UUT_MASTER/U_ICON_INTERFACE/U_CMD6_RD/U_RD_FIFO/SUBCORE_FIFO.xsdbm_v3_0_0_rdfifo_inst/inst_fifo_gen/gconvfifo.rf/grf.rf/gntv_or_sync_fifo.gcx.clkx/gnxpm_cdc.gsync_stage[2].rd_stg_inst/Q_reg_reg[0]/D
  -------------------------------------------------------------------    -------------------

                         (clock dbg_hub/inst/BSCANID.u_xsdbm_id/SWITCH_N_EXT_BSCAN.bscan_inst/SERIES7_BSCAN.bscan_inst/TCK rise edge)
                                                      0.000     0.000 r  
    BSCAN_X0Y0           BSCANE2                      0.000     0.000 r  dbg_hub/inst/BSCANID.u_xsdbm_id/SWITCH_N_EXT_BSCAN.bscan_inst/SERIES7_BSCAN.bscan_inst/TCK
                         net (fo=1, routed)           0.794     0.794    dbg_hub/inst/BSCANID.u_xsdbm_id/tck_bs
    BUFGCTRL_X0Y0        BUFG (Prop_bufg_I_O)         0.029     0.823 r  dbg_hub/inst/BSCANID.u_xsdbm_id/SWITCH_N_EXT_BSCAN.u_bufg_icon_tck/O
                         net (fo=486, routed)         0.827     1.650    dbg_hub/inst/BSCANID.u_xsdbm_id/CORE_XSDB.UUT_MASTER/U_ICON_INTERFACE/U_CMD6_RD/U_RD_FIFO/SUBCORE_FIFO.xsdbm_v3_0_0_rdfifo_inst/inst_fifo_gen/gconvfifo.rf/grf.rf/gntv_or_sync_fifo.gcx.clkx/gnxpm_cdc.gsync_stage[2].rd_stg_inst/rd_clk
    SLICE_X7Y84          FDCE                                         r  dbg_hub/inst/BSCANID.u_xsdbm_id/CORE_XSDB.UUT_MASTER/U_ICON_INTERFACE/U_CMD6_RD/U_RD_FIFO/SUBCORE_FIFO.xsdbm_v3_0_0_rdfifo_inst/inst_fifo_gen/gconvfifo.rf/grf.rf/gntv_or_sync_fifo.gcx.clkx/gnxpm_cdc.gsync_stage[2].rd_stg_inst/Q_reg_reg[0]/C
                         clock pessimism             -0.376     1.274    
    SLICE_X7Y84          FDCE (Hold_fdce_C_D)         0.075     1.349    dbg_hub/inst/BSCANID.u_xsdbm_id/CORE_XSDB.UUT_MASTER/U_ICON_INTERFACE/U_CMD6_RD/U_RD_FIFO/SUBCORE_FIFO.xsdbm_v3_0_0_rdfifo_inst/inst_fifo_gen/gconvfifo.rf/grf.rf/gntv_or_sync_fifo.gcx.clkx/gnxpm_cdc.gsync_stage[2].rd_stg_inst/Q_reg_reg[0]
  -------------------------------------------------------------------
                         required time                         -1.349    
                         arrival time                           1.471    
  -------------------------------------------------------------------
                         slack                                  0.122    

Slack (MET) :             0.122ns  (arrival time - required time)
  Source:                 dbg_hub/inst/BSCANID.u_xsdbm_id/CORE_XSDB.UUT_MASTER/U_ICON_INTERFACE/U_CMD6_WR/U_WR_FIFO/SUBCORE_FIFO.xsdbm_v3_0_0_wrfifo_inst/inst_fifo_gen/gconvfifo.rf/grf.rf/gntv_or_sync_fifo.gcx.clkx/gnxpm_cdc.gsync_stage[1].wr_stg_inst/Q_reg_reg[0]/C
                            (rising edge-triggered cell FDCE clocked by dbg_hub/inst/BSCANID.u_xsdbm_id/SWITCH_N_EXT_BSCAN.bscan_inst/SERIES7_BSCAN.bscan_inst/TCK  {rise@0.000ns fall@16.500ns period=33.000ns})
  Destination:            dbg_hub/inst/BSCANID.u_xsdbm_id/CORE_XSDB.UUT_MASTER/U_ICON_INTERFACE/U_CMD6_WR/U_WR_FIFO/SUBCORE_FIFO.xsdbm_v3_0_0_wrfifo_inst/inst_fifo_gen/gconvfifo.rf/grf.rf/gntv_or_sync_fifo.gcx.clkx/gnxpm_cdc.gsync_stage[2].wr_stg_inst/Q_reg_reg[0]/D
                            (rising edge-triggered cell FDCE clocked by dbg_hub/inst/BSCANID.u_xsdbm_id/SWITCH_N_EXT_BSCAN.bscan_inst/SERIES7_BSCAN.bscan_inst/TCK  {rise@0.000ns fall@16.500ns period=33.000ns})
  Path Group:             dbg_hub/inst/BSCANID.u_xsdbm_id/SWITCH_N_EXT_BSCAN.bscan_inst/SERIES7_BSCAN.bscan_inst/TCK
  Path Type:              Hold (Min at Fast Process Corner)
  Requirement:            0.000ns  (dbg_hub/inst/BSCANID.u_xsdbm_id/SWITCH_N_EXT_BSCAN.bscan_inst/SERIES7_BSCAN.bscan_inst/TCK rise@0.000ns - dbg_hub/inst/BSCANID.u_xsdbm_id/SWITCH_N_EXT_BSCAN.bscan_inst/SERIES7_BSCAN.bscan_inst/TCK rise@0.000ns)
  Data Path Delay:        0.197ns  (logic 0.141ns (71.611%)  route 0.056ns (28.389%))
  Logic Levels:           0  
  Clock Path Skew:        0.000ns (DCD - SCD - CPR)
    Destination Clock Delay (DCD):    1.662ns
    Source Clock Delay      (SCD):    1.286ns
    Clock Pessimism Removal (CPR):    0.376ns

    Location             Delay type                Incr(ns)  Path(ns)    Netlist Resource(s)
  -------------------------------------------------------------------    -------------------
                         (clock dbg_hub/inst/BSCANID.u_xsdbm_id/SWITCH_N_EXT_BSCAN.bscan_inst/SERIES7_BSCAN.bscan_inst/TCK rise edge)
                                                      0.000     0.000 r  
    BSCAN_X0Y0           BSCANE2                      0.000     0.000 r  dbg_hub/inst/BSCANID.u_xsdbm_id/SWITCH_N_EXT_BSCAN.bscan_inst/SERIES7_BSCAN.bscan_inst/TCK
                         net (fo=1, routed)           0.688     0.688    dbg_hub/inst/BSCANID.u_xsdbm_id/tck_bs
    BUFGCTRL_X0Y0        BUFG (Prop_bufg_I_O)         0.026     0.714 r  dbg_hub/inst/BSCANID.u_xsdbm_id/SWITCH_N_EXT_BSCAN.u_bufg_icon_tck/O
                         net (fo=486, routed)         0.572     1.286    dbg_hub/inst/BSCANID.u_xsdbm_id/CORE_XSDB.UUT_MASTER/U_ICON_INTERFACE/U_CMD6_WR/U_WR_FIFO/SUBCORE_FIFO.xsdbm_v3_0_0_wrfifo_inst/inst_fifo_gen/gconvfifo.rf/grf.rf/gntv_or_sync_fifo.gcx.clkx/gnxpm_cdc.gsync_stage[1].wr_stg_inst/wr_clk
    SLICE_X1Y79          FDCE                                         r  dbg_hub/inst/BSCANID.u_xsdbm_id/CORE_XSDB.UUT_MASTER/U_ICON_INTERFACE/U_CMD6_WR/U_WR_FIFO/SUBCORE_FIFO.xsdbm_v3_0_0_wrfifo_inst/inst_fifo_gen/gconvfifo.rf/grf.rf/gntv_or_sync_fifo.gcx.clkx/gnxpm_cdc.gsync_stage[1].wr_stg_inst/Q_reg_reg[0]/C
  -------------------------------------------------------------------    -------------------
    SLICE_X1Y79          FDCE (Prop_fdce_C_Q)         0.141     1.427 r  dbg_hub/inst/BSCANID.u_xsdbm_id/CORE_XSDB.UUT_MASTER/U_ICON_INTERFACE/U_CMD6_WR/U_WR_FIFO/SUBCORE_FIFO.xsdbm_v3_0_0_wrfifo_inst/inst_fifo_gen/gconvfifo.rf/grf.rf/gntv_or_sync_fifo.gcx.clkx/gnxpm_cdc.gsync_stage[1].wr_stg_inst/Q_reg_reg[0]/Q
                         net (fo=1, routed)           0.056     1.483    dbg_hub/inst/BSCANID.u_xsdbm_id/CORE_XSDB.UUT_MASTER/U_ICON_INTERFACE/U_CMD6_WR/U_WR_FIFO/SUBCORE_FIFO.xsdbm_v3_0_0_wrfifo_inst/inst_fifo_gen/gconvfifo.rf/grf.rf/gntv_or_sync_fifo.gcx.clkx/gnxpm_cdc.gsync_stage[2].wr_stg_inst/Q_reg_reg[3]_0[0]
    SLICE_X1Y79          FDCE                                         r  dbg_hub/inst/BSCANID.u_xsdbm_id/CORE_XSDB.UUT_MASTER/U_ICON_INTERFACE/U_CMD6_WR/U_WR_FIFO/SUBCORE_FIFO.xsdbm_v3_0_0_wrfifo_inst/inst_fifo_gen/gconvfifo.rf/grf.rf/gntv_or_sync_fifo.gcx.clkx/gnxpm_cdc.gsync_stage[2].wr_stg_inst/Q_reg_reg[0]/D
  -------------------------------------------------------------------    -------------------

                         (clock dbg_hub/inst/BSCANID.u_xsdbm_id/SWITCH_N_EXT_BSCAN.bscan_inst/SERIES7_BSCAN.bscan_inst/TCK rise edge)
                                                      0.000     0.000 r  
    BSCAN_X0Y0           BSCANE2                      0.000     0.000 r  dbg_hub/inst/BSCANID.u_xsdbm_id/SWITCH_N_EXT_BSCAN.bscan_inst/SERIES7_BSCAN.bscan_inst/TCK
                         net (fo=1, routed)           0.794     0.794    dbg_hub/inst/BSCANID.u_xsdbm_id/tck_bs
    BUFGCTRL_X0Y0        BUFG (Prop_bufg_I_O)         0.029     0.823 r  dbg_hub/inst/BSCANID.u_xsdbm_id/SWITCH_N_EXT_BSCAN.u_bufg_icon_tck/O
                         net (fo=486, routed)         0.839     1.662    dbg_hub/inst/BSCANID.u_xsdbm_id/CORE_XSDB.UUT_MASTER/U_ICON_INTERFACE/U_CMD6_WR/U_WR_FIFO/SUBCORE_FIFO.xsdbm_v3_0_0_wrfifo_inst/inst_fifo_gen/gconvfifo.rf/grf.rf/gntv_or_sync_fifo.gcx.clkx/gnxpm_cdc.gsync_stage[2].wr_stg_inst/wr_clk
    SLICE_X1Y79          FDCE                                         r  dbg_hub/inst/BSCANID.u_xsdbm_id/CORE_XSDB.UUT_MASTER/U_ICON_INTERFACE/U_CMD6_WR/U_WR_FIFO/SUBCORE_FIFO.xsdbm_v3_0_0_wrfifo_inst/inst_fifo_gen/gconvfifo.rf/grf.rf/gntv_or_sync_fifo.gcx.clkx/gnxpm_cdc.gsync_stage[2].wr_stg_inst/Q_reg_reg[0]/C
                         clock pessimism             -0.376     1.286    
    SLICE_X1Y79          FDCE (Hold_fdce_C_D)         0.075     1.361    dbg_hub/inst/BSCANID.u_xsdbm_id/CORE_XSDB.UUT_MASTER/U_ICON_INTERFACE/U_CMD6_WR/U_WR_FIFO/SUBCORE_FIFO.xsdbm_v3_0_0_wrfifo_inst/inst_fifo_gen/gconvfifo.rf/grf.rf/gntv_or_sync_fifo.gcx.clkx/gnxpm_cdc.gsync_stage[2].wr_stg_inst/Q_reg_reg[0]
  -------------------------------------------------------------------
                         required time                         -1.361    
                         arrival time                           1.483    
  -------------------------------------------------------------------
                         slack                                  0.122    

Slack (MET) :             0.122ns  (arrival time - required time)
  Source:                 dbg_hub/inst/BSCANID.u_xsdbm_id/CORE_XSDB.UUT_MASTER/U_ICON_INTERFACE/U_CMD6_WR/U_WR_FIFO/SUBCORE_FIFO.xsdbm_v3_0_0_wrfifo_inst/inst_fifo_gen/gconvfifo.rf/grf.rf/gntv_or_sync_fifo.gcx.clkx/gnxpm_cdc.gsync_stage[1].wr_stg_inst/Q_reg_reg[1]/C
                            (rising edge-triggered cell FDCE clocked by dbg_hub/inst/BSCANID.u_xsdbm_id/SWITCH_N_EXT_BSCAN.bscan_inst/SERIES7_BSCAN.bscan_inst/TCK  {rise@0.000ns fall@16.500ns period=33.000ns})
  Destination:            dbg_hub/inst/BSCANID.u_xsdbm_id/CORE_XSDB.UUT_MASTER/U_ICON_INTERFACE/U_CMD6_WR/U_WR_FIFO/SUBCORE_FIFO.xsdbm_v3_0_0_wrfifo_inst/inst_fifo_gen/gconvfifo.rf/grf.rf/gntv_or_sync_fifo.gcx.clkx/gnxpm_cdc.gsync_stage[2].wr_stg_inst/Q_reg_reg[1]/D
                            (rising edge-triggered cell FDCE clocked by dbg_hub/inst/BSCANID.u_xsdbm_id/SWITCH_N_EXT_BSCAN.bscan_inst/SERIES7_BSCAN.bscan_inst/TCK  {rise@0.000ns fall@16.500ns period=33.000ns})
  Path Group:             dbg_hub/inst/BSCANID.u_xsdbm_id/SWITCH_N_EXT_BSCAN.bscan_inst/SERIES7_BSCAN.bscan_inst/TCK
  Path Type:              Hold (Min at Fast Process Corner)
  Requirement:            0.000ns  (dbg_hub/inst/BSCANID.u_xsdbm_id/SWITCH_N_EXT_BSCAN.bscan_inst/SERIES7_BSCAN.bscan_inst/TCK rise@0.000ns - dbg_hub/inst/BSCANID.u_xsdbm_id/SWITCH_N_EXT_BSCAN.bscan_inst/SERIES7_BSCAN.bscan_inst/TCK rise@0.000ns)
  Data Path Delay:        0.197ns  (logic 0.141ns (71.611%)  route 0.056ns (28.389%))
  Logic Levels:           0  
  Clock Path Skew:        0.000ns (DCD - SCD - CPR)
    Destination Clock Delay (DCD):    1.663ns
    Source Clock Delay      (SCD):    1.287ns
    Clock Pessimism Removal (CPR):    0.376ns

    Location             Delay type                Incr(ns)  Path(ns)    Netlist Resource(s)
  -------------------------------------------------------------------    -------------------
                         (clock dbg_hub/inst/BSCANID.u_xsdbm_id/SWITCH_N_EXT_BSCAN.bscan_inst/SERIES7_BSCAN.bscan_inst/TCK rise edge)
                                                      0.000     0.000 r  
    BSCAN_X0Y0           BSCANE2                      0.000     0.000 r  dbg_hub/inst/BSCANID.u_xsdbm_id/SWITCH_N_EXT_BSCAN.bscan_inst/SERIES7_BSCAN.bscan_inst/TCK
                         net (fo=1, routed)           0.688     0.688    dbg_hub/inst/BSCANID.u_xsdbm_id/tck_bs
    BUFGCTRL_X0Y0        BUFG (Prop_bufg_I_O)         0.026     0.714 r  dbg_hub/inst/BSCANID.u_xsdbm_id/SWITCH_N_EXT_BSCAN.u_bufg_icon_tck/O
                         net (fo=486, routed)         0.573     1.287    dbg_hub/inst/BSCANID.u_xsdbm_id/CORE_XSDB.UUT_MASTER/U_ICON_INTERFACE/U_CMD6_WR/U_WR_FIFO/SUBCORE_FIFO.xsdbm_v3_0_0_wrfifo_inst/inst_fifo_gen/gconvfifo.rf/grf.rf/gntv_or_sync_fifo.gcx.clkx/gnxpm_cdc.gsync_stage[1].wr_stg_inst/wr_clk
    SLICE_X1Y80          FDCE                                         r  dbg_hub/inst/BSCANID.u_xsdbm_id/CORE_XSDB.UUT_MASTER/U_ICON_INTERFACE/U_CMD6_WR/U_WR_FIFO/SUBCORE_FIFO.xsdbm_v3_0_0_wrfifo_inst/inst_fifo_gen/gconvfifo.rf/grf.rf/gntv_or_sync_fifo.gcx.clkx/gnxpm_cdc.gsync_stage[1].wr_stg_inst/Q_reg_reg[1]/C
  -------------------------------------------------------------------    -------------------
    SLICE_X1Y80          FDCE (Prop_fdce_C_Q)         0.141     1.428 r  dbg_hub/inst/BSCANID.u_xsdbm_id/CORE_XSDB.UUT_MASTER/U_ICON_INTERFACE/U_CMD6_WR/U_WR_FIFO/SUBCORE_FIFO.xsdbm_v3_0_0_wrfifo_inst/inst_fifo_gen/gconvfifo.rf/grf.rf/gntv_or_sync_fifo.gcx.clkx/gnxpm_cdc.gsync_stage[1].wr_stg_inst/Q_reg_reg[1]/Q
                         net (fo=1, routed)           0.056     1.484    dbg_hub/inst/BSCANID.u_xsdbm_id/CORE_XSDB.UUT_MASTER/U_ICON_INTERFACE/U_CMD6_WR/U_WR_FIFO/SUBCORE_FIFO.xsdbm_v3_0_0_wrfifo_inst/inst_fifo_gen/gconvfifo.rf/grf.rf/gntv_or_sync_fifo.gcx.clkx/gnxpm_cdc.gsync_stage[2].wr_stg_inst/Q_reg_reg[3]_0[1]
    SLICE_X1Y80          FDCE                                         r  dbg_hub/inst/BSCANID.u_xsdbm_id/CORE_XSDB.UUT_MASTER/U_ICON_INTERFACE/U_CMD6_WR/U_WR_FIFO/SUBCORE_FIFO.xsdbm_v3_0_0_wrfifo_inst/inst_fifo_gen/gconvfifo.rf/grf.rf/gntv_or_sync_fifo.gcx.clkx/gnxpm_cdc.gsync_stage[2].wr_stg_inst/Q_reg_reg[1]/D
  -------------------------------------------------------------------    -------------------

                         (clock dbg_hub/inst/BSCANID.u_xsdbm_id/SWITCH_N_EXT_BSCAN.bscan_inst/SERIES7_BSCAN.bscan_inst/TCK rise edge)
                                                      0.000     0.000 r  
    BSCAN_X0Y0           BSCANE2                      0.000     0.000 r  dbg_hub/inst/BSCANID.u_xsdbm_id/SWITCH_N_EXT_BSCAN.bscan_inst/SERIES7_BSCAN.bscan_inst/TCK
                         net (fo=1, routed)           0.794     0.794    dbg_hub/inst/BSCANID.u_xsdbm_id/tck_bs
    BUFGCTRL_X0Y0        BUFG (Prop_bufg_I_O)         0.029     0.823 r  dbg_hub/inst/BSCANID.u_xsdbm_id/SWITCH_N_EXT_BSCAN.u_bufg_icon_tck/O
                         net (fo=486, routed)         0.840     1.663    dbg_hub/inst/BSCANID.u_xsdbm_id/CORE_XSDB.UUT_MASTER/U_ICON_INTERFACE/U_CMD6_WR/U_WR_FIFO/SUBCORE_FIFO.xsdbm_v3_0_0_wrfifo_inst/inst_fifo_gen/gconvfifo.rf/grf.rf/gntv_or_sync_fifo.gcx.clkx/gnxpm_cdc.gsync_stage[2].wr_stg_inst/wr_clk
    SLICE_X1Y80          FDCE                                         r  dbg_hub/inst/BSCANID.u_xsdbm_id/CORE_XSDB.UUT_MASTER/U_ICON_INTERFACE/U_CMD6_WR/U_WR_FIFO/SUBCORE_FIFO.xsdbm_v3_0_0_wrfifo_inst/inst_fifo_gen/gconvfifo.rf/grf.rf/gntv_or_sync_fifo.gcx.clkx/gnxpm_cdc.gsync_stage[2].wr_stg_inst/Q_reg_reg[1]/C
                         clock pessimism             -0.376     1.287    
    SLICE_X1Y80          FDCE (Hold_fdce_C_D)         0.075     1.362    dbg_hub/inst/BSCANID.u_xsdbm_id/CORE_XSDB.UUT_MASTER/U_ICON_INTERFACE/U_CMD6_WR/U_WR_FIFO/SUBCORE_FIFO.xsdbm_v3_0_0_wrfifo_inst/inst_fifo_gen/gconvfifo.rf/grf.rf/gntv_or_sync_fifo.gcx.clkx/gnxpm_cdc.gsync_stage[2].wr_stg_inst/Q_reg_reg[1]
  -------------------------------------------------------------------
                         required time                         -1.362    
                         arrival time                           1.484    
  -------------------------------------------------------------------
                         slack                                  0.122    

Slack (MET) :             0.122ns  (arrival time - required time)
  Source:                 dbg_hub/inst/BSCANID.u_xsdbm_id/CORE_XSDB.UUT_MASTER/U_ICON_INTERFACE/U_CMD6_WR/U_WR_FIFO/SUBCORE_FIFO.xsdbm_v3_0_0_wrfifo_inst/inst_fifo_gen/gconvfifo.rf/grf.rf/rstblk/ngwrdrst.grst.g7serrst.rst_wr_reg1_reg/C
                            (rising edge-triggered cell FDPE clocked by dbg_hub/inst/BSCANID.u_xsdbm_id/SWITCH_N_EXT_BSCAN.bscan_inst/SERIES7_BSCAN.bscan_inst/TCK  {rise@0.000ns fall@16.500ns period=33.000ns})
  Destination:            dbg_hub/inst/BSCANID.u_xsdbm_id/CORE_XSDB.UUT_MASTER/U_ICON_INTERFACE/U_CMD6_WR/U_WR_FIFO/SUBCORE_FIFO.xsdbm_v3_0_0_wrfifo_inst/inst_fifo_gen/gconvfifo.rf/grf.rf/rstblk/ngwrdrst.grst.g7serrst.rst_wr_reg2_reg/D
                            (rising edge-triggered cell FDPE clocked by dbg_hub/inst/BSCANID.u_xsdbm_id/SWITCH_N_EXT_BSCAN.bscan_inst/SERIES7_BSCAN.bscan_inst/TCK  {rise@0.000ns fall@16.500ns period=33.000ns})
  Path Group:             dbg_hub/inst/BSCANID.u_xsdbm_id/SWITCH_N_EXT_BSCAN.bscan_inst/SERIES7_BSCAN.bscan_inst/TCK
  Path Type:              Hold (Min at Fast Process Corner)
  Requirement:            0.000ns  (dbg_hub/inst/BSCANID.u_xsdbm_id/SWITCH_N_EXT_BSCAN.bscan_inst/SERIES7_BSCAN.bscan_inst/TCK rise@0.000ns - dbg_hub/inst/BSCANID.u_xsdbm_id/SWITCH_N_EXT_BSCAN.bscan_inst/SERIES7_BSCAN.bscan_inst/TCK rise@0.000ns)
  Data Path Delay:        0.197ns  (logic 0.141ns (71.611%)  route 0.056ns (28.389%))
  Logic Levels:           0  
  Clock Path Skew:        0.000ns (DCD - SCD - CPR)
    Destination Clock Delay (DCD):    1.669ns
    Source Clock Delay      (SCD):    1.293ns
    Clock Pessimism Removal (CPR):    0.376ns

    Location             Delay type                Incr(ns)  Path(ns)    Netlist Resource(s)
  -------------------------------------------------------------------    -------------------
                         (clock dbg_hub/inst/BSCANID.u_xsdbm_id/SWITCH_N_EXT_BSCAN.bscan_inst/SERIES7_BSCAN.bscan_inst/TCK rise edge)
                                                      0.000     0.000 r  
    BSCAN_X0Y0           BSCANE2                      0.000     0.000 r  dbg_hub/inst/BSCANID.u_xsdbm_id/SWITCH_N_EXT_BSCAN.bscan_inst/SERIES7_BSCAN.bscan_inst/TCK
                         net (fo=1, routed)           0.688     0.688    dbg_hub/inst/BSCANID.u_xsdbm_id/tck_bs
    BUFGCTRL_X0Y0        BUFG (Prop_bufg_I_O)         0.026     0.714 r  dbg_hub/inst/BSCANID.u_xsdbm_id/SWITCH_N_EXT_BSCAN.u_bufg_icon_tck/O
                         net (fo=486, routed)         0.579     1.293    dbg_hub/inst/BSCANID.u_xsdbm_id/CORE_XSDB.UUT_MASTER/U_ICON_INTERFACE/U_CMD6_WR/U_WR_FIFO/SUBCORE_FIFO.xsdbm_v3_0_0_wrfifo_inst/inst_fifo_gen/gconvfifo.rf/grf.rf/rstblk/wr_clk
    SLICE_X3Y84          FDPE                                         r  dbg_hub/inst/BSCANID.u_xsdbm_id/CORE_XSDB.UUT_MASTER/U_ICON_INTERFACE/U_CMD6_WR/U_WR_FIFO/SUBCORE_FIFO.xsdbm_v3_0_0_wrfifo_inst/inst_fifo_gen/gconvfifo.rf/grf.rf/rstblk/ngwrdrst.grst.g7serrst.rst_wr_reg1_reg/C
  -------------------------------------------------------------------    -------------------
    SLICE_X3Y84          FDPE (Prop_fdpe_C_Q)         0.141     1.434 r  dbg_hub/inst/BSCANID.u_xsdbm_id/CORE_XSDB.UUT_MASTER/U_ICON_INTERFACE/U_CMD6_WR/U_WR_FIFO/SUBCORE_FIFO.xsdbm_v3_0_0_wrfifo_inst/inst_fifo_gen/gconvfifo.rf/grf.rf/rstblk/ngwrdrst.grst.g7serrst.rst_wr_reg1_reg/Q
                         net (fo=1, routed)           0.056     1.490    dbg_hub/inst/BSCANID.u_xsdbm_id/CORE_XSDB.UUT_MASTER/U_ICON_INTERFACE/U_CMD6_WR/U_WR_FIFO/SUBCORE_FIFO.xsdbm_v3_0_0_wrfifo_inst/inst_fifo_gen/gconvfifo.rf/grf.rf/rstblk/rst_wr_reg1
    SLICE_X3Y84          FDPE                                         r  dbg_hub/inst/BSCANID.u_xsdbm_id/CORE_XSDB.UUT_MASTER/U_ICON_INTERFACE/U_CMD6_WR/U_WR_FIFO/SUBCORE_FIFO.xsdbm_v3_0_0_wrfifo_inst/inst_fifo_gen/gconvfifo.rf/grf.rf/rstblk/ngwrdrst.grst.g7serrst.rst_wr_reg2_reg/D
  -------------------------------------------------------------------    -------------------

                         (clock dbg_hub/inst/BSCANID.u_xsdbm_id/SWITCH_N_EXT_BSCAN.bscan_inst/SERIES7_BSCAN.bscan_inst/TCK rise edge)
                                                      0.000     0.000 r  
    BSCAN_X0Y0           BSCANE2                      0.000     0.000 r  dbg_hub/inst/BSCANID.u_xsdbm_id/SWITCH_N_EXT_BSCAN.bscan_inst/SERIES7_BSCAN.bscan_inst/TCK
                         net (fo=1, routed)           0.794     0.794    dbg_hub/inst/BSCANID.u_xsdbm_id/tck_bs
    BUFGCTRL_X0Y0        BUFG (Prop_bufg_I_O)         0.029     0.823 r  dbg_hub/inst/BSCANID.u_xsdbm_id/SWITCH_N_EXT_BSCAN.u_bufg_icon_tck/O
                         net (fo=486, routed)         0.846     1.669    dbg_hub/inst/BSCANID.u_xsdbm_id/CORE_XSDB.UUT_MASTER/U_ICON_INTERFACE/U_CMD6_WR/U_WR_FIFO/SUBCORE_FIFO.xsdbm_v3_0_0_wrfifo_inst/inst_fifo_gen/gconvfifo.rf/grf.rf/rstblk/wr_clk
    SLICE_X3Y84          FDPE                                         r  dbg_hub/inst/BSCANID.u_xsdbm_id/CORE_XSDB.UUT_MASTER/U_ICON_INTERFACE/U_CMD6_WR/U_WR_FIFO/SUBCORE_FIFO.xsdbm_v3_0_0_wrfifo_inst/inst_fifo_gen/gconvfifo.rf/grf.rf/rstblk/ngwrdrst.grst.g7serrst.rst_wr_reg2_reg/C
                         clock pessimism             -0.376     1.293    
    SLICE_X3Y84          FDPE (Hold_fdpe_C_D)         0.075     1.368    dbg_hub/inst/BSCANID.u_xsdbm_id/CORE_XSDB.UUT_MASTER/U_ICON_INTERFACE/U_CMD6_WR/U_WR_FIFO/SUBCORE_FIFO.xsdbm_v3_0_0_wrfifo_inst/inst_fifo_gen/gconvfifo.rf/grf.rf/rstblk/ngwrdrst.grst.g7serrst.rst_wr_reg2_reg
  -------------------------------------------------------------------
                         required time                         -1.368    
                         arrival time                           1.490    
  -------------------------------------------------------------------
                         slack                                  0.122    

Slack (MET) :             0.126ns  (arrival time - required time)
  Source:                 dbg_hub/inst/BSCANID.u_xsdbm_id/CORE_XSDB.UUT_MASTER/U_ICON_INTERFACE/U_CMD6_RD/U_RD_FIFO/SUBCORE_FIFO.xsdbm_v3_0_0_rdfifo_inst/inst_fifo_gen/gconvfifo.rf/grf.rf/gntv_or_sync_fifo.gcx.clkx/gnxpm_cdc.gsync_stage[1].rd_stg_inst/Q_reg_reg[1]/C
                            (rising edge-triggered cell FDCE clocked by dbg_hub/inst/BSCANID.u_xsdbm_id/SWITCH_N_EXT_BSCAN.bscan_inst/SERIES7_BSCAN.bscan_inst/TCK  {rise@0.000ns fall@16.500ns period=33.000ns})
  Destination:            dbg_hub/inst/BSCANID.u_xsdbm_id/CORE_XSDB.UUT_MASTER/U_ICON_INTERFACE/U_CMD6_RD/U_RD_FIFO/SUBCORE_FIFO.xsdbm_v3_0_0_rdfifo_inst/inst_fifo_gen/gconvfifo.rf/grf.rf/gntv_or_sync_fifo.gcx.clkx/gnxpm_cdc.gsync_stage[2].rd_stg_inst/Q_reg_reg[1]/D
                            (rising edge-triggered cell FDCE clocked by dbg_hub/inst/BSCANID.u_xsdbm_id/SWITCH_N_EXT_BSCAN.bscan_inst/SERIES7_BSCAN.bscan_inst/TCK  {rise@0.000ns fall@16.500ns period=33.000ns})
  Path Group:             dbg_hub/inst/BSCANID.u_xsdbm_id/SWITCH_N_EXT_BSCAN.bscan_inst/SERIES7_BSCAN.bscan_inst/TCK
  Path Type:              Hold (Min at Fast Process Corner)
  Requirement:            0.000ns  (dbg_hub/inst/BSCANID.u_xsdbm_id/SWITCH_N_EXT_BSCAN.bscan_inst/SERIES7_BSCAN.bscan_inst/TCK rise@0.000ns - dbg_hub/inst/BSCANID.u_xsdbm_id/SWITCH_N_EXT_BSCAN.bscan_inst/SERIES7_BSCAN.bscan_inst/TCK rise@0.000ns)
  Data Path Delay:        0.197ns  (logic 0.141ns (71.611%)  route 0.056ns (28.389%))
  Logic Levels:           0  
  Clock Path Skew:        0.000ns (DCD - SCD - CPR)
    Destination Clock Delay (DCD):    1.650ns
    Source Clock Delay      (SCD):    1.274ns
    Clock Pessimism Removal (CPR):    0.376ns

    Location             Delay type                Incr(ns)  Path(ns)    Netlist Resource(s)
  -------------------------------------------------------------------    -------------------
                         (clock dbg_hub/inst/BSCANID.u_xsdbm_id/SWITCH_N_EXT_BSCAN.bscan_inst/SERIES7_BSCAN.bscan_inst/TCK rise edge)
                                                      0.000     0.000 r  
    BSCAN_X0Y0           BSCANE2                      0.000     0.000 r  dbg_hub/inst/BSCANID.u_xsdbm_id/SWITCH_N_EXT_BSCAN.bscan_inst/SERIES7_BSCAN.bscan_inst/TCK
                         net (fo=1, routed)           0.688     0.688    dbg_hub/inst/BSCANID.u_xsdbm_id/tck_bs
    BUFGCTRL_X0Y0        BUFG (Prop_bufg_I_O)         0.026     0.714 r  dbg_hub/inst/BSCANID.u_xsdbm_id/SWITCH_N_EXT_BSCAN.u_bufg_icon_tck/O
                         net (fo=486, routed)         0.560     1.274    dbg_hub/inst/BSCANID.u_xsdbm_id/CORE_XSDB.UUT_MASTER/U_ICON_INTERFACE/U_CMD6_RD/U_RD_FIFO/SUBCORE_FIFO.xsdbm_v3_0_0_rdfifo_inst/inst_fifo_gen/gconvfifo.rf/grf.rf/gntv_or_sync_fifo.gcx.clkx/gnxpm_cdc.gsync_stage[1].rd_stg_inst/rd_clk
    SLICE_X7Y84          FDCE                                         r  dbg_hub/inst/BSCANID.u_xsdbm_id/CORE_XSDB.UUT_MASTER/U_ICON_INTERFACE/U_CMD6_RD/U_RD_FIFO/SUBCORE_FIFO.xsdbm_v3_0_0_rdfifo_inst/inst_fifo_gen/gconvfifo.rf/grf.rf/gntv_or_sync_fifo.gcx.clkx/gnxpm_cdc.gsync_stage[1].rd_stg_inst/Q_reg_reg[1]/C
  -------------------------------------------------------------------    -------------------
    SLICE_X7Y84          FDCE (Prop_fdce_C_Q)         0.141     1.415 r  dbg_hub/inst/BSCANID.u_xsdbm_id/CORE_XSDB.UUT_MASTER/U_ICON_INTERFACE/U_CMD6_RD/U_RD_FIFO/SUBCORE_FIFO.xsdbm_v3_0_0_rdfifo_inst/inst_fifo_gen/gconvfifo.rf/grf.rf/gntv_or_sync_fifo.gcx.clkx/gnxpm_cdc.gsync_stage[1].rd_stg_inst/Q_reg_reg[1]/Q
                         net (fo=1, routed)           0.056     1.471    dbg_hub/inst/BSCANID.u_xsdbm_id/CORE_XSDB.UUT_MASTER/U_ICON_INTERFACE/U_CMD6_RD/U_RD_FIFO/SUBCORE_FIFO.xsdbm_v3_0_0_rdfifo_inst/inst_fifo_gen/gconvfifo.rf/grf.rf/gntv_or_sync_fifo.gcx.clkx/gnxpm_cdc.gsync_stage[2].rd_stg_inst/Q_reg_reg[3]_0[1]
    SLICE_X7Y84          FDCE                                         r  dbg_hub/inst/BSCANID.u_xsdbm_id/CORE_XSDB.UUT_MASTER/U_ICON_INTERFACE/U_CMD6_RD/U_RD_FIFO/SUBCORE_FIFO.xsdbm_v3_0_0_rdfifo_inst/inst_fifo_gen/gconvfifo.rf/grf.rf/gntv_or_sync_fifo.gcx.clkx/gnxpm_cdc.gsync_stage[2].rd_stg_inst/Q_reg_reg[1]/D
  -------------------------------------------------------------------    -------------------

                         (clock dbg_hub/inst/BSCANID.u_xsdbm_id/SWITCH_N_EXT_BSCAN.bscan_inst/SERIES7_BSCAN.bscan_inst/TCK rise edge)
                                                      0.000     0.000 r  
    BSCAN_X0Y0           BSCANE2                      0.000     0.000 r  dbg_hub/inst/BSCANID.u_xsdbm_id/SWITCH_N_EXT_BSCAN.bscan_inst/SERIES7_BSCAN.bscan_inst/TCK
                         net (fo=1, routed)           0.794     0.794    dbg_hub/inst/BSCANID.u_xsdbm_id/tck_bs
    BUFGCTRL_X0Y0        BUFG (Prop_bufg_I_O)         0.029     0.823 r  dbg_hub/inst/BSCANID.u_xsdbm_id/SWITCH_N_EXT_BSCAN.u_bufg_icon_tck/O
                         net (fo=486, routed)         0.827     1.650    dbg_hub/inst/BSCANID.u_xsdbm_id/CORE_XSDB.UUT_MASTER/U_ICON_INTERFACE/U_CMD6_RD/U_RD_FIFO/SUBCORE_FIFO.xsdbm_v3_0_0_rdfifo_inst/inst_fifo_gen/gconvfifo.rf/grf.rf/gntv_or_sync_fifo.gcx.clkx/gnxpm_cdc.gsync_stage[2].rd_stg_inst/rd_clk
    SLICE_X7Y84          FDCE                                         r  dbg_hub/inst/BSCANID.u_xsdbm_id/CORE_XSDB.UUT_MASTER/U_ICON_INTERFACE/U_CMD6_RD/U_RD_FIFO/SUBCORE_FIFO.xsdbm_v3_0_0_rdfifo_inst/inst_fifo_gen/gconvfifo.rf/grf.rf/gntv_or_sync_fifo.gcx.clkx/gnxpm_cdc.gsync_stage[2].rd_stg_inst/Q_reg_reg[1]/C
                         clock pessimism             -0.376     1.274    
    SLICE_X7Y84          FDCE (Hold_fdce_C_D)         0.071     1.345    dbg_hub/inst/BSCANID.u_xsdbm_id/CORE_XSDB.UUT_MASTER/U_ICON_INTERFACE/U_CMD6_RD/U_RD_FIFO/SUBCORE_FIFO.xsdbm_v3_0_0_rdfifo_inst/inst_fifo_gen/gconvfifo.rf/grf.rf/gntv_or_sync_fifo.gcx.clkx/gnxpm_cdc.gsync_stage[2].rd_stg_inst/Q_reg_reg[1]
  -------------------------------------------------------------------
                         required time                         -1.345    
                         arrival time                           1.471    
  -------------------------------------------------------------------
                         slack                                  0.126    





Pulse Width Checks
--------------------------------------------------------------------------------------
Clock Name:         dbg_hub/inst/BSCANID.u_xsdbm_id/SWITCH_N_EXT_BSCAN.bscan_inst/SERIES7_BSCAN.bscan_inst/TCK
Waveform(ns):       { 0.000 16.500 }
Period(ns):         33.000
Sources:            { dbg_hub/inst/BSCANID.u_xsdbm_id/SWITCH_N_EXT_BSCAN.bscan_inst/SERIES7_BSCAN.bscan_inst/TCK }

Check Type        Corner  Lib Pin     Reference Pin  Required(ns)  Actual(ns)  Slack(ns)  Location       Pin
Min Period        n/a     BUFG/I      n/a            2.155         33.000      30.845     BUFGCTRL_X0Y0  dbg_hub/inst/BSCANID.u_xsdbm_id/SWITCH_N_EXT_BSCAN.u_bufg_icon_tck/I
Min Period        n/a     FDRE/C      n/a            1.000         33.000      32.000     SLICE_X17Y87   dbg_hub/inst/BSCANID.u_xsdbm_id/CORE_XSDB.UUT_MASTER/U_ICON_INTERFACE/U_CMD1/icn_cmd_din_temp_reg/C
Min Period        n/a     FDRE/C      n/a            1.000         33.000      32.000     SLICE_X17Y87   dbg_hub/inst/BSCANID.u_xsdbm_id/CORE_XSDB.UUT_MASTER/U_ICON_INTERFACE/U_CMD1/icn_cmd_en_temp_reg/C
Min Period        n/a     FDRE/C      n/a            1.000         33.000      32.000     SLICE_X18Y87   dbg_hub/inst/BSCANID.u_xsdbm_id/CORE_XSDB.UUT_MASTER/U_ICON_INTERFACE/U_CMD1/shift_reg_in_reg[0]/C
Min Period        n/a     FDRE/C      n/a            1.000         33.000      32.000     SLICE_X18Y87   dbg_hub/inst/BSCANID.u_xsdbm_id/CORE_XSDB.UUT_MASTER/U_ICON_INTERFACE/U_CMD1/shift_reg_in_reg[1]/C
Min Period        n/a     FDRE/C      n/a            1.000         33.000      32.000     SLICE_X18Y87   dbg_hub/inst/BSCANID.u_xsdbm_id/CORE_XSDB.UUT_MASTER/U_ICON_INTERFACE/U_CMD1/shift_reg_in_reg[2]/C
Min Period        n/a     FDRE/C      n/a            1.000         33.000      32.000     SLICE_X21Y88   dbg_hub/inst/BSCANID.u_xsdbm_id/CORE_XSDB.UUT_MASTER/U_ICON_INTERFACE/U_CMD2/icn_cmd_din_temp_reg/C
Min Period        n/a     FDRE/C      n/a            1.000         33.000      32.000     SLICE_X16Y87   dbg_hub/inst/BSCANID.u_xsdbm_id/CORE_XSDB.UUT_MASTER/U_ICON_INTERFACE/U_CMD2/icn_cmd_en_temp_reg/C
Min Period        n/a     FDRE/C      n/a            1.000         33.000      32.000     SLICE_X16Y87   dbg_hub/inst/BSCANID.u_xsdbm_id/CORE_XSDB.UUT_MASTER/U_ICON_INTERFACE/U_CMD2/shift_en_reg/C
Min Period        n/a     FDRE/C      n/a            1.000         33.000      32.000     SLICE_X10Y82   dbg_hub/inst/BSCANID.u_xsdbm_id/CORE_XSDB.UUT_MASTER/U_ICON_INTERFACE/U_CMD6_RD/U_RD_FIFO/SUBCORE_FIFO.xsdbm_v3_0_0_rdfifo_inst/inst_fifo_gen/gconvfifo.rf/grf.rf/gntv_or_sync_fifo.mem/gdm.dm_gen.dm/gpr1.dout_i_reg[0]/C
Low Pulse Width   Slow    RAMD32/CLK  n/a            1.250         16.500      15.250     SLICE_X12Y78   dbg_hub/inst/BSCANID.u_xsdbm_id/CORE_XSDB.UUT_MASTER/U_ICON_INTERFACE/U_CMD6_WR/U_WR_FIFO/SUBCORE_FIFO.xsdbm_v3_0_0_wrfifo_inst/inst_fifo_gen/gconvfifo.rf/grf.rf/gntv_or_sync_fifo.mem/gdm.dm_gen.dm/RAM_reg_0_15_0_5/RAMA/CLK
Low Pulse Width   Fast    RAMD32/CLK  n/a            1.250         16.500      15.250     SLICE_X12Y78   dbg_hub/inst/BSCANID.u_xsdbm_id/CORE_XSDB.UUT_MASTER/U_ICON_INTERFACE/U_CMD6_WR/U_WR_FIFO/SUBCORE_FIFO.xsdbm_v3_0_0_wrfifo_inst/inst_fifo_gen/gconvfifo.rf/grf.rf/gntv_or_sync_fifo.mem/gdm.dm_gen.dm/RAM_reg_0_15_0_5/RAMA/CLK
Low Pulse Width   Slow    RAMD32/CLK  n/a            1.250         16.500      15.250     SLICE_X12Y78   dbg_hub/inst/BSCANID.u_xsdbm_id/CORE_XSDB.UUT_MASTER/U_ICON_INTERFACE/U_CMD6_WR/U_WR_FIFO/SUBCORE_FIFO.xsdbm_v3_0_0_wrfifo_inst/inst_fifo_gen/gconvfifo.rf/grf.rf/gntv_or_sync_fifo.mem/gdm.dm_gen.dm/RAM_reg_0_15_0_5/RAMA_D1/CLK
Low Pulse Width   Fast    RAMD32/CLK  n/a            1.250         16.500      15.250     SLICE_X12Y78   dbg_hub/inst/BSCANID.u_xsdbm_id/CORE_XSDB.UUT_MASTER/U_ICON_INTERFACE/U_CMD6_WR/U_WR_FIFO/SUBCORE_FIFO.xsdbm_v3_0_0_wrfifo_inst/inst_fifo_gen/gconvfifo.rf/grf.rf/gntv_or_sync_fifo.mem/gdm.dm_gen.dm/RAM_reg_0_15_0_5/RAMA_D1/CLK
Low Pulse Width   Slow    RAMD32/CLK  n/a            1.250         16.500      15.250     SLICE_X12Y78   dbg_hub/inst/BSCANID.u_xsdbm_id/CORE_XSDB.UUT_MASTER/U_ICON_INTERFACE/U_CMD6_WR/U_WR_FIFO/SUBCORE_FIFO.xsdbm_v3_0_0_wrfifo_inst/inst_fifo_gen/gconvfifo.rf/grf.rf/gntv_or_sync_fifo.mem/gdm.dm_gen.dm/RAM_reg_0_15_0_5/RAMB/CLK
Low Pulse Width   Fast    RAMD32/CLK  n/a            1.250         16.500      15.250     SLICE_X12Y78   dbg_hub/inst/BSCANID.u_xsdbm_id/CORE_XSDB.UUT_MASTER/U_ICON_INTERFACE/U_CMD6_WR/U_WR_FIFO/SUBCORE_FIFO.xsdbm_v3_0_0_wrfifo_inst/inst_fifo_gen/gconvfifo.rf/grf.rf/gntv_or_sync_fifo.mem/gdm.dm_gen.dm/RAM_reg_0_15_0_5/RAMB/CLK
Low Pulse Width   Slow    RAMD32/CLK  n/a            1.250         16.500      15.250     SLICE_X12Y78   dbg_hub/inst/BSCANID.u_xsdbm_id/CORE_XSDB.UUT_MASTER/U_ICON_INTERFACE/U_CMD6_WR/U_WR_FIFO/SUBCORE_FIFO.xsdbm_v3_0_0_wrfifo_inst/inst_fifo_gen/gconvfifo.rf/grf.rf/gntv_or_sync_fifo.mem/gdm.dm_gen.dm/RAM_reg_0_15_0_5/RAMB_D1/CLK
Low Pulse Width   Fast    RAMD32/CLK  n/a            1.250         16.500      15.250     SLICE_X12Y78   dbg_hub/inst/BSCANID.u_xsdbm_id/CORE_XSDB.UUT_MASTER/U_ICON_INTERFACE/U_CMD6_WR/U_WR_FIFO/SUBCORE_FIFO.xsdbm_v3_0_0_wrfifo_inst/inst_fifo_gen/gconvfifo.rf/grf.rf/gntv_or_sync_fifo.mem/gdm.dm_gen.dm/RAM_reg_0_15_0_5/RAMB_D1/CLK
Low Pulse Width   Slow    RAMD32/CLK  n/a            1.250         16.500      15.250     SLICE_X12Y78   dbg_hub/inst/BSCANID.u_xsdbm_id/CORE_XSDB.UUT_MASTER/U_ICON_INTERFACE/U_CMD6_WR/U_WR_FIFO/SUBCORE_FIFO.xsdbm_v3_0_0_wrfifo_inst/inst_fifo_gen/gconvfifo.rf/grf.rf/gntv_or_sync_fifo.mem/gdm.dm_gen.dm/RAM_reg_0_15_0_5/RAMC/CLK
Low Pulse Width   Fast    RAMD32/CLK  n/a            1.250         16.500      15.250     SLICE_X12Y78   dbg_hub/inst/BSCANID.u_xsdbm_id/CORE_XSDB.UUT_MASTER/U_ICON_INTERFACE/U_CMD6_WR/U_WR_FIFO/SUBCORE_FIFO.xsdbm_v3_0_0_wrfifo_inst/inst_fifo_gen/gconvfifo.rf/grf.rf/gntv_or_sync_fifo.mem/gdm.dm_gen.dm/RAM_reg_0_15_0_5/RAMC/CLK
High Pulse Width  Slow    RAMD32/CLK  n/a            1.250         16.500      15.250     SLICE_X12Y78   dbg_hub/inst/BSCANID.u_xsdbm_id/CORE_XSDB.UUT_MASTER/U_ICON_INTERFACE/U_CMD6_WR/U_WR_FIFO/SUBCORE_FIFO.xsdbm_v3_0_0_wrfifo_inst/inst_fifo_gen/gconvfifo.rf/grf.rf/gntv_or_sync_fifo.mem/gdm.dm_gen.dm/RAM_reg_0_15_0_5/RAMA/CLK
High Pulse Width  Fast    RAMD32/CLK  n/a            1.250         16.500      15.250     SLICE_X12Y78   dbg_hub/inst/BSCANID.u_xsdbm_id/CORE_XSDB.UUT_MASTER/U_ICON_INTERFACE/U_CMD6_WR/U_WR_FIFO/SUBCORE_FIFO.xsdbm_v3_0_0_wrfifo_inst/inst_fifo_gen/gconvfifo.rf/grf.rf/gntv_or_sync_fifo.mem/gdm.dm_gen.dm/RAM_reg_0_15_0_5/RAMA/CLK
High Pulse Width  Slow    RAMD32/CLK  n/a            1.250         16.500      15.250     SLICE_X12Y78   dbg_hub/inst/BSCANID.u_xsdbm_id/CORE_XSDB.UUT_MASTER/U_ICON_INTERFACE/U_CMD6_WR/U_WR_FIFO/SUBCORE_FIFO.xsdbm_v3_0_0_wrfifo_inst/inst_fifo_gen/gconvfifo.rf/grf.rf/gntv_or_sync_fifo.mem/gdm.dm_gen.dm/RAM_reg_0_15_0_5/RAMA_D1/CLK
High Pulse Width  Fast    RAMD32/CLK  n/a            1.250         16.500      15.250     SLICE_X12Y78   dbg_hub/inst/BSCANID.u_xsdbm_id/CORE_XSDB.UUT_MASTER/U_ICON_INTERFACE/U_CMD6_WR/U_WR_FIFO/SUBCORE_FIFO.xsdbm_v3_0_0_wrfifo_inst/inst_fifo_gen/gconvfifo.rf/grf.rf/gntv_or_sync_fifo.mem/gdm.dm_gen.dm/RAM_reg_0_15_0_5/RAMA_D1/CLK
High Pulse Width  Slow    RAMD32/CLK  n/a            1.250         16.500      15.250     SLICE_X12Y78   dbg_hub/inst/BSCANID.u_xsdbm_id/CORE_XSDB.UUT_MASTER/U_ICON_INTERFACE/U_CMD6_WR/U_WR_FIFO/SUBCORE_FIFO.xsdbm_v3_0_0_wrfifo_inst/inst_fifo_gen/gconvfifo.rf/grf.rf/gntv_or_sync_fifo.mem/gdm.dm_gen.dm/RAM_reg_0_15_0_5/RAMB/CLK
High Pulse Width  Fast    RAMD32/CLK  n/a            1.250         16.500      15.250     SLICE_X12Y78   dbg_hub/inst/BSCANID.u_xsdbm_id/CORE_XSDB.UUT_MASTER/U_ICON_INTERFACE/U_CMD6_WR/U_WR_FIFO/SUBCORE_FIFO.xsdbm_v3_0_0_wrfifo_inst/inst_fifo_gen/gconvfifo.rf/grf.rf/gntv_or_sync_fifo.mem/gdm.dm_gen.dm/RAM_reg_0_15_0_5/RAMB/CLK
High Pulse Width  Slow    RAMD32/CLK  n/a            1.250         16.500      15.250     SLICE_X12Y78   dbg_hub/inst/BSCANID.u_xsdbm_id/CORE_XSDB.UUT_MASTER/U_ICON_INTERFACE/U_CMD6_WR/U_WR_FIFO/SUBCORE_FIFO.xsdbm_v3_0_0_wrfifo_inst/inst_fifo_gen/gconvfifo.rf/grf.rf/gntv_or_sync_fifo.mem/gdm.dm_gen.dm/RAM_reg_0_15_0_5/RAMB_D1/CLK
High Pulse Width  Fast    RAMD32/CLK  n/a            1.250         16.500      15.250     SLICE_X12Y78   dbg_hub/inst/BSCANID.u_xsdbm_id/CORE_XSDB.UUT_MASTER/U_ICON_INTERFACE/U_CMD6_WR/U_WR_FIFO/SUBCORE_FIFO.xsdbm_v3_0_0_wrfifo_inst/inst_fifo_gen/gconvfifo.rf/grf.rf/gntv_or_sync_fifo.mem/gdm.dm_gen.dm/RAM_reg_0_15_0_5/RAMB_D1/CLK
High Pulse Width  Slow    RAMD32/CLK  n/a            1.250         16.500      15.250     SLICE_X12Y78   dbg_hub/inst/BSCANID.u_xsdbm_id/CORE_XSDB.UUT_MASTER/U_ICON_INTERFACE/U_CMD6_WR/U_WR_FIFO/SUBCORE_FIFO.xsdbm_v3_0_0_wrfifo_inst/inst_fifo_gen/gconvfifo.rf/grf.rf/gntv_or_sync_fifo.mem/gdm.dm_gen.dm/RAM_reg_0_15_0_5/RAMC/CLK
High Pulse Width  Fast    RAMD32/CLK  n/a            1.250         16.500      15.250     SLICE_X12Y78   dbg_hub/inst/BSCANID.u_xsdbm_id/CORE_XSDB.UUT_MASTER/U_ICON_INTERFACE/U_CMD6_WR/U_WR_FIFO/SUBCORE_FIFO.xsdbm_v3_0_0_wrfifo_inst/inst_fifo_gen/gconvfifo.rf/grf.rf/gntv_or_sync_fifo.mem/gdm.dm_gen.dm/RAM_reg_0_15_0_5/RAMC/CLK



---------------------------------------------------------------------------------------------------
From Clock:  sys_clk_pin
  To Clock:  sys_clk_pin

Setup :            0  Failing Endpoints,  Worst Slack        0.624ns,  Total Violation        0.000ns
Hold  :            0  Failing Endpoints,  Worst Slack        0.040ns,  Total Violation        0.000ns
PW    :            0  Failing Endpoints,  Worst Slack        2.750ns,  Total Violation        0.000ns
---------------------------------------------------------------------------------------------------


Max Delay Paths
--------------------------------------------------------------------------------------
Slack (MET) :             0.624ns  (required time - arrival time)
  Source:                 simon_says_debug_i/vio_0/inst/PROBE_OUT_ALL_INST/G_PROBE_OUT[0].PROBE_OUT0_INST/Probe_out_reg[1]/C
                            (rising edge-triggered cell FDRE clocked by sys_clk_pin  {rise@0.000ns fall@4.000ns period=8.000ns})
  Destination:            simon_says_debug_i/simon_v3_0/U0/timer_reg[10]/R
                            (rising edge-triggered cell FDRE clocked by sys_clk_pin  {rise@0.000ns fall@4.000ns period=8.000ns})
  Path Group:             sys_clk_pin
  Path Type:              Setup (Max at Slow Process Corner)
  Requirement:            8.000ns  (sys_clk_pin rise@8.000ns - sys_clk_pin rise@0.000ns)
  Data Path Delay:        6.760ns  (logic 3.261ns (48.242%)  route 3.499ns (51.758%))
  Logic Levels:           11  (CARRY4=6 LUT2=1 LUT4=1 LUT6=3)
  Clock Path Skew:        -0.057ns (DCD - SCD + CPR)
    Destination Clock Delay (DCD):    4.867ns = ( 12.867 - 8.000 ) 
    Source Clock Delay      (SCD):    5.315ns
    Clock Pessimism Removal (CPR):    0.391ns
  Clock Uncertainty:      0.035ns  ((TSJ^2 + TIJ^2)^1/2 + DJ) / 2 + PE
    Total System Jitter     (TSJ):    0.071ns
    Total Input Jitter      (TIJ):    0.000ns
    Discrete Jitter          (DJ):    0.000ns
    Phase Error              (PE):    0.000ns

    Location             Delay type                Incr(ns)  Path(ns)    Netlist Resource(s)
  -------------------------------------------------------------------    -------------------
                         (clock sys_clk_pin rise edge)
                                                      0.000     0.000 r  
    K17                                               0.000     0.000 r  clk (IN)
                         net (fo=0)                   0.000     0.000    clk
    K17                  IBUF (Prop_ibuf_I_O)         1.492     1.492 r  clk_IBUF_inst/O
                         net (fo=1, routed)           2.076     3.568    clk_IBUF
    BUFGCTRL_X0Y16       BUFG (Prop_bufg_I_O)         0.101     3.669 r  clk_IBUF_BUFG_inst/O
                         net (fo=2463, routed)        1.646     5.315    simon_says_debug_i/vio_0/inst/PROBE_OUT_ALL_INST/G_PROBE_OUT[0].PROBE_OUT0_INST/clk
    SLICE_X27Y70         FDRE                                         r  simon_says_debug_i/vio_0/inst/PROBE_OUT_ALL_INST/G_PROBE_OUT[0].PROBE_OUT0_INST/Probe_out_reg[1]/C
  -------------------------------------------------------------------    -------------------
    SLICE_X27Y70         FDRE (Prop_fdre_C_Q)         0.456     5.771 f  simon_says_debug_i/vio_0/inst/PROBE_OUT_ALL_INST/G_PROBE_OUT[0].PROBE_OUT0_INST/Probe_out_reg[1]/Q
                         net (fo=38, routed)          0.871     6.642    simon_says_debug_i/simon_v3_0/U0/difficult[1]
    SLICE_X27Y67         LUT2 (Prop_lut2_I1_O)        0.124     6.766 r  simon_says_debug_i/simon_v3_0/U0/nxt_state1_carry_i_20/O
                         net (fo=1, routed)           0.000     6.766    simon_says_debug_i/simon_v3_0/U0/nxt_state1_carry_i_20_n_0
    SLICE_X27Y67         CARRY4 (Prop_carry4_S[1]_CO[3])
                                                      0.550     7.316 r  simon_says_debug_i/simon_v3_0/U0/nxt_state1_carry_i_8/CO[3]
                         net (fo=1, routed)           0.000     7.316    simon_says_debug_i/simon_v3_0/U0/nxt_state1_carry_i_8_n_0
    SLICE_X27Y68         CARRY4 (Prop_carry4_CI_CO[3])
                                                      0.114     7.430 r  simon_says_debug_i/simon_v3_0/U0/nxt_state1_carry_i_7/CO[3]
                         net (fo=1, routed)           0.000     7.430    simon_says_debug_i/simon_v3_0/U0_n_27
    SLICE_X27Y69         CARRY4 (Prop_carry4_CI_CO[3])
                                                      0.114     7.544 r  simon_says_debug_i/simon_v3_0/nxt_state1_carry__0_i_10/CO[3]
                         net (fo=1, routed)           0.000     7.544    simon_says_debug_i/simon_v3_0/nxt_state1_carry__0_i_10_n_0
    SLICE_X27Y70         CARRY4 (Prop_carry4_CI_O[3])
                                                      0.313     7.857 r  simon_says_debug_i/simon_v3_0/nxt_state1_carry__0_i_9/O[3]
                         net (fo=2, routed)           0.647     8.504    simon_says_debug_i/simon_v3_0/U0/nxt_state1_carry__1_0[7]
    SLICE_X29Y70         LUT4 (Prop_lut4_I2_O)        0.306     8.810 r  simon_says_debug_i/simon_v3_0/U0/nxt_state1_carry__1_i_7/O
                         net (fo=1, routed)           0.000     8.810    simon_says_debug_i/simon_v3_0/U0/nxt_state1_carry__1_i_7_n_0
    SLICE_X29Y70         CARRY4 (Prop_carry4_S[1]_CO[3])
                                                      0.550     9.360 r  simon_says_debug_i/simon_v3_0/U0/nxt_state1_carry__1/CO[3]
                         net (fo=1, routed)           0.000     9.360    simon_says_debug_i/simon_v3_0/U0/nxt_state1_carry__1_n_0
    SLICE_X29Y71         CARRY4 (Prop_carry4_CI_CO[1])
                                                      0.157     9.517 r  simon_says_debug_i/simon_v3_0/U0/nxt_state1_carry__2/CO[1]
                         net (fo=10, routed)          0.545    10.063    simon_says_debug_i/simon_v3_0/U0/timer_ready
    SLICE_X29Y72         LUT6 (Prop_lut6_I0_O)        0.329    10.392 r  simon_says_debug_i/simon_v3_0/U0/timer[0]_i_14/O
                         net (fo=1, routed)           0.296    10.688    simon_says_debug_i/simon_v3_0/U0/timer[0]_i_14_n_0
    SLICE_X29Y73         LUT6 (Prop_lut6_I1_O)        0.124    10.812 r  simon_says_debug_i/simon_v3_0/U0/timer[0]_i_5/O
                         net (fo=1, routed)           0.425    11.237    simon_says_debug_i/simon_v3_0/U0/timer[0]_i_5_n_0
    SLICE_X31Y73         LUT6 (Prop_lut6_I1_O)        0.124    11.361 r  simon_says_debug_i/simon_v3_0/U0/timer[0]_i_1/O
                         net (fo=27, routed)          0.714    12.075    simon_says_debug_i/simon_v3_0/U0/clear
    SLICE_X30Y69         FDRE                                         r  simon_says_debug_i/simon_v3_0/U0/timer_reg[10]/R
  -------------------------------------------------------------------    -------------------

                         (clock sys_clk_pin rise edge)
                                                      8.000     8.000 r  
    K17                                               0.000     8.000 r  clk (IN)
                         net (fo=0)                   0.000     8.000    clk
    K17                  IBUF (Prop_ibuf_I_O)         1.421     9.421 r  clk_IBUF_inst/O
                         net (fo=1, routed)           1.880    11.301    clk_IBUF
    BUFGCTRL_X0Y16       BUFG (Prop_bufg_I_O)         0.091    11.392 r  clk_IBUF_BUFG_inst/O
                         net (fo=2463, routed)        1.475    12.867    simon_says_debug_i/simon_v3_0/U0/clk
    SLICE_X30Y69         FDRE                                         r  simon_says_debug_i/simon_v3_0/U0/timer_reg[10]/C
                         clock pessimism              0.391    13.258    
                         clock uncertainty           -0.035    13.222    
    SLICE_X30Y69         FDRE (Setup_fdre_C_R)       -0.524    12.698    simon_says_debug_i/simon_v3_0/U0/timer_reg[10]
  -------------------------------------------------------------------
                         required time                         12.698    
                         arrival time                         -12.075    
  -------------------------------------------------------------------
                         slack                                  0.624    

Slack (MET) :             0.624ns  (required time - arrival time)
  Source:                 simon_says_debug_i/vio_0/inst/PROBE_OUT_ALL_INST/G_PROBE_OUT[0].PROBE_OUT0_INST/Probe_out_reg[1]/C
                            (rising edge-triggered cell FDRE clocked by sys_clk_pin  {rise@0.000ns fall@4.000ns period=8.000ns})
  Destination:            simon_says_debug_i/simon_v3_0/U0/timer_reg[11]/R
                            (rising edge-triggered cell FDRE clocked by sys_clk_pin  {rise@0.000ns fall@4.000ns period=8.000ns})
  Path Group:             sys_clk_pin
  Path Type:              Setup (Max at Slow Process Corner)
  Requirement:            8.000ns  (sys_clk_pin rise@8.000ns - sys_clk_pin rise@0.000ns)
  Data Path Delay:        6.760ns  (logic 3.261ns (48.242%)  route 3.499ns (51.758%))
  Logic Levels:           11  (CARRY4=6 LUT2=1 LUT4=1 LUT6=3)
  Clock Path Skew:        -0.057ns (DCD - SCD + CPR)
    Destination Clock Delay (DCD):    4.867ns = ( 12.867 - 8.000 ) 
    Source Clock Delay      (SCD):    5.315ns
    Clock Pessimism Removal (CPR):    0.391ns
  Clock Uncertainty:      0.035ns  ((TSJ^2 + TIJ^2)^1/2 + DJ) / 2 + PE
    Total System Jitter     (TSJ):    0.071ns
    Total Input Jitter      (TIJ):    0.000ns
    Discrete Jitter          (DJ):    0.000ns
    Phase Error              (PE):    0.000ns

    Location             Delay type                Incr(ns)  Path(ns)    Netlist Resource(s)
  -------------------------------------------------------------------    -------------------
                         (clock sys_clk_pin rise edge)
                                                      0.000     0.000 r  
    K17                                               0.000     0.000 r  clk (IN)
                         net (fo=0)                   0.000     0.000    clk
    K17                  IBUF (Prop_ibuf_I_O)         1.492     1.492 r  clk_IBUF_inst/O
                         net (fo=1, routed)           2.076     3.568    clk_IBUF
    BUFGCTRL_X0Y16       BUFG (Prop_bufg_I_O)         0.101     3.669 r  clk_IBUF_BUFG_inst/O
                         net (fo=2463, routed)        1.646     5.315    simon_says_debug_i/vio_0/inst/PROBE_OUT_ALL_INST/G_PROBE_OUT[0].PROBE_OUT0_INST/clk
    SLICE_X27Y70         FDRE                                         r  simon_says_debug_i/vio_0/inst/PROBE_OUT_ALL_INST/G_PROBE_OUT[0].PROBE_OUT0_INST/Probe_out_reg[1]/C
  -------------------------------------------------------------------    -------------------
    SLICE_X27Y70         FDRE (Prop_fdre_C_Q)         0.456     5.771 f  simon_says_debug_i/vio_0/inst/PROBE_OUT_ALL_INST/G_PROBE_OUT[0].PROBE_OUT0_INST/Probe_out_reg[1]/Q
                         net (fo=38, routed)          0.871     6.642    simon_says_debug_i/simon_v3_0/U0/difficult[1]
    SLICE_X27Y67         LUT2 (Prop_lut2_I1_O)        0.124     6.766 r  simon_says_debug_i/simon_v3_0/U0/nxt_state1_carry_i_20/O
                         net (fo=1, routed)           0.000     6.766    simon_says_debug_i/simon_v3_0/U0/nxt_state1_carry_i_20_n_0
    SLICE_X27Y67         CARRY4 (Prop_carry4_S[1]_CO[3])
                                                      0.550     7.316 r  simon_says_debug_i/simon_v3_0/U0/nxt_state1_carry_i_8/CO[3]
                         net (fo=1, routed)           0.000     7.316    simon_says_debug_i/simon_v3_0/U0/nxt_state1_carry_i_8_n_0
    SLICE_X27Y68         CARRY4 (Prop_carry4_CI_CO[3])
                                                      0.114     7.430 r  simon_says_debug_i/simon_v3_0/U0/nxt_state1_carry_i_7/CO[3]
                         net (fo=1, routed)           0.000     7.430    simon_says_debug_i/simon_v3_0/U0_n_27
    SLICE_X27Y69         CARRY4 (Prop_carry4_CI_CO[3])
                                                      0.114     7.544 r  simon_says_debug_i/simon_v3_0/nxt_state1_carry__0_i_10/CO[3]
                         net (fo=1, routed)           0.000     7.544    simon_says_debug_i/simon_v3_0/nxt_state1_carry__0_i_10_n_0
    SLICE_X27Y70         CARRY4 (Prop_carry4_CI_O[3])
                                                      0.313     7.857 r  simon_says_debug_i/simon_v3_0/nxt_state1_carry__0_i_9/O[3]
                         net (fo=2, routed)           0.647     8.504    simon_says_debug_i/simon_v3_0/U0/nxt_state1_carry__1_0[7]
    SLICE_X29Y70         LUT4 (Prop_lut4_I2_O)        0.306     8.810 r  simon_says_debug_i/simon_v3_0/U0/nxt_state1_carry__1_i_7/O
                         net (fo=1, routed)           0.000     8.810    simon_says_debug_i/simon_v3_0/U0/nxt_state1_carry__1_i_7_n_0
    SLICE_X29Y70         CARRY4 (Prop_carry4_S[1]_CO[3])
                                                      0.550     9.360 r  simon_says_debug_i/simon_v3_0/U0/nxt_state1_carry__1/CO[3]
                         net (fo=1, routed)           0.000     9.360    simon_says_debug_i/simon_v3_0/U0/nxt_state1_carry__1_n_0
    SLICE_X29Y71         CARRY4 (Prop_carry4_CI_CO[1])
                                                      0.157     9.517 r  simon_says_debug_i/simon_v3_0/U0/nxt_state1_carry__2/CO[1]
                         net (fo=10, routed)          0.545    10.063    simon_says_debug_i/simon_v3_0/U0/timer_ready
    SLICE_X29Y72         LUT6 (Prop_lut6_I0_O)        0.329    10.392 r  simon_says_debug_i/simon_v3_0/U0/timer[0]_i_14/O
                         net (fo=1, routed)           0.296    10.688    simon_says_debug_i/simon_v3_0/U0/timer[0]_i_14_n_0
    SLICE_X29Y73         LUT6 (Prop_lut6_I1_O)        0.124    10.812 r  simon_says_debug_i/simon_v3_0/U0/timer[0]_i_5/O
                         net (fo=1, routed)           0.425    11.237    simon_says_debug_i/simon_v3_0/U0/timer[0]_i_5_n_0
    SLICE_X31Y73         LUT6 (Prop_lut6_I1_O)        0.124    11.361 r  simon_says_debug_i/simon_v3_0/U0/timer[0]_i_1/O
                         net (fo=27, routed)          0.714    12.075    simon_says_debug_i/simon_v3_0/U0/clear
    SLICE_X30Y69         FDRE                                         r  simon_says_debug_i/simon_v3_0/U0/timer_reg[11]/R
  -------------------------------------------------------------------    -------------------

                         (clock sys_clk_pin rise edge)
                                                      8.000     8.000 r  
    K17                                               0.000     8.000 r  clk (IN)
                         net (fo=0)                   0.000     8.000    clk
    K17                  IBUF (Prop_ibuf_I_O)         1.421     9.421 r  clk_IBUF_inst/O
                         net (fo=1, routed)           1.880    11.301    clk_IBUF
    BUFGCTRL_X0Y16       BUFG (Prop_bufg_I_O)         0.091    11.392 r  clk_IBUF_BUFG_inst/O
                         net (fo=2463, routed)        1.475    12.867    simon_says_debug_i/simon_v3_0/U0/clk
    SLICE_X30Y69         FDRE                                         r  simon_says_debug_i/simon_v3_0/U0/timer_reg[11]/C
                         clock pessimism              0.391    13.258    
                         clock uncertainty           -0.035    13.222    
    SLICE_X30Y69         FDRE (Setup_fdre_C_R)       -0.524    12.698    simon_says_debug_i/simon_v3_0/U0/timer_reg[11]
  -------------------------------------------------------------------
                         required time                         12.698    
                         arrival time                         -12.075    
  -------------------------------------------------------------------
                         slack                                  0.624    

Slack (MET) :             0.624ns  (required time - arrival time)
  Source:                 simon_says_debug_i/vio_0/inst/PROBE_OUT_ALL_INST/G_PROBE_OUT[0].PROBE_OUT0_INST/Probe_out_reg[1]/C
                            (rising edge-triggered cell FDRE clocked by sys_clk_pin  {rise@0.000ns fall@4.000ns period=8.000ns})
  Destination:            simon_says_debug_i/simon_v3_0/U0/timer_reg[8]/R
                            (rising edge-triggered cell FDRE clocked by sys_clk_pin  {rise@0.000ns fall@4.000ns period=8.000ns})
  Path Group:             sys_clk_pin
  Path Type:              Setup (Max at Slow Process Corner)
  Requirement:            8.000ns  (sys_clk_pin rise@8.000ns - sys_clk_pin rise@0.000ns)
  Data Path Delay:        6.760ns  (logic 3.261ns (48.242%)  route 3.499ns (51.758%))
  Logic Levels:           11  (CARRY4=6 LUT2=1 LUT4=1 LUT6=3)
  Clock Path Skew:        -0.057ns (DCD - SCD + CPR)
    Destination Clock Delay (DCD):    4.867ns = ( 12.867 - 8.000 ) 
    Source Clock Delay      (SCD):    5.315ns
    Clock Pessimism Removal (CPR):    0.391ns
  Clock Uncertainty:      0.035ns  ((TSJ^2 + TIJ^2)^1/2 + DJ) / 2 + PE
    Total System Jitter     (TSJ):    0.071ns
    Total Input Jitter      (TIJ):    0.000ns
    Discrete Jitter          (DJ):    0.000ns
    Phase Error              (PE):    0.000ns

    Location             Delay type                Incr(ns)  Path(ns)    Netlist Resource(s)
  -------------------------------------------------------------------    -------------------
                         (clock sys_clk_pin rise edge)
                                                      0.000     0.000 r  
    K17                                               0.000     0.000 r  clk (IN)
                         net (fo=0)                   0.000     0.000    clk
    K17                  IBUF (Prop_ibuf_I_O)         1.492     1.492 r  clk_IBUF_inst/O
                         net (fo=1, routed)           2.076     3.568    clk_IBUF
    BUFGCTRL_X0Y16       BUFG (Prop_bufg_I_O)         0.101     3.669 r  clk_IBUF_BUFG_inst/O
                         net (fo=2463, routed)        1.646     5.315    simon_says_debug_i/vio_0/inst/PROBE_OUT_ALL_INST/G_PROBE_OUT[0].PROBE_OUT0_INST/clk
    SLICE_X27Y70         FDRE                                         r  simon_says_debug_i/vio_0/inst/PROBE_OUT_ALL_INST/G_PROBE_OUT[0].PROBE_OUT0_INST/Probe_out_reg[1]/C
  -------------------------------------------------------------------    -------------------
    SLICE_X27Y70         FDRE (Prop_fdre_C_Q)         0.456     5.771 f  simon_says_debug_i/vio_0/inst/PROBE_OUT_ALL_INST/G_PROBE_OUT[0].PROBE_OUT0_INST/Probe_out_reg[1]/Q
                         net (fo=38, routed)          0.871     6.642    simon_says_debug_i/simon_v3_0/U0/difficult[1]
    SLICE_X27Y67         LUT2 (Prop_lut2_I1_O)        0.124     6.766 r  simon_says_debug_i/simon_v3_0/U0/nxt_state1_carry_i_20/O
                         net (fo=1, routed)           0.000     6.766    simon_says_debug_i/simon_v3_0/U0/nxt_state1_carry_i_20_n_0
    SLICE_X27Y67         CARRY4 (Prop_carry4_S[1]_CO[3])
                                                      0.550     7.316 r  simon_says_debug_i/simon_v3_0/U0/nxt_state1_carry_i_8/CO[3]
                         net (fo=1, routed)           0.000     7.316    simon_says_debug_i/simon_v3_0/U0/nxt_state1_carry_i_8_n_0
    SLICE_X27Y68         CARRY4 (Prop_carry4_CI_CO[3])
                                                      0.114     7.430 r  simon_says_debug_i/simon_v3_0/U0/nxt_state1_carry_i_7/CO[3]
                         net (fo=1, routed)           0.000     7.430    simon_says_debug_i/simon_v3_0/U0_n_27
    SLICE_X27Y69         CARRY4 (Prop_carry4_CI_CO[3])
                                                      0.114     7.544 r  simon_says_debug_i/simon_v3_0/nxt_state1_carry__0_i_10/CO[3]
                         net (fo=1, routed)           0.000     7.544    simon_says_debug_i/simon_v3_0/nxt_state1_carry__0_i_10_n_0
    SLICE_X27Y70         CARRY4 (Prop_carry4_CI_O[3])
                                                      0.313     7.857 r  simon_says_debug_i/simon_v3_0/nxt_state1_carry__0_i_9/O[3]
                         net (fo=2, routed)           0.647     8.504    simon_says_debug_i/simon_v3_0/U0/nxt_state1_carry__1_0[7]
    SLICE_X29Y70         LUT4 (Prop_lut4_I2_O)        0.306     8.810 r  simon_says_debug_i/simon_v3_0/U0/nxt_state1_carry__1_i_7/O
                         net (fo=1, routed)           0.000     8.810    simon_says_debug_i/simon_v3_0/U0/nxt_state1_carry__1_i_7_n_0
    SLICE_X29Y70         CARRY4 (Prop_carry4_S[1]_CO[3])
                                                      0.550     9.360 r  simon_says_debug_i/simon_v3_0/U0/nxt_state1_carry__1/CO[3]
                         net (fo=1, routed)           0.000     9.360    simon_says_debug_i/simon_v3_0/U0/nxt_state1_carry__1_n_0
    SLICE_X29Y71         CARRY4 (Prop_carry4_CI_CO[1])
                                                      0.157     9.517 r  simon_says_debug_i/simon_v3_0/U0/nxt_state1_carry__2/CO[1]
                         net (fo=10, routed)          0.545    10.063    simon_says_debug_i/simon_v3_0/U0/timer_ready
    SLICE_X29Y72         LUT6 (Prop_lut6_I0_O)        0.329    10.392 r  simon_says_debug_i/simon_v3_0/U0/timer[0]_i_14/O
                         net (fo=1, routed)           0.296    10.688    simon_says_debug_i/simon_v3_0/U0/timer[0]_i_14_n_0
    SLICE_X29Y73         LUT6 (Prop_lut6_I1_O)        0.124    10.812 r  simon_says_debug_i/simon_v3_0/U0/timer[0]_i_5/O
                         net (fo=1, routed)           0.425    11.237    simon_says_debug_i/simon_v3_0/U0/timer[0]_i_5_n_0
    SLICE_X31Y73         LUT6 (Prop_lut6_I1_O)        0.124    11.361 r  simon_says_debug_i/simon_v3_0/U0/timer[0]_i_1/O
                         net (fo=27, routed)          0.714    12.075    simon_says_debug_i/simon_v3_0/U0/clear
    SLICE_X30Y69         FDRE                                         r  simon_says_debug_i/simon_v3_0/U0/timer_reg[8]/R
  -------------------------------------------------------------------    -------------------

                         (clock sys_clk_pin rise edge)
                                                      8.000     8.000 r  
    K17                                               0.000     8.000 r  clk (IN)
                         net (fo=0)                   0.000     8.000    clk
    K17                  IBUF (Prop_ibuf_I_O)         1.421     9.421 r  clk_IBUF_inst/O
                         net (fo=1, routed)           1.880    11.301    clk_IBUF
    BUFGCTRL_X0Y16       BUFG (Prop_bufg_I_O)         0.091    11.392 r  clk_IBUF_BUFG_inst/O
                         net (fo=2463, routed)        1.475    12.867    simon_says_debug_i/simon_v3_0/U0/clk
    SLICE_X30Y69         FDRE                                         r  simon_says_debug_i/simon_v3_0/U0/timer_reg[8]/C
                         clock pessimism              0.391    13.258    
                         clock uncertainty           -0.035    13.222    
    SLICE_X30Y69         FDRE (Setup_fdre_C_R)       -0.524    12.698    simon_says_debug_i/simon_v3_0/U0/timer_reg[8]
  -------------------------------------------------------------------
                         required time                         12.698    
                         arrival time                         -12.075    
  -------------------------------------------------------------------
                         slack                                  0.624    

Slack (MET) :             0.624ns  (required time - arrival time)
  Source:                 simon_says_debug_i/vio_0/inst/PROBE_OUT_ALL_INST/G_PROBE_OUT[0].PROBE_OUT0_INST/Probe_out_reg[1]/C
                            (rising edge-triggered cell FDRE clocked by sys_clk_pin  {rise@0.000ns fall@4.000ns period=8.000ns})
  Destination:            simon_says_debug_i/simon_v3_0/U0/timer_reg[9]/R
                            (rising edge-triggered cell FDRE clocked by sys_clk_pin  {rise@0.000ns fall@4.000ns period=8.000ns})
  Path Group:             sys_clk_pin
  Path Type:              Setup (Max at Slow Process Corner)
  Requirement:            8.000ns  (sys_clk_pin rise@8.000ns - sys_clk_pin rise@0.000ns)
  Data Path Delay:        6.760ns  (logic 3.261ns (48.242%)  route 3.499ns (51.758%))
  Logic Levels:           11  (CARRY4=6 LUT2=1 LUT4=1 LUT6=3)
  Clock Path Skew:        -0.057ns (DCD - SCD + CPR)
    Destination Clock Delay (DCD):    4.867ns = ( 12.867 - 8.000 ) 
    Source Clock Delay      (SCD):    5.315ns
    Clock Pessimism Removal (CPR):    0.391ns
  Clock Uncertainty:      0.035ns  ((TSJ^2 + TIJ^2)^1/2 + DJ) / 2 + PE
    Total System Jitter     (TSJ):    0.071ns
    Total Input Jitter      (TIJ):    0.000ns
    Discrete Jitter          (DJ):    0.000ns
    Phase Error              (PE):    0.000ns

    Location             Delay type                Incr(ns)  Path(ns)    Netlist Resource(s)
  -------------------------------------------------------------------    -------------------
                         (clock sys_clk_pin rise edge)
                                                      0.000     0.000 r  
    K17                                               0.000     0.000 r  clk (IN)
                         net (fo=0)                   0.000     0.000    clk
    K17                  IBUF (Prop_ibuf_I_O)         1.492     1.492 r  clk_IBUF_inst/O
                         net (fo=1, routed)           2.076     3.568    clk_IBUF
    BUFGCTRL_X0Y16       BUFG (Prop_bufg_I_O)         0.101     3.669 r  clk_IBUF_BUFG_inst/O
                         net (fo=2463, routed)        1.646     5.315    simon_says_debug_i/vio_0/inst/PROBE_OUT_ALL_INST/G_PROBE_OUT[0].PROBE_OUT0_INST/clk
    SLICE_X27Y70         FDRE                                         r  simon_says_debug_i/vio_0/inst/PROBE_OUT_ALL_INST/G_PROBE_OUT[0].PROBE_OUT0_INST/Probe_out_reg[1]/C
  -------------------------------------------------------------------    -------------------
    SLICE_X27Y70         FDRE (Prop_fdre_C_Q)         0.456     5.771 f  simon_says_debug_i/vio_0/inst/PROBE_OUT_ALL_INST/G_PROBE_OUT[0].PROBE_OUT0_INST/Probe_out_reg[1]/Q
                         net (fo=38, routed)          0.871     6.642    simon_says_debug_i/simon_v3_0/U0/difficult[1]
    SLICE_X27Y67         LUT2 (Prop_lut2_I1_O)        0.124     6.766 r  simon_says_debug_i/simon_v3_0/U0/nxt_state1_carry_i_20/O
                         net (fo=1, routed)           0.000     6.766    simon_says_debug_i/simon_v3_0/U0/nxt_state1_carry_i_20_n_0
    SLICE_X27Y67         CARRY4 (Prop_carry4_S[1]_CO[3])
                                                      0.550     7.316 r  simon_says_debug_i/simon_v3_0/U0/nxt_state1_carry_i_8/CO[3]
                         net (fo=1, routed)           0.000     7.316    simon_says_debug_i/simon_v3_0/U0/nxt_state1_carry_i_8_n_0
    SLICE_X27Y68         CARRY4 (Prop_carry4_CI_CO[3])
                                                      0.114     7.430 r  simon_says_debug_i/simon_v3_0/U0/nxt_state1_carry_i_7/CO[3]
                         net (fo=1, routed)           0.000     7.430    simon_says_debug_i/simon_v3_0/U0_n_27
    SLICE_X27Y69         CARRY4 (Prop_carry4_CI_CO[3])
                                                      0.114     7.544 r  simon_says_debug_i/simon_v3_0/nxt_state1_carry__0_i_10/CO[3]
                         net (fo=1, routed)           0.000     7.544    simon_says_debug_i/simon_v3_0/nxt_state1_carry__0_i_10_n_0
    SLICE_X27Y70         CARRY4 (Prop_carry4_CI_O[3])
                                                      0.313     7.857 r  simon_says_debug_i/simon_v3_0/nxt_state1_carry__0_i_9/O[3]
                         net (fo=2, routed)           0.647     8.504    simon_says_debug_i/simon_v3_0/U0/nxt_state1_carry__1_0[7]
    SLICE_X29Y70         LUT4 (Prop_lut4_I2_O)        0.306     8.810 r  simon_says_debug_i/simon_v3_0/U0/nxt_state1_carry__1_i_7/O
                         net (fo=1, routed)           0.000     8.810    simon_says_debug_i/simon_v3_0/U0/nxt_state1_carry__1_i_7_n_0
    SLICE_X29Y70         CARRY4 (Prop_carry4_S[1]_CO[3])
                                                      0.550     9.360 r  simon_says_debug_i/simon_v3_0/U0/nxt_state1_carry__1/CO[3]
                         net (fo=1, routed)           0.000     9.360    simon_says_debug_i/simon_v3_0/U0/nxt_state1_carry__1_n_0
    SLICE_X29Y71         CARRY4 (Prop_carry4_CI_CO[1])
                                                      0.157     9.517 r  simon_says_debug_i/simon_v3_0/U0/nxt_state1_carry__2/CO[1]
                         net (fo=10, routed)          0.545    10.063    simon_says_debug_i/simon_v3_0/U0/timer_ready
    SLICE_X29Y72         LUT6 (Prop_lut6_I0_O)        0.329    10.392 r  simon_says_debug_i/simon_v3_0/U0/timer[0]_i_14/O
                         net (fo=1, routed)           0.296    10.688    simon_says_debug_i/simon_v3_0/U0/timer[0]_i_14_n_0
    SLICE_X29Y73         LUT6 (Prop_lut6_I1_O)        0.124    10.812 r  simon_says_debug_i/simon_v3_0/U0/timer[0]_i_5/O
                         net (fo=1, routed)           0.425    11.237    simon_says_debug_i/simon_v3_0/U0/timer[0]_i_5_n_0
    SLICE_X31Y73         LUT6 (Prop_lut6_I1_O)        0.124    11.361 r  simon_says_debug_i/simon_v3_0/U0/timer[0]_i_1/O
                         net (fo=27, routed)          0.714    12.075    simon_says_debug_i/simon_v3_0/U0/clear
    SLICE_X30Y69         FDRE                                         r  simon_says_debug_i/simon_v3_0/U0/timer_reg[9]/R
  -------------------------------------------------------------------    -------------------

                         (clock sys_clk_pin rise edge)
                                                      8.000     8.000 r  
    K17                                               0.000     8.000 r  clk (IN)
                         net (fo=0)                   0.000     8.000    clk
    K17                  IBUF (Prop_ibuf_I_O)         1.421     9.421 r  clk_IBUF_inst/O
                         net (fo=1, routed)           1.880    11.301    clk_IBUF
    BUFGCTRL_X0Y16       BUFG (Prop_bufg_I_O)         0.091    11.392 r  clk_IBUF_BUFG_inst/O
                         net (fo=2463, routed)        1.475    12.867    simon_says_debug_i/simon_v3_0/U0/clk
    SLICE_X30Y69         FDRE                                         r  simon_says_debug_i/simon_v3_0/U0/timer_reg[9]/C
                         clock pessimism              0.391    13.258    
                         clock uncertainty           -0.035    13.222    
    SLICE_X30Y69         FDRE (Setup_fdre_C_R)       -0.524    12.698    simon_says_debug_i/simon_v3_0/U0/timer_reg[9]
  -------------------------------------------------------------------
                         required time                         12.698    
                         arrival time                         -12.075    
  -------------------------------------------------------------------
                         slack                                  0.624    

Slack (MET) :             0.671ns  (required time - arrival time)
  Source:                 simon_says_debug_i/vio_0/inst/PROBE_OUT_ALL_INST/G_PROBE_OUT[0].PROBE_OUT0_INST/Probe_out_reg[1]/C
                            (rising edge-triggered cell FDRE clocked by sys_clk_pin  {rise@0.000ns fall@4.000ns period=8.000ns})
  Destination:            simon_says_debug_i/simon_v3_0/U0/timer_reg[24]/R
                            (rising edge-triggered cell FDRE clocked by sys_clk_pin  {rise@0.000ns fall@4.000ns period=8.000ns})
  Path Group:             sys_clk_pin
  Path Type:              Setup (Max at Slow Process Corner)
  Requirement:            8.000ns  (sys_clk_pin rise@8.000ns - sys_clk_pin rise@0.000ns)
  Data Path Delay:        6.709ns  (logic 3.261ns (48.607%)  route 3.448ns (51.393%))
  Logic Levels:           11  (CARRY4=6 LUT2=1 LUT4=1 LUT6=3)
  Clock Path Skew:        -0.061ns (DCD - SCD + CPR)
    Destination Clock Delay (DCD):    4.863ns = ( 12.863 - 8.000 ) 
    Source Clock Delay      (SCD):    5.315ns
    Clock Pessimism Removal (CPR):    0.391ns
  Clock Uncertainty:      0.035ns  ((TSJ^2 + TIJ^2)^1/2 + DJ) / 2 + PE
    Total System Jitter     (TSJ):    0.071ns
    Total Input Jitter      (TIJ):    0.000ns
    Discrete Jitter          (DJ):    0.000ns
    Phase Error              (PE):    0.000ns

    Location             Delay type                Incr(ns)  Path(ns)    Netlist Resource(s)
  -------------------------------------------------------------------    -------------------
                         (clock sys_clk_pin rise edge)
                                                      0.000     0.000 r  
    K17                                               0.000     0.000 r  clk (IN)
                         net (fo=0)                   0.000     0.000    clk
    K17                  IBUF (Prop_ibuf_I_O)         1.492     1.492 r  clk_IBUF_inst/O
                         net (fo=1, routed)           2.076     3.568    clk_IBUF
    BUFGCTRL_X0Y16       BUFG (Prop_bufg_I_O)         0.101     3.669 r  clk_IBUF_BUFG_inst/O
                         net (fo=2463, routed)        1.646     5.315    simon_says_debug_i/vio_0/inst/PROBE_OUT_ALL_INST/G_PROBE_OUT[0].PROBE_OUT0_INST/clk
    SLICE_X27Y70         FDRE                                         r  simon_says_debug_i/vio_0/inst/PROBE_OUT_ALL_INST/G_PROBE_OUT[0].PROBE_OUT0_INST/Probe_out_reg[1]/C
  -------------------------------------------------------------------    -------------------
    SLICE_X27Y70         FDRE (Prop_fdre_C_Q)         0.456     5.771 f  simon_says_debug_i/vio_0/inst/PROBE_OUT_ALL_INST/G_PROBE_OUT[0].PROBE_OUT0_INST/Probe_out_reg[1]/Q
                         net (fo=38, routed)          0.871     6.642    simon_says_debug_i/simon_v3_0/U0/difficult[1]
    SLICE_X27Y67         LUT2 (Prop_lut2_I1_O)        0.124     6.766 r  simon_says_debug_i/simon_v3_0/U0/nxt_state1_carry_i_20/O
                         net (fo=1, routed)           0.000     6.766    simon_says_debug_i/simon_v3_0/U0/nxt_state1_carry_i_20_n_0
    SLICE_X27Y67         CARRY4 (Prop_carry4_S[1]_CO[3])
                                                      0.550     7.316 r  simon_says_debug_i/simon_v3_0/U0/nxt_state1_carry_i_8/CO[3]
                         net (fo=1, routed)           0.000     7.316    simon_says_debug_i/simon_v3_0/U0/nxt_state1_carry_i_8_n_0
    SLICE_X27Y68         CARRY4 (Prop_carry4_CI_CO[3])
                                                      0.114     7.430 r  simon_says_debug_i/simon_v3_0/U0/nxt_state1_carry_i_7/CO[3]
                         net (fo=1, routed)           0.000     7.430    simon_says_debug_i/simon_v3_0/U0_n_27
    SLICE_X27Y69         CARRY4 (Prop_carry4_CI_CO[3])
                                                      0.114     7.544 r  simon_says_debug_i/simon_v3_0/nxt_state1_carry__0_i_10/CO[3]
                         net (fo=1, routed)           0.000     7.544    simon_says_debug_i/simon_v3_0/nxt_state1_carry__0_i_10_n_0
    SLICE_X27Y70         CARRY4 (Prop_carry4_CI_O[3])
                                                      0.313     7.857 r  simon_says_debug_i/simon_v3_0/nxt_state1_carry__0_i_9/O[3]
                         net (fo=2, routed)           0.647     8.504    simon_says_debug_i/simon_v3_0/U0/nxt_state1_carry__1_0[7]
    SLICE_X29Y70         LUT4 (Prop_lut4_I2_O)        0.306     8.810 r  simon_says_debug_i/simon_v3_0/U0/nxt_state1_carry__1_i_7/O
                         net (fo=1, routed)           0.000     8.810    simon_says_debug_i/simon_v3_0/U0/nxt_state1_carry__1_i_7_n_0
    SLICE_X29Y70         CARRY4 (Prop_carry4_S[1]_CO[3])
                                                      0.550     9.360 r  simon_says_debug_i/simon_v3_0/U0/nxt_state1_carry__1/CO[3]
                         net (fo=1, routed)           0.000     9.360    simon_says_debug_i/simon_v3_0/U0/nxt_state1_carry__1_n_0
    SLICE_X29Y71         CARRY4 (Prop_carry4_CI_CO[1])
                                                      0.157     9.517 r  simon_says_debug_i/simon_v3_0/U0/nxt_state1_carry__2/CO[1]
                         net (fo=10, routed)          0.545    10.063    simon_says_debug_i/simon_v3_0/U0/timer_ready
    SLICE_X29Y72         LUT6 (Prop_lut6_I0_O)        0.329    10.392 r  simon_says_debug_i/simon_v3_0/U0/timer[0]_i_14/O
                         net (fo=1, routed)           0.296    10.688    simon_says_debug_i/simon_v3_0/U0/timer[0]_i_14_n_0
    SLICE_X29Y73         LUT6 (Prop_lut6_I1_O)        0.124    10.812 r  simon_says_debug_i/simon_v3_0/U0/timer[0]_i_5/O
                         net (fo=1, routed)           0.425    11.237    simon_says_debug_i/simon_v3_0/U0/timer[0]_i_5_n_0
    SLICE_X31Y73         LUT6 (Prop_lut6_I1_O)        0.124    11.361 r  simon_says_debug_i/simon_v3_0/U0/timer[0]_i_1/O
                         net (fo=27, routed)          0.663    12.024    simon_says_debug_i/simon_v3_0/U0/clear
    SLICE_X30Y73         FDRE                                         r  simon_says_debug_i/simon_v3_0/U0/timer_reg[24]/R
  -------------------------------------------------------------------    -------------------

                         (clock sys_clk_pin rise edge)
                                                      8.000     8.000 r  
    K17                                               0.000     8.000 r  clk (IN)
                         net (fo=0)                   0.000     8.000    clk
    K17                  IBUF (Prop_ibuf_I_O)         1.421     9.421 r  clk_IBUF_inst/O
                         net (fo=1, routed)           1.880    11.301    clk_IBUF
    BUFGCTRL_X0Y16       BUFG (Prop_bufg_I_O)         0.091    11.392 r  clk_IBUF_BUFG_inst/O
                         net (fo=2463, routed)        1.471    12.863    simon_says_debug_i/simon_v3_0/U0/clk
    SLICE_X30Y73         FDRE                                         r  simon_says_debug_i/simon_v3_0/U0/timer_reg[24]/C
                         clock pessimism              0.391    13.254    
                         clock uncertainty           -0.035    13.218    
    SLICE_X30Y73         FDRE (Setup_fdre_C_R)       -0.524    12.694    simon_says_debug_i/simon_v3_0/U0/timer_reg[24]
  -------------------------------------------------------------------
                         required time                         12.694    
                         arrival time                         -12.024    
  -------------------------------------------------------------------
                         slack                                  0.671    

Slack (MET) :             0.671ns  (required time - arrival time)
  Source:                 simon_says_debug_i/vio_0/inst/PROBE_OUT_ALL_INST/G_PROBE_OUT[0].PROBE_OUT0_INST/Probe_out_reg[1]/C
                            (rising edge-triggered cell FDRE clocked by sys_clk_pin  {rise@0.000ns fall@4.000ns period=8.000ns})
  Destination:            simon_says_debug_i/simon_v3_0/U0/timer_reg[25]/R
                            (rising edge-triggered cell FDRE clocked by sys_clk_pin  {rise@0.000ns fall@4.000ns period=8.000ns})
  Path Group:             sys_clk_pin
  Path Type:              Setup (Max at Slow Process Corner)
  Requirement:            8.000ns  (sys_clk_pin rise@8.000ns - sys_clk_pin rise@0.000ns)
  Data Path Delay:        6.709ns  (logic 3.261ns (48.607%)  route 3.448ns (51.393%))
  Logic Levels:           11  (CARRY4=6 LUT2=1 LUT4=1 LUT6=3)
  Clock Path Skew:        -0.061ns (DCD - SCD + CPR)
    Destination Clock Delay (DCD):    4.863ns = ( 12.863 - 8.000 ) 
    Source Clock Delay      (SCD):    5.315ns
    Clock Pessimism Removal (CPR):    0.391ns
  Clock Uncertainty:      0.035ns  ((TSJ^2 + TIJ^2)^1/2 + DJ) / 2 + PE
    Total System Jitter     (TSJ):    0.071ns
    Total Input Jitter      (TIJ):    0.000ns
    Discrete Jitter          (DJ):    0.000ns
    Phase Error              (PE):    0.000ns

    Location             Delay type                Incr(ns)  Path(ns)    Netlist Resource(s)
  -------------------------------------------------------------------    -------------------
                         (clock sys_clk_pin rise edge)
                                                      0.000     0.000 r  
    K17                                               0.000     0.000 r  clk (IN)
                         net (fo=0)                   0.000     0.000    clk
    K17                  IBUF (Prop_ibuf_I_O)         1.492     1.492 r  clk_IBUF_inst/O
                         net (fo=1, routed)           2.076     3.568    clk_IBUF
    BUFGCTRL_X0Y16       BUFG (Prop_bufg_I_O)         0.101     3.669 r  clk_IBUF_BUFG_inst/O
                         net (fo=2463, routed)        1.646     5.315    simon_says_debug_i/vio_0/inst/PROBE_OUT_ALL_INST/G_PROBE_OUT[0].PROBE_OUT0_INST/clk
    SLICE_X27Y70         FDRE                                         r  simon_says_debug_i/vio_0/inst/PROBE_OUT_ALL_INST/G_PROBE_OUT[0].PROBE_OUT0_INST/Probe_out_reg[1]/C
  -------------------------------------------------------------------    -------------------
    SLICE_X27Y70         FDRE (Prop_fdre_C_Q)         0.456     5.771 f  simon_says_debug_i/vio_0/inst/PROBE_OUT_ALL_INST/G_PROBE_OUT[0].PROBE_OUT0_INST/Probe_out_reg[1]/Q
                         net (fo=38, routed)          0.871     6.642    simon_says_debug_i/simon_v3_0/U0/difficult[1]
    SLICE_X27Y67         LUT2 (Prop_lut2_I1_O)        0.124     6.766 r  simon_says_debug_i/simon_v3_0/U0/nxt_state1_carry_i_20/O
                         net (fo=1, routed)           0.000     6.766    simon_says_debug_i/simon_v3_0/U0/nxt_state1_carry_i_20_n_0
    SLICE_X27Y67         CARRY4 (Prop_carry4_S[1]_CO[3])
                                                      0.550     7.316 r  simon_says_debug_i/simon_v3_0/U0/nxt_state1_carry_i_8/CO[3]
                         net (fo=1, routed)           0.000     7.316    simon_says_debug_i/simon_v3_0/U0/nxt_state1_carry_i_8_n_0
    SLICE_X27Y68         CARRY4 (Prop_carry4_CI_CO[3])
                                                      0.114     7.430 r  simon_says_debug_i/simon_v3_0/U0/nxt_state1_carry_i_7/CO[3]
                         net (fo=1, routed)           0.000     7.430    simon_says_debug_i/simon_v3_0/U0_n_27
    SLICE_X27Y69         CARRY4 (Prop_carry4_CI_CO[3])
                                                      0.114     7.544 r  simon_says_debug_i/simon_v3_0/nxt_state1_carry__0_i_10/CO[3]
                         net (fo=1, routed)           0.000     7.544    simon_says_debug_i/simon_v3_0/nxt_state1_carry__0_i_10_n_0
    SLICE_X27Y70         CARRY4 (Prop_carry4_CI_O[3])
                                                      0.313     7.857 r  simon_says_debug_i/simon_v3_0/nxt_state1_carry__0_i_9/O[3]
                         net (fo=2, routed)           0.647     8.504    simon_says_debug_i/simon_v3_0/U0/nxt_state1_carry__1_0[7]
    SLICE_X29Y70         LUT4 (Prop_lut4_I2_O)        0.306     8.810 r  simon_says_debug_i/simon_v3_0/U0/nxt_state1_carry__1_i_7/O
                         net (fo=1, routed)           0.000     8.810    simon_says_debug_i/simon_v3_0/U0/nxt_state1_carry__1_i_7_n_0
    SLICE_X29Y70         CARRY4 (Prop_carry4_S[1]_CO[3])
                                                      0.550     9.360 r  simon_says_debug_i/simon_v3_0/U0/nxt_state1_carry__1/CO[3]
                         net (fo=1, routed)           0.000     9.360    simon_says_debug_i/simon_v3_0/U0/nxt_state1_carry__1_n_0
    SLICE_X29Y71         CARRY4 (Prop_carry4_CI_CO[1])
                                                      0.157     9.517 r  simon_says_debug_i/simon_v3_0/U0/nxt_state1_carry__2/CO[1]
                         net (fo=10, routed)          0.545    10.063    simon_says_debug_i/simon_v3_0/U0/timer_ready
    SLICE_X29Y72         LUT6 (Prop_lut6_I0_O)        0.329    10.392 r  simon_says_debug_i/simon_v3_0/U0/timer[0]_i_14/O
                         net (fo=1, routed)           0.296    10.688    simon_says_debug_i/simon_v3_0/U0/timer[0]_i_14_n_0
    SLICE_X29Y73         LUT6 (Prop_lut6_I1_O)        0.124    10.812 r  simon_says_debug_i/simon_v3_0/U0/timer[0]_i_5/O
                         net (fo=1, routed)           0.425    11.237    simon_says_debug_i/simon_v3_0/U0/timer[0]_i_5_n_0
    SLICE_X31Y73         LUT6 (Prop_lut6_I1_O)        0.124    11.361 r  simon_says_debug_i/simon_v3_0/U0/timer[0]_i_1/O
                         net (fo=27, routed)          0.663    12.024    simon_says_debug_i/simon_v3_0/U0/clear
    SLICE_X30Y73         FDRE                                         r  simon_says_debug_i/simon_v3_0/U0/timer_reg[25]/R
  -------------------------------------------------------------------    -------------------

                         (clock sys_clk_pin rise edge)
                                                      8.000     8.000 r  
    K17                                               0.000     8.000 r  clk (IN)
                         net (fo=0)                   0.000     8.000    clk
    K17                  IBUF (Prop_ibuf_I_O)         1.421     9.421 r  clk_IBUF_inst/O
                         net (fo=1, routed)           1.880    11.301    clk_IBUF
    BUFGCTRL_X0Y16       BUFG (Prop_bufg_I_O)         0.091    11.392 r  clk_IBUF_BUFG_inst/O
                         net (fo=2463, routed)        1.471    12.863    simon_says_debug_i/simon_v3_0/U0/clk
    SLICE_X30Y73         FDRE                                         r  simon_says_debug_i/simon_v3_0/U0/timer_reg[25]/C
                         clock pessimism              0.391    13.254    
                         clock uncertainty           -0.035    13.218    
    SLICE_X30Y73         FDRE (Setup_fdre_C_R)       -0.524    12.694    simon_says_debug_i/simon_v3_0/U0/timer_reg[25]
  -------------------------------------------------------------------
                         required time                         12.694    
                         arrival time                         -12.024    
  -------------------------------------------------------------------
                         slack                                  0.671    

Slack (MET) :             0.671ns  (required time - arrival time)
  Source:                 simon_says_debug_i/vio_0/inst/PROBE_OUT_ALL_INST/G_PROBE_OUT[0].PROBE_OUT0_INST/Probe_out_reg[1]/C
                            (rising edge-triggered cell FDRE clocked by sys_clk_pin  {rise@0.000ns fall@4.000ns period=8.000ns})
  Destination:            simon_says_debug_i/simon_v3_0/U0/timer_reg[26]/R
                            (rising edge-triggered cell FDRE clocked by sys_clk_pin  {rise@0.000ns fall@4.000ns period=8.000ns})
  Path Group:             sys_clk_pin
  Path Type:              Setup (Max at Slow Process Corner)
  Requirement:            8.000ns  (sys_clk_pin rise@8.000ns - sys_clk_pin rise@0.000ns)
  Data Path Delay:        6.709ns  (logic 3.261ns (48.607%)  route 3.448ns (51.393%))
  Logic Levels:           11  (CARRY4=6 LUT2=1 LUT4=1 LUT6=3)
  Clock Path Skew:        -0.061ns (DCD - SCD + CPR)
    Destination Clock Delay (DCD):    4.863ns = ( 12.863 - 8.000 ) 
    Source Clock Delay      (SCD):    5.315ns
    Clock Pessimism Removal (CPR):    0.391ns
  Clock Uncertainty:      0.035ns  ((TSJ^2 + TIJ^2)^1/2 + DJ) / 2 + PE
    Total System Jitter     (TSJ):    0.071ns
    Total Input Jitter      (TIJ):    0.000ns
    Discrete Jitter          (DJ):    0.000ns
    Phase Error              (PE):    0.000ns

    Location             Delay type                Incr(ns)  Path(ns)    Netlist Resource(s)
  -------------------------------------------------------------------    -------------------
                         (clock sys_clk_pin rise edge)
                                                      0.000     0.000 r  
    K17                                               0.000     0.000 r  clk (IN)
                         net (fo=0)                   0.000     0.000    clk
    K17                  IBUF (Prop_ibuf_I_O)         1.492     1.492 r  clk_IBUF_inst/O
                         net (fo=1, routed)           2.076     3.568    clk_IBUF
    BUFGCTRL_X0Y16       BUFG (Prop_bufg_I_O)         0.101     3.669 r  clk_IBUF_BUFG_inst/O
                         net (fo=2463, routed)        1.646     5.315    simon_says_debug_i/vio_0/inst/PROBE_OUT_ALL_INST/G_PROBE_OUT[0].PROBE_OUT0_INST/clk
    SLICE_X27Y70         FDRE                                         r  simon_says_debug_i/vio_0/inst/PROBE_OUT_ALL_INST/G_PROBE_OUT[0].PROBE_OUT0_INST/Probe_out_reg[1]/C
  -------------------------------------------------------------------    -------------------
    SLICE_X27Y70         FDRE (Prop_fdre_C_Q)         0.456     5.771 f  simon_says_debug_i/vio_0/inst/PROBE_OUT_ALL_INST/G_PROBE_OUT[0].PROBE_OUT0_INST/Probe_out_reg[1]/Q
                         net (fo=38, routed)          0.871     6.642    simon_says_debug_i/simon_v3_0/U0/difficult[1]
    SLICE_X27Y67         LUT2 (Prop_lut2_I1_O)        0.124     6.766 r  simon_says_debug_i/simon_v3_0/U0/nxt_state1_carry_i_20/O
                         net (fo=1, routed)           0.000     6.766    simon_says_debug_i/simon_v3_0/U0/nxt_state1_carry_i_20_n_0
    SLICE_X27Y67         CARRY4 (Prop_carry4_S[1]_CO[3])
                                                      0.550     7.316 r  simon_says_debug_i/simon_v3_0/U0/nxt_state1_carry_i_8/CO[3]
                         net (fo=1, routed)           0.000     7.316    simon_says_debug_i/simon_v3_0/U0/nxt_state1_carry_i_8_n_0
    SLICE_X27Y68         CARRY4 (Prop_carry4_CI_CO[3])
                                                      0.114     7.430 r  simon_says_debug_i/simon_v3_0/U0/nxt_state1_carry_i_7/CO[3]
                         net (fo=1, routed)           0.000     7.430    simon_says_debug_i/simon_v3_0/U0_n_27
    SLICE_X27Y69         CARRY4 (Prop_carry4_CI_CO[3])
                                                      0.114     7.544 r  simon_says_debug_i/simon_v3_0/nxt_state1_carry__0_i_10/CO[3]
                         net (fo=1, routed)           0.000     7.544    simon_says_debug_i/simon_v3_0/nxt_state1_carry__0_i_10_n_0
    SLICE_X27Y70         CARRY4 (Prop_carry4_CI_O[3])
                                                      0.313     7.857 r  simon_says_debug_i/simon_v3_0/nxt_state1_carry__0_i_9/O[3]
                         net (fo=2, routed)           0.647     8.504    simon_says_debug_i/simon_v3_0/U0/nxt_state1_carry__1_0[7]
    SLICE_X29Y70         LUT4 (Prop_lut4_I2_O)        0.306     8.810 r  simon_says_debug_i/simon_v3_0/U0/nxt_state1_carry__1_i_7/O
                         net (fo=1, routed)           0.000     8.810    simon_says_debug_i/simon_v3_0/U0/nxt_state1_carry__1_i_7_n_0
    SLICE_X29Y70         CARRY4 (Prop_carry4_S[1]_CO[3])
                                                      0.550     9.360 r  simon_says_debug_i/simon_v3_0/U0/nxt_state1_carry__1/CO[3]
                         net (fo=1, routed)           0.000     9.360    simon_says_debug_i/simon_v3_0/U0/nxt_state1_carry__1_n_0
    SLICE_X29Y71         CARRY4 (Prop_carry4_CI_CO[1])
                                                      0.157     9.517 r  simon_says_debug_i/simon_v3_0/U0/nxt_state1_carry__2/CO[1]
                         net (fo=10, routed)          0.545    10.063    simon_says_debug_i/simon_v3_0/U0/timer_ready
    SLICE_X29Y72         LUT6 (Prop_lut6_I0_O)        0.329    10.392 r  simon_says_debug_i/simon_v3_0/U0/timer[0]_i_14/O
                         net (fo=1, routed)           0.296    10.688    simon_says_debug_i/simon_v3_0/U0/timer[0]_i_14_n_0
    SLICE_X29Y73         LUT6 (Prop_lut6_I1_O)        0.124    10.812 r  simon_says_debug_i/simon_v3_0/U0/timer[0]_i_5/O
                         net (fo=1, routed)           0.425    11.237    simon_says_debug_i/simon_v3_0/U0/timer[0]_i_5_n_0
    SLICE_X31Y73         LUT6 (Prop_lut6_I1_O)        0.124    11.361 r  simon_says_debug_i/simon_v3_0/U0/timer[0]_i_1/O
                         net (fo=27, routed)          0.663    12.024    simon_says_debug_i/simon_v3_0/U0/clear
    SLICE_X30Y73         FDRE                                         r  simon_says_debug_i/simon_v3_0/U0/timer_reg[26]/R
  -------------------------------------------------------------------    -------------------

                         (clock sys_clk_pin rise edge)
                                                      8.000     8.000 r  
    K17                                               0.000     8.000 r  clk (IN)
                         net (fo=0)                   0.000     8.000    clk
    K17                  IBUF (Prop_ibuf_I_O)         1.421     9.421 r  clk_IBUF_inst/O
                         net (fo=1, routed)           1.880    11.301    clk_IBUF
    BUFGCTRL_X0Y16       BUFG (Prop_bufg_I_O)         0.091    11.392 r  clk_IBUF_BUFG_inst/O
                         net (fo=2463, routed)        1.471    12.863    simon_says_debug_i/simon_v3_0/U0/clk
    SLICE_X30Y73         FDRE                                         r  simon_says_debug_i/simon_v3_0/U0/timer_reg[26]/C
                         clock pessimism              0.391    13.254    
                         clock uncertainty           -0.035    13.218    
    SLICE_X30Y73         FDRE (Setup_fdre_C_R)       -0.524    12.694    simon_says_debug_i/simon_v3_0/U0/timer_reg[26]
  -------------------------------------------------------------------
                         required time                         12.694    
                         arrival time                         -12.024    
  -------------------------------------------------------------------
                         slack                                  0.671    

Slack (MET) :             0.673ns  (required time - arrival time)
  Source:                 simon_says_debug_i/vio_0/inst/PROBE_OUT_ALL_INST/G_PROBE_OUT[0].PROBE_OUT0_INST/Probe_out_reg[1]/C
                            (rising edge-triggered cell FDRE clocked by sys_clk_pin  {rise@0.000ns fall@4.000ns period=8.000ns})
  Destination:            simon_says_debug_i/simon_v3_0/U0/timer_reg[12]/R
                            (rising edge-triggered cell FDRE clocked by sys_clk_pin  {rise@0.000ns fall@4.000ns period=8.000ns})
  Path Group:             sys_clk_pin
  Path Type:              Setup (Max at Slow Process Corner)
  Requirement:            8.000ns  (sys_clk_pin rise@8.000ns - sys_clk_pin rise@0.000ns)
  Data Path Delay:        6.711ns  (logic 3.261ns (48.594%)  route 3.450ns (51.406%))
  Logic Levels:           11  (CARRY4=6 LUT2=1 LUT4=1 LUT6=3)
  Clock Path Skew:        -0.057ns (DCD - SCD + CPR)
    Destination Clock Delay (DCD):    4.867ns = ( 12.867 - 8.000 ) 
    Source Clock Delay      (SCD):    5.315ns
    Clock Pessimism Removal (CPR):    0.391ns
  Clock Uncertainty:      0.035ns  ((TSJ^2 + TIJ^2)^1/2 + DJ) / 2 + PE
    Total System Jitter     (TSJ):    0.071ns
    Total Input Jitter      (TIJ):    0.000ns
    Discrete Jitter          (DJ):    0.000ns
    Phase Error              (PE):    0.000ns

    Location             Delay type                Incr(ns)  Path(ns)    Netlist Resource(s)
  -------------------------------------------------------------------    -------------------
                         (clock sys_clk_pin rise edge)
                                                      0.000     0.000 r  
    K17                                               0.000     0.000 r  clk (IN)
                         net (fo=0)                   0.000     0.000    clk
    K17                  IBUF (Prop_ibuf_I_O)         1.492     1.492 r  clk_IBUF_inst/O
                         net (fo=1, routed)           2.076     3.568    clk_IBUF
    BUFGCTRL_X0Y16       BUFG (Prop_bufg_I_O)         0.101     3.669 r  clk_IBUF_BUFG_inst/O
                         net (fo=2463, routed)        1.646     5.315    simon_says_debug_i/vio_0/inst/PROBE_OUT_ALL_INST/G_PROBE_OUT[0].PROBE_OUT0_INST/clk
    SLICE_X27Y70         FDRE                                         r  simon_says_debug_i/vio_0/inst/PROBE_OUT_ALL_INST/G_PROBE_OUT[0].PROBE_OUT0_INST/Probe_out_reg[1]/C
  -------------------------------------------------------------------    -------------------
    SLICE_X27Y70         FDRE (Prop_fdre_C_Q)         0.456     5.771 f  simon_says_debug_i/vio_0/inst/PROBE_OUT_ALL_INST/G_PROBE_OUT[0].PROBE_OUT0_INST/Probe_out_reg[1]/Q
                         net (fo=38, routed)          0.871     6.642    simon_says_debug_i/simon_v3_0/U0/difficult[1]
    SLICE_X27Y67         LUT2 (Prop_lut2_I1_O)        0.124     6.766 r  simon_says_debug_i/simon_v3_0/U0/nxt_state1_carry_i_20/O
                         net (fo=1, routed)           0.000     6.766    simon_says_debug_i/simon_v3_0/U0/nxt_state1_carry_i_20_n_0
    SLICE_X27Y67         CARRY4 (Prop_carry4_S[1]_CO[3])
                                                      0.550     7.316 r  simon_says_debug_i/simon_v3_0/U0/nxt_state1_carry_i_8/CO[3]
                         net (fo=1, routed)           0.000     7.316    simon_says_debug_i/simon_v3_0/U0/nxt_state1_carry_i_8_n_0
    SLICE_X27Y68         CARRY4 (Prop_carry4_CI_CO[3])
                                                      0.114     7.430 r  simon_says_debug_i/simon_v3_0/U0/nxt_state1_carry_i_7/CO[3]
                         net (fo=1, routed)           0.000     7.430    simon_says_debug_i/simon_v3_0/U0_n_27
    SLICE_X27Y69         CARRY4 (Prop_carry4_CI_CO[3])
                                                      0.114     7.544 r  simon_says_debug_i/simon_v3_0/nxt_state1_carry__0_i_10/CO[3]
                         net (fo=1, routed)           0.000     7.544    simon_says_debug_i/simon_v3_0/nxt_state1_carry__0_i_10_n_0
    SLICE_X27Y70         CARRY4 (Prop_carry4_CI_O[3])
                                                      0.313     7.857 r  simon_says_debug_i/simon_v3_0/nxt_state1_carry__0_i_9/O[3]
                         net (fo=2, routed)           0.647     8.504    simon_says_debug_i/simon_v3_0/U0/nxt_state1_carry__1_0[7]
    SLICE_X29Y70         LUT4 (Prop_lut4_I2_O)        0.306     8.810 r  simon_says_debug_i/simon_v3_0/U0/nxt_state1_carry__1_i_7/O
                         net (fo=1, routed)           0.000     8.810    simon_says_debug_i/simon_v3_0/U0/nxt_state1_carry__1_i_7_n_0
    SLICE_X29Y70         CARRY4 (Prop_carry4_S[1]_CO[3])
                                                      0.550     9.360 r  simon_says_debug_i/simon_v3_0/U0/nxt_state1_carry__1/CO[3]
                         net (fo=1, routed)           0.000     9.360    simon_says_debug_i/simon_v3_0/U0/nxt_state1_carry__1_n_0
    SLICE_X29Y71         CARRY4 (Prop_carry4_CI_CO[1])
                                                      0.157     9.517 r  simon_says_debug_i/simon_v3_0/U0/nxt_state1_carry__2/CO[1]
                         net (fo=10, routed)          0.545    10.063    simon_says_debug_i/simon_v3_0/U0/timer_ready
    SLICE_X29Y72         LUT6 (Prop_lut6_I0_O)        0.329    10.392 r  simon_says_debug_i/simon_v3_0/U0/timer[0]_i_14/O
                         net (fo=1, routed)           0.296    10.688    simon_says_debug_i/simon_v3_0/U0/timer[0]_i_14_n_0
    SLICE_X29Y73         LUT6 (Prop_lut6_I1_O)        0.124    10.812 r  simon_says_debug_i/simon_v3_0/U0/timer[0]_i_5/O
                         net (fo=1, routed)           0.425    11.237    simon_says_debug_i/simon_v3_0/U0/timer[0]_i_5_n_0
    SLICE_X31Y73         LUT6 (Prop_lut6_I1_O)        0.124    11.361 r  simon_says_debug_i/simon_v3_0/U0/timer[0]_i_1/O
                         net (fo=27, routed)          0.665    12.025    simon_says_debug_i/simon_v3_0/U0/clear
    SLICE_X30Y70         FDRE                                         r  simon_says_debug_i/simon_v3_0/U0/timer_reg[12]/R
  -------------------------------------------------------------------    -------------------

                         (clock sys_clk_pin rise edge)
                                                      8.000     8.000 r  
    K17                                               0.000     8.000 r  clk (IN)
                         net (fo=0)                   0.000     8.000    clk
    K17                  IBUF (Prop_ibuf_I_O)         1.421     9.421 r  clk_IBUF_inst/O
                         net (fo=1, routed)           1.880    11.301    clk_IBUF
    BUFGCTRL_X0Y16       BUFG (Prop_bufg_I_O)         0.091    11.392 r  clk_IBUF_BUFG_inst/O
                         net (fo=2463, routed)        1.475    12.867    simon_says_debug_i/simon_v3_0/U0/clk
    SLICE_X30Y70         FDRE                                         r  simon_says_debug_i/simon_v3_0/U0/timer_reg[12]/C
                         clock pessimism              0.391    13.258    
                         clock uncertainty           -0.035    13.222    
    SLICE_X30Y70         FDRE (Setup_fdre_C_R)       -0.524    12.698    simon_says_debug_i/simon_v3_0/U0/timer_reg[12]
  -------------------------------------------------------------------
                         required time                         12.698    
                         arrival time                         -12.026    
  -------------------------------------------------------------------
                         slack                                  0.673    

Slack (MET) :             0.673ns  (required time - arrival time)
  Source:                 simon_says_debug_i/vio_0/inst/PROBE_OUT_ALL_INST/G_PROBE_OUT[0].PROBE_OUT0_INST/Probe_out_reg[1]/C
                            (rising edge-triggered cell FDRE clocked by sys_clk_pin  {rise@0.000ns fall@4.000ns period=8.000ns})
  Destination:            simon_says_debug_i/simon_v3_0/U0/timer_reg[13]/R
                            (rising edge-triggered cell FDRE clocked by sys_clk_pin  {rise@0.000ns fall@4.000ns period=8.000ns})
  Path Group:             sys_clk_pin
  Path Type:              Setup (Max at Slow Process Corner)
  Requirement:            8.000ns  (sys_clk_pin rise@8.000ns - sys_clk_pin rise@0.000ns)
  Data Path Delay:        6.711ns  (logic 3.261ns (48.594%)  route 3.450ns (51.406%))
  Logic Levels:           11  (CARRY4=6 LUT2=1 LUT4=1 LUT6=3)
  Clock Path Skew:        -0.057ns (DCD - SCD + CPR)
    Destination Clock Delay (DCD):    4.867ns = ( 12.867 - 8.000 ) 
    Source Clock Delay      (SCD):    5.315ns
    Clock Pessimism Removal (CPR):    0.391ns
  Clock Uncertainty:      0.035ns  ((TSJ^2 + TIJ^2)^1/2 + DJ) / 2 + PE
    Total System Jitter     (TSJ):    0.071ns
    Total Input Jitter      (TIJ):    0.000ns
    Discrete Jitter          (DJ):    0.000ns
    Phase Error              (PE):    0.000ns

    Location             Delay type                Incr(ns)  Path(ns)    Netlist Resource(s)
  -------------------------------------------------------------------    -------------------
                         (clock sys_clk_pin rise edge)
                                                      0.000     0.000 r  
    K17                                               0.000     0.000 r  clk (IN)
                         net (fo=0)                   0.000     0.000    clk
    K17                  IBUF (Prop_ibuf_I_O)         1.492     1.492 r  clk_IBUF_inst/O
                         net (fo=1, routed)           2.076     3.568    clk_IBUF
    BUFGCTRL_X0Y16       BUFG (Prop_bufg_I_O)         0.101     3.669 r  clk_IBUF_BUFG_inst/O
                         net (fo=2463, routed)        1.646     5.315    simon_says_debug_i/vio_0/inst/PROBE_OUT_ALL_INST/G_PROBE_OUT[0].PROBE_OUT0_INST/clk
    SLICE_X27Y70         FDRE                                         r  simon_says_debug_i/vio_0/inst/PROBE_OUT_ALL_INST/G_PROBE_OUT[0].PROBE_OUT0_INST/Probe_out_reg[1]/C
  -------------------------------------------------------------------    -------------------
    SLICE_X27Y70         FDRE (Prop_fdre_C_Q)         0.456     5.771 f  simon_says_debug_i/vio_0/inst/PROBE_OUT_ALL_INST/G_PROBE_OUT[0].PROBE_OUT0_INST/Probe_out_reg[1]/Q
                         net (fo=38, routed)          0.871     6.642    simon_says_debug_i/simon_v3_0/U0/difficult[1]
    SLICE_X27Y67         LUT2 (Prop_lut2_I1_O)        0.124     6.766 r  simon_says_debug_i/simon_v3_0/U0/nxt_state1_carry_i_20/O
                         net (fo=1, routed)           0.000     6.766    simon_says_debug_i/simon_v3_0/U0/nxt_state1_carry_i_20_n_0
    SLICE_X27Y67         CARRY4 (Prop_carry4_S[1]_CO[3])
                                                      0.550     7.316 r  simon_says_debug_i/simon_v3_0/U0/nxt_state1_carry_i_8/CO[3]
                         net (fo=1, routed)           0.000     7.316    simon_says_debug_i/simon_v3_0/U0/nxt_state1_carry_i_8_n_0
    SLICE_X27Y68         CARRY4 (Prop_carry4_CI_CO[3])
                                                      0.114     7.430 r  simon_says_debug_i/simon_v3_0/U0/nxt_state1_carry_i_7/CO[3]
                         net (fo=1, routed)           0.000     7.430    simon_says_debug_i/simon_v3_0/U0_n_27
    SLICE_X27Y69         CARRY4 (Prop_carry4_CI_CO[3])
                                                      0.114     7.544 r  simon_says_debug_i/simon_v3_0/nxt_state1_carry__0_i_10/CO[3]
                         net (fo=1, routed)           0.000     7.544    simon_says_debug_i/simon_v3_0/nxt_state1_carry__0_i_10_n_0
    SLICE_X27Y70         CARRY4 (Prop_carry4_CI_O[3])
                                                      0.313     7.857 r  simon_says_debug_i/simon_v3_0/nxt_state1_carry__0_i_9/O[3]
                         net (fo=2, routed)           0.647     8.504    simon_says_debug_i/simon_v3_0/U0/nxt_state1_carry__1_0[7]
    SLICE_X29Y70         LUT4 (Prop_lut4_I2_O)        0.306     8.810 r  simon_says_debug_i/simon_v3_0/U0/nxt_state1_carry__1_i_7/O
                         net (fo=1, routed)           0.000     8.810    simon_says_debug_i/simon_v3_0/U0/nxt_state1_carry__1_i_7_n_0
    SLICE_X29Y70         CARRY4 (Prop_carry4_S[1]_CO[3])
                                                      0.550     9.360 r  simon_says_debug_i/simon_v3_0/U0/nxt_state1_carry__1/CO[3]
                         net (fo=1, routed)           0.000     9.360    simon_says_debug_i/simon_v3_0/U0/nxt_state1_carry__1_n_0
    SLICE_X29Y71         CARRY4 (Prop_carry4_CI_CO[1])
                                                      0.157     9.517 r  simon_says_debug_i/simon_v3_0/U0/nxt_state1_carry__2/CO[1]
                         net (fo=10, routed)          0.545    10.063    simon_says_debug_i/simon_v3_0/U0/timer_ready
    SLICE_X29Y72         LUT6 (Prop_lut6_I0_O)        0.329    10.392 r  simon_says_debug_i/simon_v3_0/U0/timer[0]_i_14/O
                         net (fo=1, routed)           0.296    10.688    simon_says_debug_i/simon_v3_0/U0/timer[0]_i_14_n_0
    SLICE_X29Y73         LUT6 (Prop_lut6_I1_O)        0.124    10.812 r  simon_says_debug_i/simon_v3_0/U0/timer[0]_i_5/O
                         net (fo=1, routed)           0.425    11.237    simon_says_debug_i/simon_v3_0/U0/timer[0]_i_5_n_0
    SLICE_X31Y73         LUT6 (Prop_lut6_I1_O)        0.124    11.361 r  simon_says_debug_i/simon_v3_0/U0/timer[0]_i_1/O
                         net (fo=27, routed)          0.665    12.025    simon_says_debug_i/simon_v3_0/U0/clear
    SLICE_X30Y70         FDRE                                         r  simon_says_debug_i/simon_v3_0/U0/timer_reg[13]/R
  -------------------------------------------------------------------    -------------------

                         (clock sys_clk_pin rise edge)
                                                      8.000     8.000 r  
    K17                                               0.000     8.000 r  clk (IN)
                         net (fo=0)                   0.000     8.000    clk
    K17                  IBUF (Prop_ibuf_I_O)         1.421     9.421 r  clk_IBUF_inst/O
                         net (fo=1, routed)           1.880    11.301    clk_IBUF
    BUFGCTRL_X0Y16       BUFG (Prop_bufg_I_O)         0.091    11.392 r  clk_IBUF_BUFG_inst/O
                         net (fo=2463, routed)        1.475    12.867    simon_says_debug_i/simon_v3_0/U0/clk
    SLICE_X30Y70         FDRE                                         r  simon_says_debug_i/simon_v3_0/U0/timer_reg[13]/C
                         clock pessimism              0.391    13.258    
                         clock uncertainty           -0.035    13.222    
    SLICE_X30Y70         FDRE (Setup_fdre_C_R)       -0.524    12.698    simon_says_debug_i/simon_v3_0/U0/timer_reg[13]
  -------------------------------------------------------------------
                         required time                         12.698    
                         arrival time                         -12.026    
  -------------------------------------------------------------------
                         slack                                  0.673    

Slack (MET) :             0.673ns  (required time - arrival time)
  Source:                 simon_says_debug_i/vio_0/inst/PROBE_OUT_ALL_INST/G_PROBE_OUT[0].PROBE_OUT0_INST/Probe_out_reg[1]/C
                            (rising edge-triggered cell FDRE clocked by sys_clk_pin  {rise@0.000ns fall@4.000ns period=8.000ns})
  Destination:            simon_says_debug_i/simon_v3_0/U0/timer_reg[14]/R
                            (rising edge-triggered cell FDRE clocked by sys_clk_pin  {rise@0.000ns fall@4.000ns period=8.000ns})
  Path Group:             sys_clk_pin
  Path Type:              Setup (Max at Slow Process Corner)
  Requirement:            8.000ns  (sys_clk_pin rise@8.000ns - sys_clk_pin rise@0.000ns)
  Data Path Delay:        6.711ns  (logic 3.261ns (48.594%)  route 3.450ns (51.406%))
  Logic Levels:           11  (CARRY4=6 LUT2=1 LUT4=1 LUT6=3)
  Clock Path Skew:        -0.057ns (DCD - SCD + CPR)
    Destination Clock Delay (DCD):    4.867ns = ( 12.867 - 8.000 ) 
    Source Clock Delay      (SCD):    5.315ns
    Clock Pessimism Removal (CPR):    0.391ns
  Clock Uncertainty:      0.035ns  ((TSJ^2 + TIJ^2)^1/2 + DJ) / 2 + PE
    Total System Jitter     (TSJ):    0.071ns
    Total Input Jitter      (TIJ):    0.000ns
    Discrete Jitter          (DJ):    0.000ns
    Phase Error              (PE):    0.000ns

    Location             Delay type                Incr(ns)  Path(ns)    Netlist Resource(s)
  -------------------------------------------------------------------    -------------------
                         (clock sys_clk_pin rise edge)
                                                      0.000     0.000 r  
    K17                                               0.000     0.000 r  clk (IN)
                         net (fo=0)                   0.000     0.000    clk
    K17                  IBUF (Prop_ibuf_I_O)         1.492     1.492 r  clk_IBUF_inst/O
                         net (fo=1, routed)           2.076     3.568    clk_IBUF
    BUFGCTRL_X0Y16       BUFG (Prop_bufg_I_O)         0.101     3.669 r  clk_IBUF_BUFG_inst/O
                         net (fo=2463, routed)        1.646     5.315    simon_says_debug_i/vio_0/inst/PROBE_OUT_ALL_INST/G_PROBE_OUT[0].PROBE_OUT0_INST/clk
    SLICE_X27Y70         FDRE                                         r  simon_says_debug_i/vio_0/inst/PROBE_OUT_ALL_INST/G_PROBE_OUT[0].PROBE_OUT0_INST/Probe_out_reg[1]/C
  -------------------------------------------------------------------    -------------------
    SLICE_X27Y70         FDRE (Prop_fdre_C_Q)         0.456     5.771 f  simon_says_debug_i/vio_0/inst/PROBE_OUT_ALL_INST/G_PROBE_OUT[0].PROBE_OUT0_INST/Probe_out_reg[1]/Q
                         net (fo=38, routed)          0.871     6.642    simon_says_debug_i/simon_v3_0/U0/difficult[1]
    SLICE_X27Y67         LUT2 (Prop_lut2_I1_O)        0.124     6.766 r  simon_says_debug_i/simon_v3_0/U0/nxt_state1_carry_i_20/O
                         net (fo=1, routed)           0.000     6.766    simon_says_debug_i/simon_v3_0/U0/nxt_state1_carry_i_20_n_0
    SLICE_X27Y67         CARRY4 (Prop_carry4_S[1]_CO[3])
                                                      0.550     7.316 r  simon_says_debug_i/simon_v3_0/U0/nxt_state1_carry_i_8/CO[3]
                         net (fo=1, routed)           0.000     7.316    simon_says_debug_i/simon_v3_0/U0/nxt_state1_carry_i_8_n_0
    SLICE_X27Y68         CARRY4 (Prop_carry4_CI_CO[3])
                                                      0.114     7.430 r  simon_says_debug_i/simon_v3_0/U0/nxt_state1_carry_i_7/CO[3]
                         net (fo=1, routed)           0.000     7.430    simon_says_debug_i/simon_v3_0/U0_n_27
    SLICE_X27Y69         CARRY4 (Prop_carry4_CI_CO[3])
                                                      0.114     7.544 r  simon_says_debug_i/simon_v3_0/nxt_state1_carry__0_i_10/CO[3]
                         net (fo=1, routed)           0.000     7.544    simon_says_debug_i/simon_v3_0/nxt_state1_carry__0_i_10_n_0
    SLICE_X27Y70         CARRY4 (Prop_carry4_CI_O[3])
                                                      0.313     7.857 r  simon_says_debug_i/simon_v3_0/nxt_state1_carry__0_i_9/O[3]
                         net (fo=2, routed)           0.647     8.504    simon_says_debug_i/simon_v3_0/U0/nxt_state1_carry__1_0[7]
    SLICE_X29Y70         LUT4 (Prop_lut4_I2_O)        0.306     8.810 r  simon_says_debug_i/simon_v3_0/U0/nxt_state1_carry__1_i_7/O
                         net (fo=1, routed)           0.000     8.810    simon_says_debug_i/simon_v3_0/U0/nxt_state1_carry__1_i_7_n_0
    SLICE_X29Y70         CARRY4 (Prop_carry4_S[1]_CO[3])
                                                      0.550     9.360 r  simon_says_debug_i/simon_v3_0/U0/nxt_state1_carry__1/CO[3]
                         net (fo=1, routed)           0.000     9.360    simon_says_debug_i/simon_v3_0/U0/nxt_state1_carry__1_n_0
    SLICE_X29Y71         CARRY4 (Prop_carry4_CI_CO[1])
                                                      0.157     9.517 r  simon_says_debug_i/simon_v3_0/U0/nxt_state1_carry__2/CO[1]
                         net (fo=10, routed)          0.545    10.063    simon_says_debug_i/simon_v3_0/U0/timer_ready
    SLICE_X29Y72         LUT6 (Prop_lut6_I0_O)        0.329    10.392 r  simon_says_debug_i/simon_v3_0/U0/timer[0]_i_14/O
                         net (fo=1, routed)           0.296    10.688    simon_says_debug_i/simon_v3_0/U0/timer[0]_i_14_n_0
    SLICE_X29Y73         LUT6 (Prop_lut6_I1_O)        0.124    10.812 r  simon_says_debug_i/simon_v3_0/U0/timer[0]_i_5/O
                         net (fo=1, routed)           0.425    11.237    simon_says_debug_i/simon_v3_0/U0/timer[0]_i_5_n_0
    SLICE_X31Y73         LUT6 (Prop_lut6_I1_O)        0.124    11.361 r  simon_says_debug_i/simon_v3_0/U0/timer[0]_i_1/O
                         net (fo=27, routed)          0.665    12.025    simon_says_debug_i/simon_v3_0/U0/clear
    SLICE_X30Y70         FDRE                                         r  simon_says_debug_i/simon_v3_0/U0/timer_reg[14]/R
  -------------------------------------------------------------------    -------------------

                         (clock sys_clk_pin rise edge)
                                                      8.000     8.000 r  
    K17                                               0.000     8.000 r  clk (IN)
                         net (fo=0)                   0.000     8.000    clk
    K17                  IBUF (Prop_ibuf_I_O)         1.421     9.421 r  clk_IBUF_inst/O
                         net (fo=1, routed)           1.880    11.301    clk_IBUF
    BUFGCTRL_X0Y16       BUFG (Prop_bufg_I_O)         0.091    11.392 r  clk_IBUF_BUFG_inst/O
                         net (fo=2463, routed)        1.475    12.867    simon_says_debug_i/simon_v3_0/U0/clk
    SLICE_X30Y70         FDRE                                         r  simon_says_debug_i/simon_v3_0/U0/timer_reg[14]/C
                         clock pessimism              0.391    13.258    
                         clock uncertainty           -0.035    13.222    
    SLICE_X30Y70         FDRE (Setup_fdre_C_R)       -0.524    12.698    simon_says_debug_i/simon_v3_0/U0/timer_reg[14]
  -------------------------------------------------------------------
                         required time                         12.698    
                         arrival time                         -12.026    
  -------------------------------------------------------------------
                         slack                                  0.673    





Min Delay Paths
--------------------------------------------------------------------------------------
Slack (MET) :             0.040ns  (arrival time - required time)
  Source:                 simon_says_debug_i/ila_0/U0/ila_core_inst/u_ila_regs/reg_stream_ffd/I_EN_CTL_EQ1.U_CTL/xsdb_reg_reg[10]/C
                            (rising edge-triggered cell FDRE clocked by sys_clk_pin  {rise@0.000ns fall@4.000ns period=8.000ns})
  Destination:            simon_says_debug_i/ila_0/U0/ila_core_inst/u_ila_regs/slaveRegDo_mux_3_reg[10]/D
                            (rising edge-triggered cell FDRE clocked by sys_clk_pin  {rise@0.000ns fall@4.000ns period=8.000ns})
  Path Group:             sys_clk_pin
  Path Type:              Hold (Min at Fast Process Corner)
  Requirement:            0.000ns  (sys_clk_pin rise@0.000ns - sys_clk_pin rise@0.000ns)
  Data Path Delay:        0.410ns  (logic 0.251ns (61.260%)  route 0.159ns (38.740%))
  Logic Levels:           2  (LUT6=1 MUXF7=1)
  Clock Path Skew:        0.264ns (DCD - SCD - CPR)
    Destination Clock Delay (DCD):    1.974ns
    Source Clock Delay      (SCD):    1.458ns
    Clock Pessimism Removal (CPR):    0.252ns

    Location             Delay type                Incr(ns)  Path(ns)    Netlist Resource(s)
  -------------------------------------------------------------------    -------------------
                         (clock sys_clk_pin rise edge)
                                                      0.000     0.000 r  
    K17                                               0.000     0.000 r  clk (IN)
                         net (fo=0)                   0.000     0.000    clk
    K17                  IBUF (Prop_ibuf_I_O)         0.259     0.259 r  clk_IBUF_inst/O
                         net (fo=1, routed)           0.627     0.887    clk_IBUF
    BUFGCTRL_X0Y16       BUFG (Prop_bufg_I_O)         0.026     0.913 r  clk_IBUF_BUFG_inst/O
                         net (fo=2463, routed)        0.546     1.458    simon_says_debug_i/ila_0/U0/ila_core_inst/u_ila_regs/reg_stream_ffd/I_EN_CTL_EQ1.U_CTL/s_dclk_o
    SLICE_X23Y71         FDRE                                         r  simon_says_debug_i/ila_0/U0/ila_core_inst/u_ila_regs/reg_stream_ffd/I_EN_CTL_EQ1.U_CTL/xsdb_reg_reg[10]/C
  -------------------------------------------------------------------    -------------------
    SLICE_X23Y71         FDRE (Prop_fdre_C_Q)         0.141     1.599 r  simon_says_debug_i/ila_0/U0/ila_core_inst/u_ila_regs/reg_stream_ffd/I_EN_CTL_EQ1.U_CTL/xsdb_reg_reg[10]/Q
                         net (fo=2, routed)           0.159     1.758    simon_says_debug_i/ila_0/U0/ila_core_inst/u_ila_regs/reg_stream_ffe/I_EN_STAT_EQ1.U_STAT/in0[5]
    SLICE_X21Y71         LUT6 (Prop_lut6_I5_O)        0.045     1.803 r  simon_says_debug_i/ila_0/U0/ila_core_inst/u_ila_regs/reg_stream_ffe/I_EN_STAT_EQ1.U_STAT/slaveRegDo_mux_3[10]_i_3/O
                         net (fo=1, routed)           0.000     1.803    simon_says_debug_i/ila_0/U0/ila_core_inst/u_ila_regs/reg_srl_fff/slaveRegDo_mux_3_reg[10]
    SLICE_X21Y71         MUXF7 (Prop_muxf7_I1_O)      0.065     1.868 r  simon_says_debug_i/ila_0/U0/ila_core_inst/u_ila_regs/reg_srl_fff/slaveRegDo_mux_3_reg[10]_i_1/O
                         net (fo=1, routed)           0.000     1.868    simon_says_debug_i/ila_0/U0/ila_core_inst/u_ila_regs/reg_srl_fff_n_16
    SLICE_X21Y71         FDRE                                         r  simon_says_debug_i/ila_0/U0/ila_core_inst/u_ila_regs/slaveRegDo_mux_3_reg[10]/D
  -------------------------------------------------------------------    -------------------

                         (clock sys_clk_pin rise edge)
                                                      0.000     0.000 r  
    K17                                               0.000     0.000 r  clk (IN)
                         net (fo=0)                   0.000     0.000    clk
    K17                  IBUF (Prop_ibuf_I_O)         0.447     0.447 r  clk_IBUF_inst/O
                         net (fo=1, routed)           0.683     1.130    clk_IBUF
    BUFGCTRL_X0Y16       BUFG (Prop_bufg_I_O)         0.029     1.159 r  clk_IBUF_BUFG_inst/O
                         net (fo=2463, routed)        0.815     1.974    simon_says_debug_i/ila_0/U0/ila_core_inst/u_ila_regs/s_dclk_o
    SLICE_X21Y71         FDRE                                         r  simon_says_debug_i/ila_0/U0/ila_core_inst/u_ila_regs/slaveRegDo_mux_3_reg[10]/C
                         clock pessimism             -0.252     1.723    
    SLICE_X21Y71         FDRE (Hold_fdre_C_D)         0.105     1.828    simon_says_debug_i/ila_0/U0/ila_core_inst/u_ila_regs/slaveRegDo_mux_3_reg[10]
  -------------------------------------------------------------------
                         required time                         -1.828    
                         arrival time                           1.868    
  -------------------------------------------------------------------
                         slack                                  0.040    

Slack (MET) :             0.044ns  (arrival time - required time)
  Source:                 simon_says_debug_i/ila_0/U0/ila_core_inst/en_adv_trigger_reg/C
                            (rising edge-triggered cell FDRE clocked by sys_clk_pin  {rise@0.000ns fall@4.000ns period=8.000ns})
  Destination:            simon_says_debug_i/ila_0/U0/ila_core_inst/u_ila_cap_ctrl/itrigger_out_reg/D
                            (rising edge-triggered cell FDRE clocked by sys_clk_pin  {rise@0.000ns fall@4.000ns period=8.000ns})
  Path Group:             sys_clk_pin
  Path Type:              Hold (Min at Fast Process Corner)
  Requirement:            0.000ns  (sys_clk_pin rise@0.000ns - sys_clk_pin rise@0.000ns)
  Data Path Delay:        0.398ns  (logic 0.227ns (56.989%)  route 0.171ns (43.011%))
  Logic Levels:           1  (LUT4=1)
  Clock Path Skew:        0.263ns (DCD - SCD - CPR)
    Destination Clock Delay (DCD):    1.979ns
    Source Clock Delay      (SCD):    1.464ns
    Clock Pessimism Removal (CPR):    0.252ns

    Location             Delay type                Incr(ns)  Path(ns)    Netlist Resource(s)
  -------------------------------------------------------------------    -------------------
                         (clock sys_clk_pin rise edge)
                                                      0.000     0.000 r  
    K17                                               0.000     0.000 r  clk (IN)
                         net (fo=0)                   0.000     0.000    clk
    K17                  IBUF (Prop_ibuf_I_O)         0.259     0.259 r  clk_IBUF_inst/O
                         net (fo=1, routed)           0.627     0.887    clk_IBUF
    BUFGCTRL_X0Y16       BUFG (Prop_bufg_I_O)         0.026     0.913 r  clk_IBUF_BUFG_inst/O
                         net (fo=2463, routed)        0.552     1.464    simon_says_debug_i/ila_0/U0/ila_core_inst/DESIGN_CLK_I
    SLICE_X21Y65         FDRE                                         r  simon_says_debug_i/ila_0/U0/ila_core_inst/en_adv_trigger_reg/C
  -------------------------------------------------------------------    -------------------
    SLICE_X21Y65         FDRE (Prop_fdre_C_Q)         0.128     1.592 f  simon_says_debug_i/ila_0/U0/ila_core_inst/en_adv_trigger_reg/Q
                         net (fo=2, routed)           0.171     1.764    simon_says_debug_i/ila_0/U0/ila_core_inst/u_ila_cap_ctrl/itrigger_out_reg_0
    SLICE_X25Y64         LUT4 (Prop_lut4_I3_O)        0.099     1.863 r  simon_says_debug_i/ila_0/U0/ila_core_inst/u_ila_cap_ctrl/itrigger_in/O
                         net (fo=1, routed)           0.000     1.863    simon_says_debug_i/ila_0/U0/ila_core_inst/u_ila_cap_ctrl/itrigger_in__0
    SLICE_X25Y64         FDRE                                         r  simon_says_debug_i/ila_0/U0/ila_core_inst/u_ila_cap_ctrl/itrigger_out_reg/D
  -------------------------------------------------------------------    -------------------

                         (clock sys_clk_pin rise edge)
                                                      0.000     0.000 r  
    K17                                               0.000     0.000 r  clk (IN)
                         net (fo=0)                   0.000     0.000    clk
    K17                  IBUF (Prop_ibuf_I_O)         0.447     0.447 r  clk_IBUF_inst/O
                         net (fo=1, routed)           0.683     1.130    clk_IBUF
    BUFGCTRL_X0Y16       BUFG (Prop_bufg_I_O)         0.029     1.159 r  clk_IBUF_BUFG_inst/O
                         net (fo=2463, routed)        0.820     1.979    simon_says_debug_i/ila_0/U0/ila_core_inst/u_ila_cap_ctrl/DESIGN_CLK_I
    SLICE_X25Y64         FDRE                                         r  simon_says_debug_i/ila_0/U0/ila_core_inst/u_ila_cap_ctrl/itrigger_out_reg/C
                         clock pessimism             -0.252     1.728    
    SLICE_X25Y64         FDRE (Hold_fdre_C_D)         0.091     1.819    simon_says_debug_i/ila_0/U0/ila_core_inst/u_ila_cap_ctrl/itrigger_out_reg
  -------------------------------------------------------------------
                         required time                         -1.819    
                         arrival time                           1.863    
  -------------------------------------------------------------------
                         slack                                  0.044    

Slack (MET) :             0.061ns  (arrival time - required time)
  Source:                 simon_says_debug_i/ila_0/U0/ila_core_inst/shifted_data_in_reg[8][24]/C
                            (rising edge-triggered cell FDRE clocked by sys_clk_pin  {rise@0.000ns fall@4.000ns period=8.000ns})
  Destination:            simon_says_debug_i/ila_0/U0/ila_core_inst/ila_trace_memory_inst/SUBCORE_RAM_BLK_MEM_1.trace_block_memory/inst_blk_mem_gen/gnbram.gnativebmg.native_blk_mem_gen/valid.cstr/ramloop[1].ram.r/prim_noinit.ram/DEVICE_7SERIES.NO_BMM_INFO.SDP.SIMPLE_PRIM36.ram/DIADI[8]
                            (rising edge-triggered cell RAMB36E1 clocked by sys_clk_pin  {rise@0.000ns fall@4.000ns period=8.000ns})
  Path Group:             sys_clk_pin
  Path Type:              Hold (Min at Fast Process Corner)
  Requirement:            0.000ns  (sys_clk_pin rise@0.000ns - sys_clk_pin rise@0.000ns)
  Data Path Delay:        0.289ns  (logic 0.164ns (56.737%)  route 0.125ns (43.263%))
  Logic Levels:           0  
  Clock Path Skew:        0.073ns (DCD - SCD - CPR)
    Destination Clock Delay (DCD):    2.021ns
    Source Clock Delay      (SCD):    1.466ns
    Clock Pessimism Removal (CPR):    0.481ns

    Location             Delay type                Incr(ns)  Path(ns)    Netlist Resource(s)
  -------------------------------------------------------------------    -------------------
                         (clock sys_clk_pin rise edge)
                                                      0.000     0.000 r  
    K17                                               0.000     0.000 r  clk (IN)
                         net (fo=0)                   0.000     0.000    clk
    K17                  IBUF (Prop_ibuf_I_O)         0.259     0.259 r  clk_IBUF_inst/O
                         net (fo=1, routed)           0.627     0.887    clk_IBUF
    BUFGCTRL_X0Y16       BUFG (Prop_bufg_I_O)         0.026     0.913 r  clk_IBUF_BUFG_inst/O
                         net (fo=2463, routed)        0.554     1.466    simon_says_debug_i/ila_0/U0/ila_core_inst/DESIGN_CLK_I
    SLICE_X28Y66         FDRE                                         r  simon_says_debug_i/ila_0/U0/ila_core_inst/shifted_data_in_reg[8][24]/C
  -------------------------------------------------------------------    -------------------
    SLICE_X28Y66         FDRE (Prop_fdre_C_Q)         0.164     1.630 r  simon_says_debug_i/ila_0/U0/ila_core_inst/shifted_data_in_reg[8][24]/Q
                         net (fo=1, routed)           0.125     1.755    simon_says_debug_i/ila_0/U0/ila_core_inst/ila_trace_memory_inst/SUBCORE_RAM_BLK_MEM_1.trace_block_memory/inst_blk_mem_gen/gnbram.gnativebmg.native_blk_mem_gen/valid.cstr/ramloop[1].ram.r/prim_noinit.ram/DEVICE_7SERIES.NO_BMM_INFO.SDP.SIMPLE_PRIM36.ram_2[6]
    RAMB36_X1Y13         RAMB36E1                                     r  simon_says_debug_i/ila_0/U0/ila_core_inst/ila_trace_memory_inst/SUBCORE_RAM_BLK_MEM_1.trace_block_memory/inst_blk_mem_gen/gnbram.gnativebmg.native_blk_mem_gen/valid.cstr/ramloop[1].ram.r/prim_noinit.ram/DEVICE_7SERIES.NO_BMM_INFO.SDP.SIMPLE_PRIM36.ram/DIADI[8]
  -------------------------------------------------------------------    -------------------

                         (clock sys_clk_pin rise edge)
                                                      0.000     0.000 r  
    K17                                               0.000     0.000 r  clk (IN)
                         net (fo=0)                   0.000     0.000    clk
    K17                  IBUF (Prop_ibuf_I_O)         0.447     0.447 r  clk_IBUF_inst/O
                         net (fo=1, routed)           0.683     1.130    clk_IBUF
    BUFGCTRL_X0Y16       BUFG (Prop_bufg_I_O)         0.029     1.159 r  clk_IBUF_BUFG_inst/O
                         net (fo=2463, routed)        0.861     2.021    simon_says_debug_i/ila_0/U0/ila_core_inst/ila_trace_memory_inst/SUBCORE_RAM_BLK_MEM_1.trace_block_memory/inst_blk_mem_gen/gnbram.gnativebmg.native_blk_mem_gen/valid.cstr/ramloop[1].ram.r/prim_noinit.ram/DESIGN_CLK_I
    RAMB36_X1Y13         RAMB36E1                                     r  simon_says_debug_i/ila_0/U0/ila_core_inst/ila_trace_memory_inst/SUBCORE_RAM_BLK_MEM_1.trace_block_memory/inst_blk_mem_gen/gnbram.gnativebmg.native_blk_mem_gen/valid.cstr/ramloop[1].ram.r/prim_noinit.ram/DEVICE_7SERIES.NO_BMM_INFO.SDP.SIMPLE_PRIM36.ram/CLKARDCLK
                         clock pessimism             -0.481     1.540    
    RAMB36_X1Y13         RAMB36E1 (Hold_ramb36e1_CLKARDCLK_DIADI[8])
                                                      0.155     1.695    simon_says_debug_i/ila_0/U0/ila_core_inst/ila_trace_memory_inst/SUBCORE_RAM_BLK_MEM_1.trace_block_memory/inst_blk_mem_gen/gnbram.gnativebmg.native_blk_mem_gen/valid.cstr/ramloop[1].ram.r/prim_noinit.ram/DEVICE_7SERIES.NO_BMM_INFO.SDP.SIMPLE_PRIM36.ram
  -------------------------------------------------------------------
                         required time                         -1.695    
                         arrival time                           1.755    
  -------------------------------------------------------------------
                         slack                                  0.061    

Slack (MET) :             0.069ns  (arrival time - required time)
  Source:                 simon_says_debug_i/ila_0/U0/ila_core_inst/u_ila_regs/reg_srl_fff/parallel_dout_reg[1]/C
                            (rising edge-triggered cell FDRE clocked by sys_clk_pin  {rise@0.000ns fall@4.000ns period=8.000ns})
  Destination:            simon_says_debug_i/ila_0/U0/ila_core_inst/u_ila_regs/slaveRegDo_mux_3_reg[1]/D
                            (rising edge-triggered cell FDRE clocked by sys_clk_pin  {rise@0.000ns fall@4.000ns period=8.000ns})
  Path Group:             sys_clk_pin
  Path Type:              Hold (Min at Fast Process Corner)
  Requirement:            0.000ns  (sys_clk_pin rise@0.000ns - sys_clk_pin rise@0.000ns)
  Data Path Delay:        0.433ns  (logic 0.248ns (57.238%)  route 0.185ns (42.762%))
  Logic Levels:           2  (LUT6=1 MUXF7=1)
  Clock Path Skew:        0.259ns (DCD - SCD - CPR)
    Destination Clock Delay (DCD):    1.974ns
    Source Clock Delay      (SCD):    1.463ns
    Clock Pessimism Removal (CPR):    0.252ns

    Location             Delay type                Incr(ns)  Path(ns)    Netlist Resource(s)
  -------------------------------------------------------------------    -------------------
                         (clock sys_clk_pin rise edge)
                                                      0.000     0.000 r  
    K17                                               0.000     0.000 r  clk (IN)
                         net (fo=0)                   0.000     0.000    clk
    K17                  IBUF (Prop_ibuf_I_O)         0.259     0.259 r  clk_IBUF_inst/O
                         net (fo=1, routed)           0.627     0.887    clk_IBUF
    BUFGCTRL_X0Y16       BUFG (Prop_bufg_I_O)         0.026     0.913 r  clk_IBUF_BUFG_inst/O
                         net (fo=2463, routed)        0.551     1.463    simon_says_debug_i/ila_0/U0/ila_core_inst/u_ila_regs/reg_srl_fff/s_dclk_o
    SLICE_X19Y69         FDRE                                         r  simon_says_debug_i/ila_0/U0/ila_core_inst/u_ila_regs/reg_srl_fff/parallel_dout_reg[1]/C
  -------------------------------------------------------------------    -------------------
    SLICE_X19Y69         FDRE (Prop_fdre_C_Q)         0.141     1.604 r  simon_says_debug_i/ila_0/U0/ila_core_inst/u_ila_regs/reg_srl_fff/parallel_dout_reg[1]/Q
                         net (fo=2, routed)           0.185     1.790    simon_says_debug_i/ila_0/U0/ila_core_inst/u_ila_regs/reg_srl_fff/parallel_dout[1]
    SLICE_X22Y69         LUT6 (Prop_lut6_I5_O)        0.045     1.835 r  simon_says_debug_i/ila_0/U0/ila_core_inst/u_ila_regs/reg_srl_fff/slaveRegDo_mux_3[1]_i_2/O
                         net (fo=1, routed)           0.000     1.835    simon_says_debug_i/ila_0/U0/ila_core_inst/u_ila_regs/reg_srl_fff/slaveRegDo_mux_3[1]_i_2_n_0
    SLICE_X22Y69         MUXF7 (Prop_muxf7_I0_O)      0.062     1.897 r  simon_says_debug_i/ila_0/U0/ila_core_inst/u_ila_regs/reg_srl_fff/slaveRegDo_mux_3_reg[1]_i_1/O
                         net (fo=1, routed)           0.000     1.897    simon_says_debug_i/ila_0/U0/ila_core_inst/u_ila_regs/reg_srl_fff_n_4
    SLICE_X22Y69         FDRE                                         r  simon_says_debug_i/ila_0/U0/ila_core_inst/u_ila_regs/slaveRegDo_mux_3_reg[1]/D
  -------------------------------------------------------------------    -------------------

                         (clock sys_clk_pin rise edge)
                                                      0.000     0.000 r  
    K17                                               0.000     0.000 r  clk (IN)
                         net (fo=0)                   0.000     0.000    clk
    K17                  IBUF (Prop_ibuf_I_O)         0.447     0.447 r  clk_IBUF_inst/O
                         net (fo=1, routed)           0.683     1.130    clk_IBUF
    BUFGCTRL_X0Y16       BUFG (Prop_bufg_I_O)         0.029     1.159 r  clk_IBUF_BUFG_inst/O
                         net (fo=2463, routed)        0.815     1.974    simon_says_debug_i/ila_0/U0/ila_core_inst/u_ila_regs/s_dclk_o
    SLICE_X22Y69         FDRE                                         r  simon_says_debug_i/ila_0/U0/ila_core_inst/u_ila_regs/slaveRegDo_mux_3_reg[1]/C
                         clock pessimism             -0.252     1.723    
    SLICE_X22Y69         FDRE (Hold_fdre_C_D)         0.105     1.828    simon_says_debug_i/ila_0/U0/ila_core_inst/u_ila_regs/slaveRegDo_mux_3_reg[1]
  -------------------------------------------------------------------
                         required time                         -1.828    
                         arrival time                           1.897    
  -------------------------------------------------------------------
                         slack                                  0.069    

Slack (MET) :             0.082ns  (arrival time - required time)
  Source:                 simon_says_debug_i/ila_0/U0/ila_core_inst/u_ila_regs/reg_srl_fff/parallel_dout_reg[0]/C
                            (rising edge-triggered cell FDRE clocked by sys_clk_pin  {rise@0.000ns fall@4.000ns period=8.000ns})
  Destination:            simon_says_debug_i/ila_0/U0/ila_core_inst/u_ila_regs/slaveRegDo_mux_3_reg[0]/D
                            (rising edge-triggered cell FDRE clocked by sys_clk_pin  {rise@0.000ns fall@4.000ns period=8.000ns})
  Path Group:             sys_clk_pin
  Path Type:              Hold (Min at Fast Process Corner)
  Requirement:            0.000ns  (sys_clk_pin rise@0.000ns - sys_clk_pin rise@0.000ns)
  Data Path Delay:        0.451ns  (logic 0.248ns (54.989%)  route 0.203ns (45.011%))
  Logic Levels:           2  (LUT5=1 MUXF7=1)
  Clock Path Skew:        0.264ns (DCD - SCD - CPR)
    Destination Clock Delay (DCD):    1.975ns
    Source Clock Delay      (SCD):    1.459ns
    Clock Pessimism Removal (CPR):    0.252ns

    Location             Delay type                Incr(ns)  Path(ns)    Netlist Resource(s)
  -------------------------------------------------------------------    -------------------
                         (clock sys_clk_pin rise edge)
                                                      0.000     0.000 r  
    K17                                               0.000     0.000 r  clk (IN)
                         net (fo=0)                   0.000     0.000    clk
    K17                  IBUF (Prop_ibuf_I_O)         0.259     0.259 r  clk_IBUF_inst/O
                         net (fo=1, routed)           0.627     0.887    clk_IBUF
    BUFGCTRL_X0Y16       BUFG (Prop_bufg_I_O)         0.026     0.913 r  clk_IBUF_BUFG_inst/O
                         net (fo=2463, routed)        0.547     1.459    simon_says_debug_i/ila_0/U0/ila_core_inst/u_ila_regs/reg_srl_fff/s_dclk_o
    SLICE_X22Y70         FDRE                                         r  simon_says_debug_i/ila_0/U0/ila_core_inst/u_ila_regs/reg_srl_fff/parallel_dout_reg[0]/C
  -------------------------------------------------------------------    -------------------
    SLICE_X22Y70         FDRE (Prop_fdre_C_Q)         0.141     1.600 r  simon_says_debug_i/ila_0/U0/ila_core_inst/u_ila_regs/reg_srl_fff/parallel_dout_reg[0]/Q
                         net (fo=1, routed)           0.203     1.803    simon_says_debug_i/ila_0/U0/ila_core_inst/u_ila_regs/reg_srl_fff/parallel_dout[0]
    SLICE_X21Y70         LUT5 (Prop_lut5_I3_O)        0.045     1.848 r  simon_says_debug_i/ila_0/U0/ila_core_inst/u_ila_regs/reg_srl_fff/slaveRegDo_mux_3[0]_i_2/O
                         net (fo=1, routed)           0.000     1.848    simon_says_debug_i/ila_0/U0/ila_core_inst/u_ila_regs/reg_srl_fff/slaveRegDo_mux_3[0]_i_2_n_0
    SLICE_X21Y70         MUXF7 (Prop_muxf7_I0_O)      0.062     1.910 r  simon_says_debug_i/ila_0/U0/ila_core_inst/u_ila_regs/reg_srl_fff/slaveRegDo_mux_3_reg[0]_i_1/O
                         net (fo=1, routed)           0.000     1.910    simon_says_debug_i/ila_0/U0/ila_core_inst/u_ila_regs/reg_srl_fff_n_11
    SLICE_X21Y70         FDRE                                         r  simon_says_debug_i/ila_0/U0/ila_core_inst/u_ila_regs/slaveRegDo_mux_3_reg[0]/D
  -------------------------------------------------------------------    -------------------

                         (clock sys_clk_pin rise edge)
                                                      0.000     0.000 r  
    K17                                               0.000     0.000 r  clk (IN)
                         net (fo=0)                   0.000     0.000    clk
    K17                  IBUF (Prop_ibuf_I_O)         0.447     0.447 r  clk_IBUF_inst/O
                         net (fo=1, routed)           0.683     1.130    clk_IBUF
    BUFGCTRL_X0Y16       BUFG (Prop_bufg_I_O)         0.029     1.159 r  clk_IBUF_BUFG_inst/O
                         net (fo=2463, routed)        0.816     1.975    simon_says_debug_i/ila_0/U0/ila_core_inst/u_ila_regs/s_dclk_o
    SLICE_X21Y70         FDRE                                         r  simon_says_debug_i/ila_0/U0/ila_core_inst/u_ila_regs/slaveRegDo_mux_3_reg[0]/C
                         clock pessimism             -0.252     1.724    
    SLICE_X21Y70         FDRE (Hold_fdre_C_D)         0.105     1.829    simon_says_debug_i/ila_0/U0/ila_core_inst/u_ila_regs/slaveRegDo_mux_3_reg[0]
  -------------------------------------------------------------------
                         required time                         -1.829    
                         arrival time                           1.910    
  -------------------------------------------------------------------
                         slack                                  0.082    

Slack (MET) :             0.084ns  (arrival time - required time)
  Source:                 simon_says_debug_i/ila_0/U0/ila_core_inst/u_ila_regs/TC_SRL[0].tc_srl_reg/parallel_dout_reg[7]/C
                            (rising edge-triggered cell FDRE clocked by sys_clk_pin  {rise@0.000ns fall@4.000ns period=8.000ns})
  Destination:            simon_says_debug_i/ila_0/U0/ila_core_inst/u_ila_regs/slaveRegDo_mux_5_reg[7]/D
                            (rising edge-triggered cell FDRE clocked by sys_clk_pin  {rise@0.000ns fall@4.000ns period=8.000ns})
  Path Group:             sys_clk_pin
  Path Type:              Hold (Min at Fast Process Corner)
  Requirement:            0.000ns  (sys_clk_pin rise@0.000ns - sys_clk_pin rise@0.000ns)
  Data Path Delay:        0.369ns  (logic 0.128ns (34.710%)  route 0.241ns (65.290%))
  Logic Levels:           0  
  Clock Path Skew:        0.266ns (DCD - SCD - CPR)
    Destination Clock Delay (DCD):    1.973ns
    Source Clock Delay      (SCD):    1.455ns
    Clock Pessimism Removal (CPR):    0.252ns

    Location             Delay type                Incr(ns)  Path(ns)    Netlist Resource(s)
  -------------------------------------------------------------------    -------------------
                         (clock sys_clk_pin rise edge)
                                                      0.000     0.000 r  
    K17                                               0.000     0.000 r  clk (IN)
                         net (fo=0)                   0.000     0.000    clk
    K17                  IBUF (Prop_ibuf_I_O)         0.259     0.259 r  clk_IBUF_inst/O
                         net (fo=1, routed)           0.627     0.887    clk_IBUF
    BUFGCTRL_X0Y16       BUFG (Prop_bufg_I_O)         0.026     0.913 r  clk_IBUF_BUFG_inst/O
                         net (fo=2463, routed)        0.543     1.455    simon_says_debug_i/ila_0/U0/ila_core_inst/u_ila_regs/TC_SRL[0].tc_srl_reg/s_dclk_o
    SLICE_X23Y74         FDRE                                         r  simon_says_debug_i/ila_0/U0/ila_core_inst/u_ila_regs/TC_SRL[0].tc_srl_reg/parallel_dout_reg[7]/C
  -------------------------------------------------------------------    -------------------
    SLICE_X23Y74         FDRE (Prop_fdre_C_Q)         0.128     1.583 r  simon_says_debug_i/ila_0/U0/ila_core_inst/u_ila_regs/TC_SRL[0].tc_srl_reg/parallel_dout_reg[7]/Q
                         net (fo=2, routed)           0.241     1.824    simon_says_debug_i/ila_0/U0/ila_core_inst/u_ila_regs/TC_SRL[0].tc_srl_reg_n_10
    SLICE_X21Y77         FDRE                                         r  simon_says_debug_i/ila_0/U0/ila_core_inst/u_ila_regs/slaveRegDo_mux_5_reg[7]/D
  -------------------------------------------------------------------    -------------------

                         (clock sys_clk_pin rise edge)
                                                      0.000     0.000 r  
    K17                                               0.000     0.000 r  clk (IN)
                         net (fo=0)                   0.000     0.000    clk
    K17                  IBUF (Prop_ibuf_I_O)         0.447     0.447 r  clk_IBUF_inst/O
                         net (fo=1, routed)           0.683     1.130    clk_IBUF
    BUFGCTRL_X0Y16       BUFG (Prop_bufg_I_O)         0.029     1.159 r  clk_IBUF_BUFG_inst/O
                         net (fo=2463, routed)        0.814     1.973    simon_says_debug_i/ila_0/U0/ila_core_inst/u_ila_regs/s_dclk_o
    SLICE_X21Y77         FDRE                                         r  simon_says_debug_i/ila_0/U0/ila_core_inst/u_ila_regs/slaveRegDo_mux_5_reg[7]/C
                         clock pessimism             -0.252     1.722    
    SLICE_X21Y77         FDRE (Hold_fdre_C_D)         0.018     1.740    simon_says_debug_i/ila_0/U0/ila_core_inst/u_ila_regs/slaveRegDo_mux_5_reg[7]
  -------------------------------------------------------------------
                         required time                         -1.740    
                         arrival time                           1.824    
  -------------------------------------------------------------------
                         slack                                  0.084    

Slack (MET) :             0.088ns  (arrival time - required time)
  Source:                 simon_says_debug_i/ila_0/U0/ila_core_inst/u_ila_regs/slaveRegDo_mux_reg[0]/C
                            (rising edge-triggered cell FDRE clocked by sys_clk_pin  {rise@0.000ns fall@4.000ns period=8.000ns})
  Destination:            simon_says_debug_i/ila_0/U0/ila_core_inst/u_ila_regs/U_XSDB_SLAVE/G_1PIPE_IFACE.s_do_r_reg[0]/D
                            (rising edge-triggered cell FDRE clocked by sys_clk_pin  {rise@0.000ns fall@4.000ns period=8.000ns})
  Path Group:             sys_clk_pin
  Path Type:              Hold (Min at Fast Process Corner)
  Requirement:            0.000ns  (sys_clk_pin rise@0.000ns - sys_clk_pin rise@0.000ns)
  Data Path Delay:        0.449ns  (logic 0.186ns (41.397%)  route 0.263ns (58.603%))
  Logic Levels:           1  (LUT3=1)
  Clock Path Skew:        0.269ns (DCD - SCD - CPR)
    Destination Clock Delay (DCD):    1.976ns
    Source Clock Delay      (SCD):    1.455ns
    Clock Pessimism Removal (CPR):    0.252ns

    Location             Delay type                Incr(ns)  Path(ns)    Netlist Resource(s)
  -------------------------------------------------------------------    -------------------
                         (clock sys_clk_pin rise edge)
                                                      0.000     0.000 r  
    K17                                               0.000     0.000 r  clk (IN)
                         net (fo=0)                   0.000     0.000    clk
    K17                  IBUF (Prop_ibuf_I_O)         0.259     0.259 r  clk_IBUF_inst/O
                         net (fo=1, routed)           0.627     0.887    clk_IBUF
    BUFGCTRL_X0Y16       BUFG (Prop_bufg_I_O)         0.026     0.913 r  clk_IBUF_BUFG_inst/O
                         net (fo=2463, routed)        0.543     1.455    simon_says_debug_i/ila_0/U0/ila_core_inst/u_ila_regs/s_dclk_o
    SLICE_X23Y75         FDRE                                         r  simon_says_debug_i/ila_0/U0/ila_core_inst/u_ila_regs/slaveRegDo_mux_reg[0]/C
  -------------------------------------------------------------------    -------------------
    SLICE_X23Y75         FDRE (Prop_fdre_C_Q)         0.141     1.596 r  simon_says_debug_i/ila_0/U0/ila_core_inst/u_ila_regs/slaveRegDo_mux_reg[0]/Q
                         net (fo=1, routed)           0.263     1.860    simon_says_debug_i/ila_0/U0/ila_core_inst/u_ila_regs/U_XSDB_SLAVE/s_do_i[0]
    SLICE_X21Y80         LUT3 (Prop_lut3_I1_O)        0.045     1.905 r  simon_says_debug_i/ila_0/U0/ila_core_inst/u_ila_regs/U_XSDB_SLAVE/G_1PIPE_IFACE.s_do_r[0]_i_1/O
                         net (fo=1, routed)           0.000     1.905    simon_says_debug_i/ila_0/U0/ila_core_inst/u_ila_regs/U_XSDB_SLAVE/p_0_in[0]
    SLICE_X21Y80         FDRE                                         r  simon_says_debug_i/ila_0/U0/ila_core_inst/u_ila_regs/U_XSDB_SLAVE/G_1PIPE_IFACE.s_do_r_reg[0]/D
  -------------------------------------------------------------------    -------------------

                         (clock sys_clk_pin rise edge)
                                                      0.000     0.000 r  
    K17                                               0.000     0.000 r  clk (IN)
                         net (fo=0)                   0.000     0.000    clk
    K17                  IBUF (Prop_ibuf_I_O)         0.447     0.447 r  clk_IBUF_inst/O
                         net (fo=1, routed)           0.683     1.130    clk_IBUF
    BUFGCTRL_X0Y16       BUFG (Prop_bufg_I_O)         0.029     1.159 r  clk_IBUF_BUFG_inst/O
                         net (fo=2463, routed)        0.817     1.976    simon_says_debug_i/ila_0/U0/ila_core_inst/u_ila_regs/U_XSDB_SLAVE/sl_iport_i[1]
    SLICE_X21Y80         FDRE                                         r  simon_says_debug_i/ila_0/U0/ila_core_inst/u_ila_regs/U_XSDB_SLAVE/G_1PIPE_IFACE.s_do_r_reg[0]/C
                         clock pessimism             -0.252     1.725    
    SLICE_X21Y80         FDRE (Hold_fdre_C_D)         0.092     1.817    simon_says_debug_i/ila_0/U0/ila_core_inst/u_ila_regs/U_XSDB_SLAVE/G_1PIPE_IFACE.s_do_r_reg[0]
  -------------------------------------------------------------------
                         required time                         -1.817    
                         arrival time                           1.905    
  -------------------------------------------------------------------
                         slack                                  0.088    

Slack (MET) :             0.095ns  (arrival time - required time)
  Source:                 simon_says_debug_i/ila_0/U0/ila_core_inst/u_ila_regs/U_XSDB_SLAVE/G_1PIPE_IFACE.s_do_r_reg[15]/C
                            (rising edge-triggered cell FDRE clocked by sys_clk_pin  {rise@0.000ns fall@4.000ns period=8.000ns})
  Destination:            dbg_hub/inst/BSCANID.u_xsdbm_id/CORE_XSDB.UUT_MASTER/U_XSDB_BUS_MSTR2SL_PORT_IFACE/MA_RD_DIN_O_reg[15]/D
                            (rising edge-triggered cell FDRE clocked by sys_clk_pin  {rise@0.000ns fall@4.000ns period=8.000ns})
  Path Group:             sys_clk_pin
  Path Type:              Hold (Min at Fast Process Corner)
  Requirement:            0.000ns  (sys_clk_pin rise@0.000ns - sys_clk_pin rise@0.000ns)
  Data Path Delay:        0.468ns  (logic 0.231ns (49.404%)  route 0.237ns (50.596%))
  Logic Levels:           1  (LUT3=1)
  Clock Path Skew:        0.265ns (DCD - SCD - CPR)
    Destination Clock Delay (DCD):    1.976ns
    Source Clock Delay      (SCD):    1.459ns
    Clock Pessimism Removal (CPR):    0.252ns

    Location             Delay type                Incr(ns)  Path(ns)    Netlist Resource(s)
  -------------------------------------------------------------------    -------------------
                         (clock sys_clk_pin rise edge)
                                                      0.000     0.000 r  
    K17                                               0.000     0.000 r  clk (IN)
                         net (fo=0)                   0.000     0.000    clk
    K17                  IBUF (Prop_ibuf_I_O)         0.259     0.259 r  clk_IBUF_inst/O
                         net (fo=1, routed)           0.627     0.887    clk_IBUF
    BUFGCTRL_X0Y16       BUFG (Prop_bufg_I_O)         0.026     0.913 r  clk_IBUF_BUFG_inst/O
                         net (fo=2463, routed)        0.547     1.459    simon_says_debug_i/ila_0/U0/ila_core_inst/u_ila_regs/U_XSDB_SLAVE/sl_iport_i[1]
    SLICE_X22Y79         FDRE                                         r  simon_says_debug_i/ila_0/U0/ila_core_inst/u_ila_regs/U_XSDB_SLAVE/G_1PIPE_IFACE.s_do_r_reg[15]/C
  -------------------------------------------------------------------    -------------------
    SLICE_X22Y79         FDRE (Prop_fdre_C_Q)         0.128     1.587 r  simon_says_debug_i/ila_0/U0/ila_core_inst/u_ila_regs/U_XSDB_SLAVE/G_1PIPE_IFACE.s_do_r_reg[15]/Q
                         net (fo=1, routed)           0.237     1.824    dbg_hub/inst/BSCANID.u_xsdbm_id/CORE_XSDB.UUT_MASTER/U_XSDB_BUS_MSTR2SL_PORT_IFACE/U_RD_DIN_BUS_MUX/sl_oport0_i[15]
    SLICE_X14Y79         LUT3 (Prop_lut3_I2_O)        0.103     1.927 r  dbg_hub/inst/BSCANID.u_xsdbm_id/CORE_XSDB.UUT_MASTER/U_XSDB_BUS_MSTR2SL_PORT_IFACE/U_RD_DIN_BUS_MUX/MA_RD_DIN_O[15]_i_1/O
                         net (fo=1, routed)           0.000     1.927    dbg_hub/inst/BSCANID.u_xsdbm_id/CORE_XSDB.UUT_MASTER/U_XSDB_BUS_MSTR2SL_PORT_IFACE/rd_din_mux[15]
    SLICE_X14Y79         FDRE                                         r  dbg_hub/inst/BSCANID.u_xsdbm_id/CORE_XSDB.UUT_MASTER/U_XSDB_BUS_MSTR2SL_PORT_IFACE/MA_RD_DIN_O_reg[15]/D
  -------------------------------------------------------------------    -------------------

                         (clock sys_clk_pin rise edge)
                                                      0.000     0.000 r  
    K17                                               0.000     0.000 r  clk (IN)
                         net (fo=0)                   0.000     0.000    clk
    K17                  IBUF (Prop_ibuf_I_O)         0.447     0.447 r  clk_IBUF_inst/O
                         net (fo=1, routed)           0.683     1.130    clk_IBUF
    BUFGCTRL_X0Y16       BUFG (Prop_bufg_I_O)         0.029     1.159 r  clk_IBUF_BUFG_inst/O
                         net (fo=2463, routed)        0.817     1.976    dbg_hub/inst/BSCANID.u_xsdbm_id/CORE_XSDB.UUT_MASTER/U_XSDB_BUS_MSTR2SL_PORT_IFACE/clk
    SLICE_X14Y79         FDRE                                         r  dbg_hub/inst/BSCANID.u_xsdbm_id/CORE_XSDB.UUT_MASTER/U_XSDB_BUS_MSTR2SL_PORT_IFACE/MA_RD_DIN_O_reg[15]/C
                         clock pessimism             -0.252     1.725    
    SLICE_X14Y79         FDRE (Hold_fdre_C_D)         0.107     1.832    dbg_hub/inst/BSCANID.u_xsdbm_id/CORE_XSDB.UUT_MASTER/U_XSDB_BUS_MSTR2SL_PORT_IFACE/MA_RD_DIN_O_reg[15]
  -------------------------------------------------------------------
                         required time                         -1.832    
                         arrival time                           1.927    
  -------------------------------------------------------------------
                         slack                                  0.095    

Slack (MET) :             0.101ns  (arrival time - required time)
  Source:                 simon_says_debug_i/ila_0/U0/ila_core_inst/shifted_data_in_reg[8][2]/C
                            (rising edge-triggered cell FDRE clocked by sys_clk_pin  {rise@0.000ns fall@4.000ns period=8.000ns})
  Destination:            simon_says_debug_i/ila_0/U0/ila_core_inst/ila_trace_memory_inst/SUBCORE_RAM_BLK_MEM_1.trace_block_memory/inst_blk_mem_gen/gnbram.gnativebmg.native_blk_mem_gen/valid.cstr/ramloop[0].ram.r/prim_noinit.ram/DEVICE_7SERIES.NO_BMM_INFO.SDP.SIMPLE_PRIM18.ram/DIADI[2]
                            (rising edge-triggered cell RAMB18E1 clocked by sys_clk_pin  {rise@0.000ns fall@4.000ns period=8.000ns})
  Path Group:             sys_clk_pin
  Path Type:              Hold (Min at Fast Process Corner)
  Requirement:            0.000ns  (sys_clk_pin rise@0.000ns - sys_clk_pin rise@0.000ns)
  Data Path Delay:        0.330ns  (logic 0.164ns (49.632%)  route 0.166ns (50.368%))
  Logic Levels:           0  
  Clock Path Skew:        0.074ns (DCD - SCD - CPR)
    Destination Clock Delay (DCD):    2.025ns
    Source Clock Delay      (SCD):    1.469ns
    Clock Pessimism Removal (CPR):    0.481ns

    Location             Delay type                Incr(ns)  Path(ns)    Netlist Resource(s)
  -------------------------------------------------------------------    -------------------
                         (clock sys_clk_pin rise edge)
                                                      0.000     0.000 r  
    K17                                               0.000     0.000 r  clk (IN)
                         net (fo=0)                   0.000     0.000    clk
    K17                  IBUF (Prop_ibuf_I_O)         0.259     0.259 r  clk_IBUF_inst/O
                         net (fo=1, routed)           0.627     0.887    clk_IBUF
    BUFGCTRL_X0Y16       BUFG (Prop_bufg_I_O)         0.026     0.913 r  clk_IBUF_BUFG_inst/O
                         net (fo=2463, routed)        0.557     1.469    simon_says_debug_i/ila_0/U0/ila_core_inst/DESIGN_CLK_I
    SLICE_X28Y61         FDRE                                         r  simon_says_debug_i/ila_0/U0/ila_core_inst/shifted_data_in_reg[8][2]/C
  -------------------------------------------------------------------    -------------------
    SLICE_X28Y61         FDRE (Prop_fdre_C_Q)         0.164     1.633 r  simon_says_debug_i/ila_0/U0/ila_core_inst/shifted_data_in_reg[8][2]/Q
                         net (fo=1, routed)           0.166     1.800    simon_says_debug_i/ila_0/U0/ila_core_inst/ila_trace_memory_inst/SUBCORE_RAM_BLK_MEM_1.trace_block_memory/inst_blk_mem_gen/gnbram.gnativebmg.native_blk_mem_gen/valid.cstr/ramloop[0].ram.r/prim_noinit.ram/DIADI[2]
    RAMB18_X1Y24         RAMB18E1                                     r  simon_says_debug_i/ila_0/U0/ila_core_inst/ila_trace_memory_inst/SUBCORE_RAM_BLK_MEM_1.trace_block_memory/inst_blk_mem_gen/gnbram.gnativebmg.native_blk_mem_gen/valid.cstr/ramloop[0].ram.r/prim_noinit.ram/DEVICE_7SERIES.NO_BMM_INFO.SDP.SIMPLE_PRIM18.ram/DIADI[2]
  -------------------------------------------------------------------    -------------------

                         (clock sys_clk_pin rise edge)
                                                      0.000     0.000 r  
    K17                                               0.000     0.000 r  clk (IN)
                         net (fo=0)                   0.000     0.000    clk
    K17                  IBUF (Prop_ibuf_I_O)         0.447     0.447 r  clk_IBUF_inst/O
                         net (fo=1, routed)           0.683     1.130    clk_IBUF
    BUFGCTRL_X0Y16       BUFG (Prop_bufg_I_O)         0.029     1.159 r  clk_IBUF_BUFG_inst/O
                         net (fo=2463, routed)        0.865     2.025    simon_says_debug_i/ila_0/U0/ila_core_inst/ila_trace_memory_inst/SUBCORE_RAM_BLK_MEM_1.trace_block_memory/inst_blk_mem_gen/gnbram.gnativebmg.native_blk_mem_gen/valid.cstr/ramloop[0].ram.r/prim_noinit.ram/DESIGN_CLK_I
    RAMB18_X1Y24         RAMB18E1                                     r  simon_says_debug_i/ila_0/U0/ila_core_inst/ila_trace_memory_inst/SUBCORE_RAM_BLK_MEM_1.trace_block_memory/inst_blk_mem_gen/gnbram.gnativebmg.native_blk_mem_gen/valid.cstr/ramloop[0].ram.r/prim_noinit.ram/DEVICE_7SERIES.NO_BMM_INFO.SDP.SIMPLE_PRIM18.ram/CLKARDCLK
                         clock pessimism             -0.481     1.544    
    RAMB18_X1Y24         RAMB18E1 (Hold_ramb18e1_CLKARDCLK_DIADI[2])
                                                      0.155     1.699    simon_says_debug_i/ila_0/U0/ila_core_inst/ila_trace_memory_inst/SUBCORE_RAM_BLK_MEM_1.trace_block_memory/inst_blk_mem_gen/gnbram.gnativebmg.native_blk_mem_gen/valid.cstr/ramloop[0].ram.r/prim_noinit.ram/DEVICE_7SERIES.NO_BMM_INFO.SDP.SIMPLE_PRIM18.ram
  -------------------------------------------------------------------
                         required time                         -1.699    
                         arrival time                           1.800    
  -------------------------------------------------------------------
                         slack                                  0.101    

Slack (MET) :             0.101ns  (arrival time - required time)
  Source:                 simon_says_debug_i/ila_0/U0/ila_core_inst/shifted_data_in_reg[8][28]/C
                            (rising edge-triggered cell FDRE clocked by sys_clk_pin  {rise@0.000ns fall@4.000ns period=8.000ns})
  Destination:            simon_says_debug_i/ila_0/U0/ila_core_inst/ila_trace_memory_inst/SUBCORE_RAM_BLK_MEM_1.trace_block_memory/inst_blk_mem_gen/gnbram.gnativebmg.native_blk_mem_gen/valid.cstr/ramloop[1].ram.r/prim_noinit.ram/DEVICE_7SERIES.NO_BMM_INFO.SDP.SIMPLE_PRIM36.ram/DIADI[12]
                            (rising edge-triggered cell RAMB36E1 clocked by sys_clk_pin  {rise@0.000ns fall@4.000ns period=8.000ns})
  Path Group:             sys_clk_pin
  Path Type:              Hold (Min at Fast Process Corner)
  Requirement:            0.000ns  (sys_clk_pin rise@0.000ns - sys_clk_pin rise@0.000ns)
  Data Path Delay:        0.277ns  (logic 0.148ns (53.523%)  route 0.129ns (46.477%))
  Logic Levels:           0  
  Clock Path Skew:        0.073ns (DCD - SCD - CPR)
    Destination Clock Delay (DCD):    2.021ns
    Source Clock Delay      (SCD):    1.466ns
    Clock Pessimism Removal (CPR):    0.481ns

    Location             Delay type                Incr(ns)  Path(ns)    Netlist Resource(s)
  -------------------------------------------------------------------    -------------------
                         (clock sys_clk_pin rise edge)
                                                      0.000     0.000 r  
    K17                                               0.000     0.000 r  clk (IN)
                         net (fo=0)                   0.000     0.000    clk
    K17                  IBUF (Prop_ibuf_I_O)         0.259     0.259 r  clk_IBUF_inst/O
                         net (fo=1, routed)           0.627     0.887    clk_IBUF
    BUFGCTRL_X0Y16       BUFG (Prop_bufg_I_O)         0.026     0.913 r  clk_IBUF_BUFG_inst/O
                         net (fo=2463, routed)        0.554     1.466    simon_says_debug_i/ila_0/U0/ila_core_inst/DESIGN_CLK_I
    SLICE_X28Y66         FDRE                                         r  simon_says_debug_i/ila_0/U0/ila_core_inst/shifted_data_in_reg[8][28]/C
  -------------------------------------------------------------------    -------------------
    SLICE_X28Y66         FDRE (Prop_fdre_C_Q)         0.148     1.614 r  simon_says_debug_i/ila_0/U0/ila_core_inst/shifted_data_in_reg[8][28]/Q
                         net (fo=1, routed)           0.129     1.743    simon_says_debug_i/ila_0/U0/ila_core_inst/ila_trace_memory_inst/SUBCORE_RAM_BLK_MEM_1.trace_block_memory/inst_blk_mem_gen/gnbram.gnativebmg.native_blk_mem_gen/valid.cstr/ramloop[1].ram.r/prim_noinit.ram/DEVICE_7SERIES.NO_BMM_INFO.SDP.SIMPLE_PRIM36.ram_2[10]
    RAMB36_X1Y13         RAMB36E1                                     r  simon_says_debug_i/ila_0/U0/ila_core_inst/ila_trace_memory_inst/SUBCORE_RAM_BLK_MEM_1.trace_block_memory/inst_blk_mem_gen/gnbram.gnativebmg.native_blk_mem_gen/valid.cstr/ramloop[1].ram.r/prim_noinit.ram/DEVICE_7SERIES.NO_BMM_INFO.SDP.SIMPLE_PRIM36.ram/DIADI[12]
  -------------------------------------------------------------------    -------------------

                         (clock sys_clk_pin rise edge)
                                                      0.000     0.000 r  
    K17                                               0.000     0.000 r  clk (IN)
                         net (fo=0)                   0.000     0.000    clk
    K17                  IBUF (Prop_ibuf_I_O)         0.447     0.447 r  clk_IBUF_inst/O
                         net (fo=1, routed)           0.683     1.130    clk_IBUF
    BUFGCTRL_X0Y16       BUFG (Prop_bufg_I_O)         0.029     1.159 r  clk_IBUF_BUFG_inst/O
                         net (fo=2463, routed)        0.861     2.021    simon_says_debug_i/ila_0/U0/ila_core_inst/ila_trace_memory_inst/SUBCORE_RAM_BLK_MEM_1.trace_block_memory/inst_blk_mem_gen/gnbram.gnativebmg.native_blk_mem_gen/valid.cstr/ramloop[1].ram.r/prim_noinit.ram/DESIGN_CLK_I
    RAMB36_X1Y13         RAMB36E1                                     r  simon_says_debug_i/ila_0/U0/ila_core_inst/ila_trace_memory_inst/SUBCORE_RAM_BLK_MEM_1.trace_block_memory/inst_blk_mem_gen/gnbram.gnativebmg.native_blk_mem_gen/valid.cstr/ramloop[1].ram.r/prim_noinit.ram/DEVICE_7SERIES.NO_BMM_INFO.SDP.SIMPLE_PRIM36.ram/CLKARDCLK
                         clock pessimism             -0.481     1.540    
    RAMB36_X1Y13         RAMB36E1 (Hold_ramb36e1_CLKARDCLK_DIADI[12])
                                                      0.102     1.642    simon_says_debug_i/ila_0/U0/ila_core_inst/ila_trace_memory_inst/SUBCORE_RAM_BLK_MEM_1.trace_block_memory/inst_blk_mem_gen/gnbram.gnativebmg.native_blk_mem_gen/valid.cstr/ramloop[1].ram.r/prim_noinit.ram/DEVICE_7SERIES.NO_BMM_INFO.SDP.SIMPLE_PRIM36.ram
  -------------------------------------------------------------------
                         required time                         -1.642    
                         arrival time                           1.743    
  -------------------------------------------------------------------
                         slack                                  0.101    





Pulse Width Checks
--------------------------------------------------------------------------------------
Clock Name:         sys_clk_pin
Waveform(ns):       { 0.000 4.000 }
Period(ns):         8.000
Sources:            { clk }

Check Type        Corner  Lib Pin             Reference Pin  Required(ns)  Actual(ns)  Slack(ns)  Location        Pin
Min Period        n/a     RAMB18E1/CLKARDCLK  n/a            2.944         8.000       5.056      RAMB18_X1Y24    simon_says_debug_i/ila_0/U0/ila_core_inst/ila_trace_memory_inst/SUBCORE_RAM_BLK_MEM_1.trace_block_memory/inst_blk_mem_gen/gnbram.gnativebmg.native_blk_mem_gen/valid.cstr/ramloop[0].ram.r/prim_noinit.ram/DEVICE_7SERIES.NO_BMM_INFO.SDP.SIMPLE_PRIM18.ram/CLKARDCLK
Min Period        n/a     RAMB18E1/CLKBWRCLK  n/a            2.944         8.000       5.056      RAMB18_X1Y24    simon_says_debug_i/ila_0/U0/ila_core_inst/ila_trace_memory_inst/SUBCORE_RAM_BLK_MEM_1.trace_block_memory/inst_blk_mem_gen/gnbram.gnativebmg.native_blk_mem_gen/valid.cstr/ramloop[0].ram.r/prim_noinit.ram/DEVICE_7SERIES.NO_BMM_INFO.SDP.SIMPLE_PRIM18.ram/CLKBWRCLK
Min Period        n/a     RAMB36E1/CLKARDCLK  n/a            2.944         8.000       5.056      RAMB36_X1Y13    simon_says_debug_i/ila_0/U0/ila_core_inst/ila_trace_memory_inst/SUBCORE_RAM_BLK_MEM_1.trace_block_memory/inst_blk_mem_gen/gnbram.gnativebmg.native_blk_mem_gen/valid.cstr/ramloop[1].ram.r/prim_noinit.ram/DEVICE_7SERIES.NO_BMM_INFO.SDP.SIMPLE_PRIM36.ram/CLKARDCLK
Min Period        n/a     RAMB36E1/CLKBWRCLK  n/a            2.944         8.000       5.056      RAMB36_X1Y13    simon_says_debug_i/ila_0/U0/ila_core_inst/ila_trace_memory_inst/SUBCORE_RAM_BLK_MEM_1.trace_block_memory/inst_blk_mem_gen/gnbram.gnativebmg.native_blk_mem_gen/valid.cstr/ramloop[1].ram.r/prim_noinit.ram/DEVICE_7SERIES.NO_BMM_INFO.SDP.SIMPLE_PRIM36.ram/CLKBWRCLK
Min Period        n/a     BUFG/I              n/a            2.155         8.000       5.845      BUFGCTRL_X0Y16  clk_IBUF_BUFG_inst/I
Min Period        n/a     FDRE/C              n/a            1.000         8.000       7.000      SLICE_X19Y87    dbg_hub/inst/BSCANID.u_xsdbm_id/CORE_XSDB.UUT_MASTER/U_ICON_INTERFACE/U_CMD1/ctl_reg_en_1_reg[0]/C
Min Period        n/a     FDRE/C              n/a            1.000         8.000       7.000      SLICE_X19Y87    dbg_hub/inst/BSCANID.u_xsdbm_id/CORE_XSDB.UUT_MASTER/U_ICON_INTERFACE/U_CMD1/ctl_reg_en_1_reg[1]/C
Min Period        n/a     FDRE/C              n/a            1.000         8.000       7.000      SLICE_X23Y86    dbg_hub/inst/BSCANID.u_xsdbm_id/CORE_XSDB.UUT_MASTER/U_ICON_INTERFACE/U_CMD1/ctl_reg_en_2_reg[0]/C
Min Period        n/a     FDRE/C              n/a            1.000         8.000       7.000      SLICE_X23Y86    dbg_hub/inst/BSCANID.u_xsdbm_id/CORE_XSDB.UUT_MASTER/U_ICON_INTERFACE/U_CMD1/ctl_reg_en_2_reg[1]/C
Min Period        n/a     FDRE/C              n/a            1.000         8.000       7.000      SLICE_X19Y86    dbg_hub/inst/BSCANID.u_xsdbm_id/CORE_XSDB.UUT_MASTER/U_ICON_INTERFACE/U_CMD1/ctl_reg_reg[0]/C
Low Pulse Width   Fast    RAMD32/CLK          n/a            1.250         4.000       2.750      SLICE_X12Y80    dbg_hub/inst/BSCANID.u_xsdbm_id/CORE_XSDB.UUT_MASTER/U_ICON_INTERFACE/U_CMD6_RD/U_RD_FIFO/SUBCORE_FIFO.xsdbm_v3_0_0_rdfifo_inst/inst_fifo_gen/gconvfifo.rf/grf.rf/gntv_or_sync_fifo.mem/gdm.dm_gen.dm/RAM_reg_0_15_0_5/RAMA/CLK
Low Pulse Width   Fast    RAMD32/CLK          n/a            1.250         4.000       2.750      SLICE_X12Y80    dbg_hub/inst/BSCANID.u_xsdbm_id/CORE_XSDB.UUT_MASTER/U_ICON_INTERFACE/U_CMD6_RD/U_RD_FIFO/SUBCORE_FIFO.xsdbm_v3_0_0_rdfifo_inst/inst_fifo_gen/gconvfifo.rf/grf.rf/gntv_or_sync_fifo.mem/gdm.dm_gen.dm/RAM_reg_0_15_0_5/RAMA_D1/CLK
Low Pulse Width   Fast    RAMD32/CLK          n/a            1.250         4.000       2.750      SLICE_X12Y80    dbg_hub/inst/BSCANID.u_xsdbm_id/CORE_XSDB.UUT_MASTER/U_ICON_INTERFACE/U_CMD6_RD/U_RD_FIFO/SUBCORE_FIFO.xsdbm_v3_0_0_rdfifo_inst/inst_fifo_gen/gconvfifo.rf/grf.rf/gntv_or_sync_fifo.mem/gdm.dm_gen.dm/RAM_reg_0_15_0_5/RAMB/CLK
Low Pulse Width   Fast    RAMD32/CLK          n/a            1.250         4.000       2.750      SLICE_X12Y80    dbg_hub/inst/BSCANID.u_xsdbm_id/CORE_XSDB.UUT_MASTER/U_ICON_INTERFACE/U_CMD6_RD/U_RD_FIFO/SUBCORE_FIFO.xsdbm_v3_0_0_rdfifo_inst/inst_fifo_gen/gconvfifo.rf/grf.rf/gntv_or_sync_fifo.mem/gdm.dm_gen.dm/RAM_reg_0_15_0_5/RAMB_D1/CLK
Low Pulse Width   Fast    RAMD32/CLK          n/a            1.250         4.000       2.750      SLICE_X12Y80    dbg_hub/inst/BSCANID.u_xsdbm_id/CORE_XSDB.UUT_MASTER/U_ICON_INTERFACE/U_CMD6_RD/U_RD_FIFO/SUBCORE_FIFO.xsdbm_v3_0_0_rdfifo_inst/inst_fifo_gen/gconvfifo.rf/grf.rf/gntv_or_sync_fifo.mem/gdm.dm_gen.dm/RAM_reg_0_15_0_5/RAMC/CLK
Low Pulse Width   Fast    RAMD32/CLK          n/a            1.250         4.000       2.750      SLICE_X12Y80    dbg_hub/inst/BSCANID.u_xsdbm_id/CORE_XSDB.UUT_MASTER/U_ICON_INTERFACE/U_CMD6_RD/U_RD_FIFO/SUBCORE_FIFO.xsdbm_v3_0_0_rdfifo_inst/inst_fifo_gen/gconvfifo.rf/grf.rf/gntv_or_sync_fifo.mem/gdm.dm_gen.dm/RAM_reg_0_15_0_5/RAMC_D1/CLK
Low Pulse Width   Fast    RAMS32/CLK          n/a            1.250         4.000       2.750      SLICE_X12Y80    dbg_hub/inst/BSCANID.u_xsdbm_id/CORE_XSDB.UUT_MASTER/U_ICON_INTERFACE/U_CMD6_RD/U_RD_FIFO/SUBCORE_FIFO.xsdbm_v3_0_0_rdfifo_inst/inst_fifo_gen/gconvfifo.rf/grf.rf/gntv_or_sync_fifo.mem/gdm.dm_gen.dm/RAM_reg_0_15_0_5/RAMD/CLK
Low Pulse Width   Fast    RAMS32/CLK          n/a            1.250         4.000       2.750      SLICE_X12Y80    dbg_hub/inst/BSCANID.u_xsdbm_id/CORE_XSDB.UUT_MASTER/U_ICON_INTERFACE/U_CMD6_RD/U_RD_FIFO/SUBCORE_FIFO.xsdbm_v3_0_0_rdfifo_inst/inst_fifo_gen/gconvfifo.rf/grf.rf/gntv_or_sync_fifo.mem/gdm.dm_gen.dm/RAM_reg_0_15_0_5/RAMD_D1/CLK
Low Pulse Width   Fast    RAMD32/CLK          n/a            1.250         4.000       2.750      SLICE_X12Y81    dbg_hub/inst/BSCANID.u_xsdbm_id/CORE_XSDB.UUT_MASTER/U_ICON_INTERFACE/U_CMD6_RD/U_RD_FIFO/SUBCORE_FIFO.xsdbm_v3_0_0_rdfifo_inst/inst_fifo_gen/gconvfifo.rf/grf.rf/gntv_or_sync_fifo.mem/gdm.dm_gen.dm/RAM_reg_0_15_12_15/RAMA/CLK
Low Pulse Width   Fast    RAMD32/CLK          n/a            1.250         4.000       2.750      SLICE_X12Y81    dbg_hub/inst/BSCANID.u_xsdbm_id/CORE_XSDB.UUT_MASTER/U_ICON_INTERFACE/U_CMD6_RD/U_RD_FIFO/SUBCORE_FIFO.xsdbm_v3_0_0_rdfifo_inst/inst_fifo_gen/gconvfifo.rf/grf.rf/gntv_or_sync_fifo.mem/gdm.dm_gen.dm/RAM_reg_0_15_12_15/RAMA_D1/CLK
High Pulse Width  Slow    RAMD32/CLK          n/a            1.250         4.000       2.750      SLICE_X12Y80    dbg_hub/inst/BSCANID.u_xsdbm_id/CORE_XSDB.UUT_MASTER/U_ICON_INTERFACE/U_CMD6_RD/U_RD_FIFO/SUBCORE_FIFO.xsdbm_v3_0_0_rdfifo_inst/inst_fifo_gen/gconvfifo.rf/grf.rf/gntv_or_sync_fifo.mem/gdm.dm_gen.dm/RAM_reg_0_15_0_5/RAMA/CLK
High Pulse Width  Slow    RAMD32/CLK          n/a            1.250         4.000       2.750      SLICE_X12Y80    dbg_hub/inst/BSCANID.u_xsdbm_id/CORE_XSDB.UUT_MASTER/U_ICON_INTERFACE/U_CMD6_RD/U_RD_FIFO/SUBCORE_FIFO.xsdbm_v3_0_0_rdfifo_inst/inst_fifo_gen/gconvfifo.rf/grf.rf/gntv_or_sync_fifo.mem/gdm.dm_gen.dm/RAM_reg_0_15_0_5/RAMA_D1/CLK
High Pulse Width  Slow    RAMD32/CLK          n/a            1.250         4.000       2.750      SLICE_X12Y80    dbg_hub/inst/BSCANID.u_xsdbm_id/CORE_XSDB.UUT_MASTER/U_ICON_INTERFACE/U_CMD6_RD/U_RD_FIFO/SUBCORE_FIFO.xsdbm_v3_0_0_rdfifo_inst/inst_fifo_gen/gconvfifo.rf/grf.rf/gntv_or_sync_fifo.mem/gdm.dm_gen.dm/RAM_reg_0_15_0_5/RAMB/CLK
High Pulse Width  Slow    RAMD32/CLK          n/a            1.250         4.000       2.750      SLICE_X12Y80    dbg_hub/inst/BSCANID.u_xsdbm_id/CORE_XSDB.UUT_MASTER/U_ICON_INTERFACE/U_CMD6_RD/U_RD_FIFO/SUBCORE_FIFO.xsdbm_v3_0_0_rdfifo_inst/inst_fifo_gen/gconvfifo.rf/grf.rf/gntv_or_sync_fifo.mem/gdm.dm_gen.dm/RAM_reg_0_15_0_5/RAMB_D1/CLK
High Pulse Width  Slow    RAMD32/CLK          n/a            1.250         4.000       2.750      SLICE_X12Y80    dbg_hub/inst/BSCANID.u_xsdbm_id/CORE_XSDB.UUT_MASTER/U_ICON_INTERFACE/U_CMD6_RD/U_RD_FIFO/SUBCORE_FIFO.xsdbm_v3_0_0_rdfifo_inst/inst_fifo_gen/gconvfifo.rf/grf.rf/gntv_or_sync_fifo.mem/gdm.dm_gen.dm/RAM_reg_0_15_0_5/RAMC/CLK
High Pulse Width  Slow    RAMD32/CLK          n/a            1.250         4.000       2.750      SLICE_X12Y80    dbg_hub/inst/BSCANID.u_xsdbm_id/CORE_XSDB.UUT_MASTER/U_ICON_INTERFACE/U_CMD6_RD/U_RD_FIFO/SUBCORE_FIFO.xsdbm_v3_0_0_rdfifo_inst/inst_fifo_gen/gconvfifo.rf/grf.rf/gntv_or_sync_fifo.mem/gdm.dm_gen.dm/RAM_reg_0_15_0_5/RAMC_D1/CLK
High Pulse Width  Slow    RAMS32/CLK          n/a            1.250         4.000       2.750      SLICE_X12Y80    dbg_hub/inst/BSCANID.u_xsdbm_id/CORE_XSDB.UUT_MASTER/U_ICON_INTERFACE/U_CMD6_RD/U_RD_FIFO/SUBCORE_FIFO.xsdbm_v3_0_0_rdfifo_inst/inst_fifo_gen/gconvfifo.rf/grf.rf/gntv_or_sync_fifo.mem/gdm.dm_gen.dm/RAM_reg_0_15_0_5/RAMD/CLK
High Pulse Width  Slow    RAMS32/CLK          n/a            1.250         4.000       2.750      SLICE_X12Y80    dbg_hub/inst/BSCANID.u_xsdbm_id/CORE_XSDB.UUT_MASTER/U_ICON_INTERFACE/U_CMD6_RD/U_RD_FIFO/SUBCORE_FIFO.xsdbm_v3_0_0_rdfifo_inst/inst_fifo_gen/gconvfifo.rf/grf.rf/gntv_or_sync_fifo.mem/gdm.dm_gen.dm/RAM_reg_0_15_0_5/RAMD_D1/CLK
High Pulse Width  Slow    RAMD32/CLK          n/a            1.250         4.000       2.750      SLICE_X12Y81    dbg_hub/inst/BSCANID.u_xsdbm_id/CORE_XSDB.UUT_MASTER/U_ICON_INTERFACE/U_CMD6_RD/U_RD_FIFO/SUBCORE_FIFO.xsdbm_v3_0_0_rdfifo_inst/inst_fifo_gen/gconvfifo.rf/grf.rf/gntv_or_sync_fifo.mem/gdm.dm_gen.dm/RAM_reg_0_15_12_15/RAMA/CLK
High Pulse Width  Slow    RAMD32/CLK          n/a            1.250         4.000       2.750      SLICE_X12Y81    dbg_hub/inst/BSCANID.u_xsdbm_id/CORE_XSDB.UUT_MASTER/U_ICON_INTERFACE/U_CMD6_RD/U_RD_FIFO/SUBCORE_FIFO.xsdbm_v3_0_0_rdfifo_inst/inst_fifo_gen/gconvfifo.rf/grf.rf/gntv_or_sync_fifo.mem/gdm.dm_gen.dm/RAM_reg_0_15_12_15/RAMA_D1/CLK



---------------------------------------------------------------------------------------------------
From Clock:  sys_clk_pin
  To Clock:  dbg_hub/inst/BSCANID.u_xsdbm_id/SWITCH_N_EXT_BSCAN.bscan_inst/SERIES7_BSCAN.bscan_inst/TCK

Setup :            0  Failing Endpoints,  Worst Slack        6.764ns,  Total Violation        0.000ns
Hold  :           NA  Failing Endpoints,  Worst Slack           NA  ,  Total Violation           NA
---------------------------------------------------------------------------------------------------


Max Delay Paths
--------------------------------------------------------------------------------------
Slack (MET) :             6.764ns  (required time - arrival time)
  Source:                 dbg_hub/inst/BSCANID.u_xsdbm_id/CORE_XSDB.UUT_MASTER/U_ICON_INTERFACE/U_CMD6_RD/U_RD_FIFO/SUBCORE_FIFO.xsdbm_v3_0_0_rdfifo_inst/inst_fifo_gen/gconvfifo.rf/grf.rf/gntv_or_sync_fifo.gcx.clkx/gnxpm_cdc.wr_pntr_gc_reg[3]/C
                            (rising edge-triggered cell FDCE clocked by sys_clk_pin  {rise@0.000ns fall@4.000ns period=8.000ns})
  Destination:            dbg_hub/inst/BSCANID.u_xsdbm_id/CORE_XSDB.UUT_MASTER/U_ICON_INTERFACE/U_CMD6_RD/U_RD_FIFO/SUBCORE_FIFO.xsdbm_v3_0_0_rdfifo_inst/inst_fifo_gen/gconvfifo.rf/grf.rf/gntv_or_sync_fifo.gcx.clkx/gnxpm_cdc.gsync_stage[1].rd_stg_inst/Q_reg_reg[3]/D
                            (rising edge-triggered cell FDCE clocked by dbg_hub/inst/BSCANID.u_xsdbm_id/SWITCH_N_EXT_BSCAN.bscan_inst/SERIES7_BSCAN.bscan_inst/TCK  {rise@0.000ns fall@16.500ns period=33.000ns})
  Path Group:             dbg_hub/inst/BSCANID.u_xsdbm_id/SWITCH_N_EXT_BSCAN.bscan_inst/SERIES7_BSCAN.bscan_inst/TCK
  Path Type:              Setup (Max at Slow Process Corner)
  Requirement:            8.000ns  (MaxDelay Path 8.000ns)
  Data Path Delay:        0.973ns  (logic 0.478ns (49.103%)  route 0.495ns (50.897%))
  Logic Levels:           0  
  Timing Exception:       MaxDelay Path 8.000ns -datapath_only

    Location             Delay type                Incr(ns)  Path(ns)    Netlist Resource(s)
  -------------------------------------------------------------------    -------------------
    SLICE_X8Y84                                       0.000     0.000 r  dbg_hub/inst/BSCANID.u_xsdbm_id/CORE_XSDB.UUT_MASTER/U_ICON_INTERFACE/U_CMD6_RD/U_RD_FIFO/SUBCORE_FIFO.xsdbm_v3_0_0_rdfifo_inst/inst_fifo_gen/gconvfifo.rf/grf.rf/gntv_or_sync_fifo.gcx.clkx/gnxpm_cdc.wr_pntr_gc_reg[3]/C
    SLICE_X8Y84          FDCE (Prop_fdce_C_Q)         0.478     0.478 r  dbg_hub/inst/BSCANID.u_xsdbm_id/CORE_XSDB.UUT_MASTER/U_ICON_INTERFACE/U_CMD6_RD/U_RD_FIFO/SUBCORE_FIFO.xsdbm_v3_0_0_rdfifo_inst/inst_fifo_gen/gconvfifo.rf/grf.rf/gntv_or_sync_fifo.gcx.clkx/gnxpm_cdc.wr_pntr_gc_reg[3]/Q
                         net (fo=1, routed)           0.495     0.973    dbg_hub/inst/BSCANID.u_xsdbm_id/CORE_XSDB.UUT_MASTER/U_ICON_INTERFACE/U_CMD6_RD/U_RD_FIFO/SUBCORE_FIFO.xsdbm_v3_0_0_rdfifo_inst/inst_fifo_gen/gconvfifo.rf/grf.rf/gntv_or_sync_fifo.gcx.clkx/gnxpm_cdc.gsync_stage[1].rd_stg_inst/Q[3]
    SLICE_X7Y84          FDCE                                         r  dbg_hub/inst/BSCANID.u_xsdbm_id/CORE_XSDB.UUT_MASTER/U_ICON_INTERFACE/U_CMD6_RD/U_RD_FIFO/SUBCORE_FIFO.xsdbm_v3_0_0_rdfifo_inst/inst_fifo_gen/gconvfifo.rf/grf.rf/gntv_or_sync_fifo.gcx.clkx/gnxpm_cdc.gsync_stage[1].rd_stg_inst/Q_reg_reg[3]/D
  -------------------------------------------------------------------    -------------------

                         max delay                    8.000     8.000    
    SLICE_X7Y84          FDCE (Setup_fdce_C_D)       -0.263     7.737    dbg_hub/inst/BSCANID.u_xsdbm_id/CORE_XSDB.UUT_MASTER/U_ICON_INTERFACE/U_CMD6_RD/U_RD_FIFO/SUBCORE_FIFO.xsdbm_v3_0_0_rdfifo_inst/inst_fifo_gen/gconvfifo.rf/grf.rf/gntv_or_sync_fifo.gcx.clkx/gnxpm_cdc.gsync_stage[1].rd_stg_inst/Q_reg_reg[3]
  -------------------------------------------------------------------
                         required time                          7.737    
                         arrival time                          -0.973    
  -------------------------------------------------------------------
                         slack                                  6.764    

Slack (MET) :             6.793ns  (required time - arrival time)
  Source:                 dbg_hub/inst/BSCANID.u_xsdbm_id/CORE_XSDB.UUT_MASTER/U_ICON_INTERFACE/U_CMD6_RD/U_RD_FIFO/SUBCORE_FIFO.xsdbm_v3_0_0_rdfifo_inst/inst_fifo_gen/gconvfifo.rf/grf.rf/gntv_or_sync_fifo.gcx.clkx/gnxpm_cdc.wr_pntr_gc_reg[1]/C
                            (rising edge-triggered cell FDCE clocked by sys_clk_pin  {rise@0.000ns fall@4.000ns period=8.000ns})
  Destination:            dbg_hub/inst/BSCANID.u_xsdbm_id/CORE_XSDB.UUT_MASTER/U_ICON_INTERFACE/U_CMD6_RD/U_RD_FIFO/SUBCORE_FIFO.xsdbm_v3_0_0_rdfifo_inst/inst_fifo_gen/gconvfifo.rf/grf.rf/gntv_or_sync_fifo.gcx.clkx/gnxpm_cdc.gsync_stage[1].rd_stg_inst/Q_reg_reg[1]/D
                            (rising edge-triggered cell FDCE clocked by dbg_hub/inst/BSCANID.u_xsdbm_id/SWITCH_N_EXT_BSCAN.bscan_inst/SERIES7_BSCAN.bscan_inst/TCK  {rise@0.000ns fall@16.500ns period=33.000ns})
  Path Group:             dbg_hub/inst/BSCANID.u_xsdbm_id/SWITCH_N_EXT_BSCAN.bscan_inst/SERIES7_BSCAN.bscan_inst/TCK
  Path Type:              Setup (Max at Slow Process Corner)
  Requirement:            8.000ns  (MaxDelay Path 8.000ns)
  Data Path Delay:        0.937ns  (logic 0.478ns (50.994%)  route 0.459ns (49.006%))
  Logic Levels:           0  
  Timing Exception:       MaxDelay Path 8.000ns -datapath_only

    Location             Delay type                Incr(ns)  Path(ns)    Netlist Resource(s)
  -------------------------------------------------------------------    -------------------
    SLICE_X8Y84                                       0.000     0.000 r  dbg_hub/inst/BSCANID.u_xsdbm_id/CORE_XSDB.UUT_MASTER/U_ICON_INTERFACE/U_CMD6_RD/U_RD_FIFO/SUBCORE_FIFO.xsdbm_v3_0_0_rdfifo_inst/inst_fifo_gen/gconvfifo.rf/grf.rf/gntv_or_sync_fifo.gcx.clkx/gnxpm_cdc.wr_pntr_gc_reg[1]/C
    SLICE_X8Y84          FDCE (Prop_fdce_C_Q)         0.478     0.478 r  dbg_hub/inst/BSCANID.u_xsdbm_id/CORE_XSDB.UUT_MASTER/U_ICON_INTERFACE/U_CMD6_RD/U_RD_FIFO/SUBCORE_FIFO.xsdbm_v3_0_0_rdfifo_inst/inst_fifo_gen/gconvfifo.rf/grf.rf/gntv_or_sync_fifo.gcx.clkx/gnxpm_cdc.wr_pntr_gc_reg[1]/Q
                         net (fo=1, routed)           0.459     0.937    dbg_hub/inst/BSCANID.u_xsdbm_id/CORE_XSDB.UUT_MASTER/U_ICON_INTERFACE/U_CMD6_RD/U_RD_FIFO/SUBCORE_FIFO.xsdbm_v3_0_0_rdfifo_inst/inst_fifo_gen/gconvfifo.rf/grf.rf/gntv_or_sync_fifo.gcx.clkx/gnxpm_cdc.gsync_stage[1].rd_stg_inst/Q[1]
    SLICE_X7Y84          FDCE                                         r  dbg_hub/inst/BSCANID.u_xsdbm_id/CORE_XSDB.UUT_MASTER/U_ICON_INTERFACE/U_CMD6_RD/U_RD_FIFO/SUBCORE_FIFO.xsdbm_v3_0_0_rdfifo_inst/inst_fifo_gen/gconvfifo.rf/grf.rf/gntv_or_sync_fifo.gcx.clkx/gnxpm_cdc.gsync_stage[1].rd_stg_inst/Q_reg_reg[1]/D
  -------------------------------------------------------------------    -------------------

                         max delay                    8.000     8.000    
    SLICE_X7Y84          FDCE (Setup_fdce_C_D)       -0.270     7.730    dbg_hub/inst/BSCANID.u_xsdbm_id/CORE_XSDB.UUT_MASTER/U_ICON_INTERFACE/U_CMD6_RD/U_RD_FIFO/SUBCORE_FIFO.xsdbm_v3_0_0_rdfifo_inst/inst_fifo_gen/gconvfifo.rf/grf.rf/gntv_or_sync_fifo.gcx.clkx/gnxpm_cdc.gsync_stage[1].rd_stg_inst/Q_reg_reg[1]
  -------------------------------------------------------------------
                         required time                          7.730    
                         arrival time                          -0.937    
  -------------------------------------------------------------------
                         slack                                  6.793    

Slack (MET) :             6.845ns  (required time - arrival time)
  Source:                 dbg_hub/inst/BSCANID.u_xsdbm_id/CORE_XSDB.UUT_MASTER/U_ICON_INTERFACE/U_CMD6_WR/U_WR_FIFO/SUBCORE_FIFO.xsdbm_v3_0_0_wrfifo_inst/inst_fifo_gen/gconvfifo.rf/grf.rf/gntv_or_sync_fifo.gcx.clkx/gnxpm_cdc.rd_pntr_gc_reg[2]/C
                            (rising edge-triggered cell FDCE clocked by sys_clk_pin  {rise@0.000ns fall@4.000ns period=8.000ns})
  Destination:            dbg_hub/inst/BSCANID.u_xsdbm_id/CORE_XSDB.UUT_MASTER/U_ICON_INTERFACE/U_CMD6_WR/U_WR_FIFO/SUBCORE_FIFO.xsdbm_v3_0_0_wrfifo_inst/inst_fifo_gen/gconvfifo.rf/grf.rf/gntv_or_sync_fifo.gcx.clkx/gnxpm_cdc.gsync_stage[1].wr_stg_inst/Q_reg_reg[2]/D
                            (rising edge-triggered cell FDCE clocked by dbg_hub/inst/BSCANID.u_xsdbm_id/SWITCH_N_EXT_BSCAN.bscan_inst/SERIES7_BSCAN.bscan_inst/TCK  {rise@0.000ns fall@16.500ns period=33.000ns})
  Path Group:             dbg_hub/inst/BSCANID.u_xsdbm_id/SWITCH_N_EXT_BSCAN.bscan_inst/SERIES7_BSCAN.bscan_inst/TCK
  Path Type:              Setup (Max at Slow Process Corner)
  Requirement:            8.000ns  (MaxDelay Path 8.000ns)
  Data Path Delay:        0.931ns  (logic 0.478ns (51.340%)  route 0.453ns (48.660%))
  Logic Levels:           0  
  Timing Exception:       MaxDelay Path 8.000ns -datapath_only

    Location             Delay type                Incr(ns)  Path(ns)    Netlist Resource(s)
  -------------------------------------------------------------------    -------------------
    SLICE_X0Y80                                       0.000     0.000 r  dbg_hub/inst/BSCANID.u_xsdbm_id/CORE_XSDB.UUT_MASTER/U_ICON_INTERFACE/U_CMD6_WR/U_WR_FIFO/SUBCORE_FIFO.xsdbm_v3_0_0_wrfifo_inst/inst_fifo_gen/gconvfifo.rf/grf.rf/gntv_or_sync_fifo.gcx.clkx/gnxpm_cdc.rd_pntr_gc_reg[2]/C
    SLICE_X0Y80          FDCE (Prop_fdce_C_Q)         0.478     0.478 r  dbg_hub/inst/BSCANID.u_xsdbm_id/CORE_XSDB.UUT_MASTER/U_ICON_INTERFACE/U_CMD6_WR/U_WR_FIFO/SUBCORE_FIFO.xsdbm_v3_0_0_wrfifo_inst/inst_fifo_gen/gconvfifo.rf/grf.rf/gntv_or_sync_fifo.gcx.clkx/gnxpm_cdc.rd_pntr_gc_reg[2]/Q
                         net (fo=1, routed)           0.453     0.931    dbg_hub/inst/BSCANID.u_xsdbm_id/CORE_XSDB.UUT_MASTER/U_ICON_INTERFACE/U_CMD6_WR/U_WR_FIFO/SUBCORE_FIFO.xsdbm_v3_0_0_wrfifo_inst/inst_fifo_gen/gconvfifo.rf/grf.rf/gntv_or_sync_fifo.gcx.clkx/gnxpm_cdc.gsync_stage[1].wr_stg_inst/Q[2]
    SLICE_X0Y79          FDCE                                         r  dbg_hub/inst/BSCANID.u_xsdbm_id/CORE_XSDB.UUT_MASTER/U_ICON_INTERFACE/U_CMD6_WR/U_WR_FIFO/SUBCORE_FIFO.xsdbm_v3_0_0_wrfifo_inst/inst_fifo_gen/gconvfifo.rf/grf.rf/gntv_or_sync_fifo.gcx.clkx/gnxpm_cdc.gsync_stage[1].wr_stg_inst/Q_reg_reg[2]/D
  -------------------------------------------------------------------    -------------------

                         max delay                    8.000     8.000    
    SLICE_X0Y79          FDCE (Setup_fdce_C_D)       -0.224     7.776    dbg_hub/inst/BSCANID.u_xsdbm_id/CORE_XSDB.UUT_MASTER/U_ICON_INTERFACE/U_CMD6_WR/U_WR_FIFO/SUBCORE_FIFO.xsdbm_v3_0_0_wrfifo_inst/inst_fifo_gen/gconvfifo.rf/grf.rf/gntv_or_sync_fifo.gcx.clkx/gnxpm_cdc.gsync_stage[1].wr_stg_inst/Q_reg_reg[2]
  -------------------------------------------------------------------
                         required time                          7.776    
                         arrival time                          -0.931    
  -------------------------------------------------------------------
                         slack                                  6.845    

Slack (MET) :             6.861ns  (required time - arrival time)
  Source:                 dbg_hub/inst/BSCANID.u_xsdbm_id/CORE_XSDB.UUT_MASTER/U_ICON_INTERFACE/U_CMD6_WR/U_WR_FIFO/SUBCORE_FIFO.xsdbm_v3_0_0_wrfifo_inst/inst_fifo_gen/gconvfifo.rf/grf.rf/gntv_or_sync_fifo.gcx.clkx/gnxpm_cdc.rd_pntr_gc_reg[0]/C
                            (rising edge-triggered cell FDCE clocked by sys_clk_pin  {rise@0.000ns fall@4.000ns period=8.000ns})
  Destination:            dbg_hub/inst/BSCANID.u_xsdbm_id/CORE_XSDB.UUT_MASTER/U_ICON_INTERFACE/U_CMD6_WR/U_WR_FIFO/SUBCORE_FIFO.xsdbm_v3_0_0_wrfifo_inst/inst_fifo_gen/gconvfifo.rf/grf.rf/gntv_or_sync_fifo.gcx.clkx/gnxpm_cdc.gsync_stage[1].wr_stg_inst/Q_reg_reg[0]/D
                            (rising edge-triggered cell FDCE clocked by dbg_hub/inst/BSCANID.u_xsdbm_id/SWITCH_N_EXT_BSCAN.bscan_inst/SERIES7_BSCAN.bscan_inst/TCK  {rise@0.000ns fall@16.500ns period=33.000ns})
  Path Group:             dbg_hub/inst/BSCANID.u_xsdbm_id/SWITCH_N_EXT_BSCAN.bscan_inst/SERIES7_BSCAN.bscan_inst/TCK
  Path Type:              Setup (Max at Slow Process Corner)
  Requirement:            8.000ns  (MaxDelay Path 8.000ns)
  Data Path Delay:        0.872ns  (logic 0.419ns (48.061%)  route 0.453ns (51.939%))
  Logic Levels:           0  
  Timing Exception:       MaxDelay Path 8.000ns -datapath_only

    Location             Delay type                Incr(ns)  Path(ns)    Netlist Resource(s)
  -------------------------------------------------------------------    -------------------
    SLICE_X2Y80                                       0.000     0.000 r  dbg_hub/inst/BSCANID.u_xsdbm_id/CORE_XSDB.UUT_MASTER/U_ICON_INTERFACE/U_CMD6_WR/U_WR_FIFO/SUBCORE_FIFO.xsdbm_v3_0_0_wrfifo_inst/inst_fifo_gen/gconvfifo.rf/grf.rf/gntv_or_sync_fifo.gcx.clkx/gnxpm_cdc.rd_pntr_gc_reg[0]/C
    SLICE_X2Y80          FDCE (Prop_fdce_C_Q)         0.419     0.419 r  dbg_hub/inst/BSCANID.u_xsdbm_id/CORE_XSDB.UUT_MASTER/U_ICON_INTERFACE/U_CMD6_WR/U_WR_FIFO/SUBCORE_FIFO.xsdbm_v3_0_0_wrfifo_inst/inst_fifo_gen/gconvfifo.rf/grf.rf/gntv_or_sync_fifo.gcx.clkx/gnxpm_cdc.rd_pntr_gc_reg[0]/Q
                         net (fo=1, routed)           0.453     0.872    dbg_hub/inst/BSCANID.u_xsdbm_id/CORE_XSDB.UUT_MASTER/U_ICON_INTERFACE/U_CMD6_WR/U_WR_FIFO/SUBCORE_FIFO.xsdbm_v3_0_0_wrfifo_inst/inst_fifo_gen/gconvfifo.rf/grf.rf/gntv_or_sync_fifo.gcx.clkx/gnxpm_cdc.gsync_stage[1].wr_stg_inst/Q[0]
    SLICE_X1Y79          FDCE                                         r  dbg_hub/inst/BSCANID.u_xsdbm_id/CORE_XSDB.UUT_MASTER/U_ICON_INTERFACE/U_CMD6_WR/U_WR_FIFO/SUBCORE_FIFO.xsdbm_v3_0_0_wrfifo_inst/inst_fifo_gen/gconvfifo.rf/grf.rf/gntv_or_sync_fifo.gcx.clkx/gnxpm_cdc.gsync_stage[1].wr_stg_inst/Q_reg_reg[0]/D
  -------------------------------------------------------------------    -------------------

                         max delay                    8.000     8.000    
    SLICE_X1Y79          FDCE (Setup_fdce_C_D)       -0.267     7.733    dbg_hub/inst/BSCANID.u_xsdbm_id/CORE_XSDB.UUT_MASTER/U_ICON_INTERFACE/U_CMD6_WR/U_WR_FIFO/SUBCORE_FIFO.xsdbm_v3_0_0_wrfifo_inst/inst_fifo_gen/gconvfifo.rf/grf.rf/gntv_or_sync_fifo.gcx.clkx/gnxpm_cdc.gsync_stage[1].wr_stg_inst/Q_reg_reg[0]
  -------------------------------------------------------------------
                         required time                          7.733    
                         arrival time                          -0.872    
  -------------------------------------------------------------------
                         slack                                  6.861    

Slack (MET) :             6.902ns  (required time - arrival time)
  Source:                 dbg_hub/inst/BSCANID.u_xsdbm_id/CORE_XSDB.UUT_MASTER/U_ICON_INTERFACE/U_CMD6_RD/U_RD_FIFO/SUBCORE_FIFO.xsdbm_v3_0_0_rdfifo_inst/inst_fifo_gen/gconvfifo.rf/grf.rf/gntv_or_sync_fifo.gcx.clkx/gnxpm_cdc.wr_pntr_gc_reg[2]/C
                            (rising edge-triggered cell FDCE clocked by sys_clk_pin  {rise@0.000ns fall@4.000ns period=8.000ns})
  Destination:            dbg_hub/inst/BSCANID.u_xsdbm_id/CORE_XSDB.UUT_MASTER/U_ICON_INTERFACE/U_CMD6_RD/U_RD_FIFO/SUBCORE_FIFO.xsdbm_v3_0_0_rdfifo_inst/inst_fifo_gen/gconvfifo.rf/grf.rf/gntv_or_sync_fifo.gcx.clkx/gnxpm_cdc.gsync_stage[1].rd_stg_inst/Q_reg_reg[2]/D
                            (rising edge-triggered cell FDCE clocked by dbg_hub/inst/BSCANID.u_xsdbm_id/SWITCH_N_EXT_BSCAN.bscan_inst/SERIES7_BSCAN.bscan_inst/TCK  {rise@0.000ns fall@16.500ns period=33.000ns})
  Path Group:             dbg_hub/inst/BSCANID.u_xsdbm_id/SWITCH_N_EXT_BSCAN.bscan_inst/SERIES7_BSCAN.bscan_inst/TCK
  Path Type:              Setup (Max at Slow Process Corner)
  Requirement:            8.000ns  (MaxDelay Path 8.000ns)
  Data Path Delay:        1.005ns  (logic 0.518ns (51.543%)  route 0.487ns (48.457%))
  Logic Levels:           0  
  Timing Exception:       MaxDelay Path 8.000ns -datapath_only

    Location             Delay type                Incr(ns)  Path(ns)    Netlist Resource(s)
  -------------------------------------------------------------------    -------------------
    SLICE_X8Y84                                       0.000     0.000 r  dbg_hub/inst/BSCANID.u_xsdbm_id/CORE_XSDB.UUT_MASTER/U_ICON_INTERFACE/U_CMD6_RD/U_RD_FIFO/SUBCORE_FIFO.xsdbm_v3_0_0_rdfifo_inst/inst_fifo_gen/gconvfifo.rf/grf.rf/gntv_or_sync_fifo.gcx.clkx/gnxpm_cdc.wr_pntr_gc_reg[2]/C
    SLICE_X8Y84          FDCE (Prop_fdce_C_Q)         0.518     0.518 r  dbg_hub/inst/BSCANID.u_xsdbm_id/CORE_XSDB.UUT_MASTER/U_ICON_INTERFACE/U_CMD6_RD/U_RD_FIFO/SUBCORE_FIFO.xsdbm_v3_0_0_rdfifo_inst/inst_fifo_gen/gconvfifo.rf/grf.rf/gntv_or_sync_fifo.gcx.clkx/gnxpm_cdc.wr_pntr_gc_reg[2]/Q
                         net (fo=1, routed)           0.487     1.005    dbg_hub/inst/BSCANID.u_xsdbm_id/CORE_XSDB.UUT_MASTER/U_ICON_INTERFACE/U_CMD6_RD/U_RD_FIFO/SUBCORE_FIFO.xsdbm_v3_0_0_rdfifo_inst/inst_fifo_gen/gconvfifo.rf/grf.rf/gntv_or_sync_fifo.gcx.clkx/gnxpm_cdc.gsync_stage[1].rd_stg_inst/Q[2]
    SLICE_X7Y84          FDCE                                         r  dbg_hub/inst/BSCANID.u_xsdbm_id/CORE_XSDB.UUT_MASTER/U_ICON_INTERFACE/U_CMD6_RD/U_RD_FIFO/SUBCORE_FIFO.xsdbm_v3_0_0_rdfifo_inst/inst_fifo_gen/gconvfifo.rf/grf.rf/gntv_or_sync_fifo.gcx.clkx/gnxpm_cdc.gsync_stage[1].rd_stg_inst/Q_reg_reg[2]/D
  -------------------------------------------------------------------    -------------------

                         max delay                    8.000     8.000    
    SLICE_X7Y84          FDCE (Setup_fdce_C_D)       -0.093     7.907    dbg_hub/inst/BSCANID.u_xsdbm_id/CORE_XSDB.UUT_MASTER/U_ICON_INTERFACE/U_CMD6_RD/U_RD_FIFO/SUBCORE_FIFO.xsdbm_v3_0_0_rdfifo_inst/inst_fifo_gen/gconvfifo.rf/grf.rf/gntv_or_sync_fifo.gcx.clkx/gnxpm_cdc.gsync_stage[1].rd_stg_inst/Q_reg_reg[2]
  -------------------------------------------------------------------
                         required time                          7.907    
                         arrival time                          -1.005    
  -------------------------------------------------------------------
                         slack                                  6.902    

Slack (MET) :             6.948ns  (required time - arrival time)
  Source:                 dbg_hub/inst/BSCANID.u_xsdbm_id/CORE_XSDB.UUT_MASTER/U_ICON_INTERFACE/U_CMD6_RD/U_RD_FIFO/SUBCORE_FIFO.xsdbm_v3_0_0_rdfifo_inst/inst_fifo_gen/gconvfifo.rf/grf.rf/gntv_or_sync_fifo.gcx.clkx/gnxpm_cdc.wr_pntr_gc_reg[0]/C
                            (rising edge-triggered cell FDCE clocked by sys_clk_pin  {rise@0.000ns fall@4.000ns period=8.000ns})
  Destination:            dbg_hub/inst/BSCANID.u_xsdbm_id/CORE_XSDB.UUT_MASTER/U_ICON_INTERFACE/U_CMD6_RD/U_RD_FIFO/SUBCORE_FIFO.xsdbm_v3_0_0_rdfifo_inst/inst_fifo_gen/gconvfifo.rf/grf.rf/gntv_or_sync_fifo.gcx.clkx/gnxpm_cdc.gsync_stage[1].rd_stg_inst/Q_reg_reg[0]/D
                            (rising edge-triggered cell FDCE clocked by dbg_hub/inst/BSCANID.u_xsdbm_id/SWITCH_N_EXT_BSCAN.bscan_inst/SERIES7_BSCAN.bscan_inst/TCK  {rise@0.000ns fall@16.500ns period=33.000ns})
  Path Group:             dbg_hub/inst/BSCANID.u_xsdbm_id/SWITCH_N_EXT_BSCAN.bscan_inst/SERIES7_BSCAN.bscan_inst/TCK
  Path Type:              Setup (Max at Slow Process Corner)
  Requirement:            8.000ns  (MaxDelay Path 8.000ns)
  Data Path Delay:        0.957ns  (logic 0.518ns (54.110%)  route 0.439ns (45.890%))
  Logic Levels:           0  
  Timing Exception:       MaxDelay Path 8.000ns -datapath_only

    Location             Delay type                Incr(ns)  Path(ns)    Netlist Resource(s)
  -------------------------------------------------------------------    -------------------
    SLICE_X8Y84                                       0.000     0.000 r  dbg_hub/inst/BSCANID.u_xsdbm_id/CORE_XSDB.UUT_MASTER/U_ICON_INTERFACE/U_CMD6_RD/U_RD_FIFO/SUBCORE_FIFO.xsdbm_v3_0_0_rdfifo_inst/inst_fifo_gen/gconvfifo.rf/grf.rf/gntv_or_sync_fifo.gcx.clkx/gnxpm_cdc.wr_pntr_gc_reg[0]/C
    SLICE_X8Y84          FDCE (Prop_fdce_C_Q)         0.518     0.518 r  dbg_hub/inst/BSCANID.u_xsdbm_id/CORE_XSDB.UUT_MASTER/U_ICON_INTERFACE/U_CMD6_RD/U_RD_FIFO/SUBCORE_FIFO.xsdbm_v3_0_0_rdfifo_inst/inst_fifo_gen/gconvfifo.rf/grf.rf/gntv_or_sync_fifo.gcx.clkx/gnxpm_cdc.wr_pntr_gc_reg[0]/Q
                         net (fo=1, routed)           0.439     0.957    dbg_hub/inst/BSCANID.u_xsdbm_id/CORE_XSDB.UUT_MASTER/U_ICON_INTERFACE/U_CMD6_RD/U_RD_FIFO/SUBCORE_FIFO.xsdbm_v3_0_0_rdfifo_inst/inst_fifo_gen/gconvfifo.rf/grf.rf/gntv_or_sync_fifo.gcx.clkx/gnxpm_cdc.gsync_stage[1].rd_stg_inst/Q[0]
    SLICE_X7Y84          FDCE                                         r  dbg_hub/inst/BSCANID.u_xsdbm_id/CORE_XSDB.UUT_MASTER/U_ICON_INTERFACE/U_CMD6_RD/U_RD_FIFO/SUBCORE_FIFO.xsdbm_v3_0_0_rdfifo_inst/inst_fifo_gen/gconvfifo.rf/grf.rf/gntv_or_sync_fifo.gcx.clkx/gnxpm_cdc.gsync_stage[1].rd_stg_inst/Q_reg_reg[0]/D
  -------------------------------------------------------------------    -------------------

                         max delay                    8.000     8.000    
    SLICE_X7Y84          FDCE (Setup_fdce_C_D)       -0.095     7.905    dbg_hub/inst/BSCANID.u_xsdbm_id/CORE_XSDB.UUT_MASTER/U_ICON_INTERFACE/U_CMD6_RD/U_RD_FIFO/SUBCORE_FIFO.xsdbm_v3_0_0_rdfifo_inst/inst_fifo_gen/gconvfifo.rf/grf.rf/gntv_or_sync_fifo.gcx.clkx/gnxpm_cdc.gsync_stage[1].rd_stg_inst/Q_reg_reg[0]
  -------------------------------------------------------------------
                         required time                          7.905    
                         arrival time                          -0.957    
  -------------------------------------------------------------------
                         slack                                  6.948    

Slack (MET) :             7.008ns  (required time - arrival time)
  Source:                 dbg_hub/inst/BSCANID.u_xsdbm_id/CORE_XSDB.UUT_MASTER/U_ICON_INTERFACE/U_CMD6_WR/U_WR_FIFO/SUBCORE_FIFO.xsdbm_v3_0_0_wrfifo_inst/inst_fifo_gen/gconvfifo.rf/grf.rf/gntv_or_sync_fifo.gcx.clkx/gnxpm_cdc.rd_pntr_gc_reg[3]/C
                            (rising edge-triggered cell FDCE clocked by sys_clk_pin  {rise@0.000ns fall@4.000ns period=8.000ns})
  Destination:            dbg_hub/inst/BSCANID.u_xsdbm_id/CORE_XSDB.UUT_MASTER/U_ICON_INTERFACE/U_CMD6_WR/U_WR_FIFO/SUBCORE_FIFO.xsdbm_v3_0_0_wrfifo_inst/inst_fifo_gen/gconvfifo.rf/grf.rf/gntv_or_sync_fifo.gcx.clkx/gnxpm_cdc.gsync_stage[1].wr_stg_inst/Q_reg_reg[3]/D
                            (rising edge-triggered cell FDCE clocked by dbg_hub/inst/BSCANID.u_xsdbm_id/SWITCH_N_EXT_BSCAN.bscan_inst/SERIES7_BSCAN.bscan_inst/TCK  {rise@0.000ns fall@16.500ns period=33.000ns})
  Path Group:             dbg_hub/inst/BSCANID.u_xsdbm_id/SWITCH_N_EXT_BSCAN.bscan_inst/SERIES7_BSCAN.bscan_inst/TCK
  Path Type:              Setup (Max at Slow Process Corner)
  Requirement:            8.000ns  (MaxDelay Path 8.000ns)
  Data Path Delay:        0.899ns  (logic 0.456ns (50.708%)  route 0.443ns (49.292%))
  Logic Levels:           0  
  Timing Exception:       MaxDelay Path 8.000ns -datapath_only

    Location             Delay type                Incr(ns)  Path(ns)    Netlist Resource(s)
  -------------------------------------------------------------------    -------------------
    SLICE_X2Y78                                       0.000     0.000 r  dbg_hub/inst/BSCANID.u_xsdbm_id/CORE_XSDB.UUT_MASTER/U_ICON_INTERFACE/U_CMD6_WR/U_WR_FIFO/SUBCORE_FIFO.xsdbm_v3_0_0_wrfifo_inst/inst_fifo_gen/gconvfifo.rf/grf.rf/gntv_or_sync_fifo.gcx.clkx/gnxpm_cdc.rd_pntr_gc_reg[3]/C
    SLICE_X2Y78          FDCE (Prop_fdce_C_Q)         0.456     0.456 r  dbg_hub/inst/BSCANID.u_xsdbm_id/CORE_XSDB.UUT_MASTER/U_ICON_INTERFACE/U_CMD6_WR/U_WR_FIFO/SUBCORE_FIFO.xsdbm_v3_0_0_wrfifo_inst/inst_fifo_gen/gconvfifo.rf/grf.rf/gntv_or_sync_fifo.gcx.clkx/gnxpm_cdc.rd_pntr_gc_reg[3]/Q
                         net (fo=1, routed)           0.443     0.899    dbg_hub/inst/BSCANID.u_xsdbm_id/CORE_XSDB.UUT_MASTER/U_ICON_INTERFACE/U_CMD6_WR/U_WR_FIFO/SUBCORE_FIFO.xsdbm_v3_0_0_wrfifo_inst/inst_fifo_gen/gconvfifo.rf/grf.rf/gntv_or_sync_fifo.gcx.clkx/gnxpm_cdc.gsync_stage[1].wr_stg_inst/Q[3]
    SLICE_X1Y79          FDCE                                         r  dbg_hub/inst/BSCANID.u_xsdbm_id/CORE_XSDB.UUT_MASTER/U_ICON_INTERFACE/U_CMD6_WR/U_WR_FIFO/SUBCORE_FIFO.xsdbm_v3_0_0_wrfifo_inst/inst_fifo_gen/gconvfifo.rf/grf.rf/gntv_or_sync_fifo.gcx.clkx/gnxpm_cdc.gsync_stage[1].wr_stg_inst/Q_reg_reg[3]/D
  -------------------------------------------------------------------    -------------------

                         max delay                    8.000     8.000    
    SLICE_X1Y79          FDCE (Setup_fdce_C_D)       -0.093     7.907    dbg_hub/inst/BSCANID.u_xsdbm_id/CORE_XSDB.UUT_MASTER/U_ICON_INTERFACE/U_CMD6_WR/U_WR_FIFO/SUBCORE_FIFO.xsdbm_v3_0_0_wrfifo_inst/inst_fifo_gen/gconvfifo.rf/grf.rf/gntv_or_sync_fifo.gcx.clkx/gnxpm_cdc.gsync_stage[1].wr_stg_inst/Q_reg_reg[3]
  -------------------------------------------------------------------
                         required time                          7.907    
                         arrival time                          -0.899    
  -------------------------------------------------------------------
                         slack                                  7.008    

Slack (MET) :             7.008ns  (required time - arrival time)
  Source:                 dbg_hub/inst/BSCANID.u_xsdbm_id/CORE_XSDB.UUT_MASTER/U_ICON_INTERFACE/U_CMD6_WR/U_WR_FIFO/SUBCORE_FIFO.xsdbm_v3_0_0_wrfifo_inst/inst_fifo_gen/gconvfifo.rf/grf.rf/gntv_or_sync_fifo.gcx.clkx/gnxpm_cdc.rd_pntr_gc_reg[1]/C
                            (rising edge-triggered cell FDCE clocked by sys_clk_pin  {rise@0.000ns fall@4.000ns period=8.000ns})
  Destination:            dbg_hub/inst/BSCANID.u_xsdbm_id/CORE_XSDB.UUT_MASTER/U_ICON_INTERFACE/U_CMD6_WR/U_WR_FIFO/SUBCORE_FIFO.xsdbm_v3_0_0_wrfifo_inst/inst_fifo_gen/gconvfifo.rf/grf.rf/gntv_or_sync_fifo.gcx.clkx/gnxpm_cdc.gsync_stage[1].wr_stg_inst/Q_reg_reg[1]/D
                            (rising edge-triggered cell FDCE clocked by dbg_hub/inst/BSCANID.u_xsdbm_id/SWITCH_N_EXT_BSCAN.bscan_inst/SERIES7_BSCAN.bscan_inst/TCK  {rise@0.000ns fall@16.500ns period=33.000ns})
  Path Group:             dbg_hub/inst/BSCANID.u_xsdbm_id/SWITCH_N_EXT_BSCAN.bscan_inst/SERIES7_BSCAN.bscan_inst/TCK
  Path Type:              Setup (Max at Slow Process Corner)
  Requirement:            8.000ns  (MaxDelay Path 8.000ns)
  Data Path Delay:        0.897ns  (logic 0.456ns (50.829%)  route 0.441ns (49.171%))
  Logic Levels:           0  
  Timing Exception:       MaxDelay Path 8.000ns -datapath_only

    Location             Delay type                Incr(ns)  Path(ns)    Netlist Resource(s)
  -------------------------------------------------------------------    -------------------
    SLICE_X2Y80                                       0.000     0.000 r  dbg_hub/inst/BSCANID.u_xsdbm_id/CORE_XSDB.UUT_MASTER/U_ICON_INTERFACE/U_CMD6_WR/U_WR_FIFO/SUBCORE_FIFO.xsdbm_v3_0_0_wrfifo_inst/inst_fifo_gen/gconvfifo.rf/grf.rf/gntv_or_sync_fifo.gcx.clkx/gnxpm_cdc.rd_pntr_gc_reg[1]/C
    SLICE_X2Y80          FDCE (Prop_fdce_C_Q)         0.456     0.456 r  dbg_hub/inst/BSCANID.u_xsdbm_id/CORE_XSDB.UUT_MASTER/U_ICON_INTERFACE/U_CMD6_WR/U_WR_FIFO/SUBCORE_FIFO.xsdbm_v3_0_0_wrfifo_inst/inst_fifo_gen/gconvfifo.rf/grf.rf/gntv_or_sync_fifo.gcx.clkx/gnxpm_cdc.rd_pntr_gc_reg[1]/Q
                         net (fo=1, routed)           0.441     0.897    dbg_hub/inst/BSCANID.u_xsdbm_id/CORE_XSDB.UUT_MASTER/U_ICON_INTERFACE/U_CMD6_WR/U_WR_FIFO/SUBCORE_FIFO.xsdbm_v3_0_0_wrfifo_inst/inst_fifo_gen/gconvfifo.rf/grf.rf/gntv_or_sync_fifo.gcx.clkx/gnxpm_cdc.gsync_stage[1].wr_stg_inst/Q[1]
    SLICE_X1Y80          FDCE                                         r  dbg_hub/inst/BSCANID.u_xsdbm_id/CORE_XSDB.UUT_MASTER/U_ICON_INTERFACE/U_CMD6_WR/U_WR_FIFO/SUBCORE_FIFO.xsdbm_v3_0_0_wrfifo_inst/inst_fifo_gen/gconvfifo.rf/grf.rf/gntv_or_sync_fifo.gcx.clkx/gnxpm_cdc.gsync_stage[1].wr_stg_inst/Q_reg_reg[1]/D
  -------------------------------------------------------------------    -------------------

                         max delay                    8.000     8.000    
    SLICE_X1Y80          FDCE (Setup_fdce_C_D)       -0.095     7.905    dbg_hub/inst/BSCANID.u_xsdbm_id/CORE_XSDB.UUT_MASTER/U_ICON_INTERFACE/U_CMD6_WR/U_WR_FIFO/SUBCORE_FIFO.xsdbm_v3_0_0_wrfifo_inst/inst_fifo_gen/gconvfifo.rf/grf.rf/gntv_or_sync_fifo.gcx.clkx/gnxpm_cdc.gsync_stage[1].wr_stg_inst/Q_reg_reg[1]
  -------------------------------------------------------------------
                         required time                          7.905    
                         arrival time                          -0.897    
  -------------------------------------------------------------------
                         slack                                  7.008    





---------------------------------------------------------------------------------------------------
From Clock:  dbg_hub/inst/BSCANID.u_xsdbm_id/SWITCH_N_EXT_BSCAN.bscan_inst/SERIES7_BSCAN.bscan_inst/TCK
  To Clock:  sys_clk_pin

Setup :            0  Failing Endpoints,  Worst Slack       31.796ns,  Total Violation        0.000ns
Hold  :           NA  Failing Endpoints,  Worst Slack           NA  ,  Total Violation           NA
---------------------------------------------------------------------------------------------------


Max Delay Paths
--------------------------------------------------------------------------------------
Slack (MET) :             31.796ns  (required time - arrival time)
  Source:                 dbg_hub/inst/BSCANID.u_xsdbm_id/CORE_XSDB.UUT_MASTER/U_ICON_INTERFACE/U_CMD6_WR/U_WR_FIFO/SUBCORE_FIFO.xsdbm_v3_0_0_wrfifo_inst/inst_fifo_gen/gconvfifo.rf/grf.rf/gntv_or_sync_fifo.gcx.clkx/gnxpm_cdc.wr_pntr_gc_reg[1]/C
                            (rising edge-triggered cell FDCE clocked by dbg_hub/inst/BSCANID.u_xsdbm_id/SWITCH_N_EXT_BSCAN.bscan_inst/SERIES7_BSCAN.bscan_inst/TCK  {rise@0.000ns fall@16.500ns period=33.000ns})
  Destination:            dbg_hub/inst/BSCANID.u_xsdbm_id/CORE_XSDB.UUT_MASTER/U_ICON_INTERFACE/U_CMD6_WR/U_WR_FIFO/SUBCORE_FIFO.xsdbm_v3_0_0_wrfifo_inst/inst_fifo_gen/gconvfifo.rf/grf.rf/gntv_or_sync_fifo.gcx.clkx/gnxpm_cdc.gsync_stage[1].rd_stg_inst/Q_reg_reg[1]/D
                            (rising edge-triggered cell FDCE clocked by sys_clk_pin  {rise@0.000ns fall@4.000ns period=8.000ns})
  Path Group:             sys_clk_pin
  Path Type:              Setup (Max at Slow Process Corner)
  Requirement:            33.000ns  (MaxDelay Path 33.000ns)
  Data Path Delay:        0.934ns  (logic 0.419ns (44.880%)  route 0.515ns (55.120%))
  Logic Levels:           0  
  Timing Exception:       MaxDelay Path 33.000ns -datapath_only

    Location             Delay type                Incr(ns)  Path(ns)    Netlist Resource(s)
  -------------------------------------------------------------------    -------------------
    SLICE_X2Y79                                       0.000     0.000 r  dbg_hub/inst/BSCANID.u_xsdbm_id/CORE_XSDB.UUT_MASTER/U_ICON_INTERFACE/U_CMD6_WR/U_WR_FIFO/SUBCORE_FIFO.xsdbm_v3_0_0_wrfifo_inst/inst_fifo_gen/gconvfifo.rf/grf.rf/gntv_or_sync_fifo.gcx.clkx/gnxpm_cdc.wr_pntr_gc_reg[1]/C
    SLICE_X2Y79          FDCE (Prop_fdce_C_Q)         0.419     0.419 r  dbg_hub/inst/BSCANID.u_xsdbm_id/CORE_XSDB.UUT_MASTER/U_ICON_INTERFACE/U_CMD6_WR/U_WR_FIFO/SUBCORE_FIFO.xsdbm_v3_0_0_wrfifo_inst/inst_fifo_gen/gconvfifo.rf/grf.rf/gntv_or_sync_fifo.gcx.clkx/gnxpm_cdc.wr_pntr_gc_reg[1]/Q
                         net (fo=1, routed)           0.515     0.934    dbg_hub/inst/BSCANID.u_xsdbm_id/CORE_XSDB.UUT_MASTER/U_ICON_INTERFACE/U_CMD6_WR/U_WR_FIFO/SUBCORE_FIFO.xsdbm_v3_0_0_wrfifo_inst/inst_fifo_gen/gconvfifo.rf/grf.rf/gntv_or_sync_fifo.gcx.clkx/gnxpm_cdc.gsync_stage[1].rd_stg_inst/Q[1]
    SLICE_X2Y80          FDCE                                         r  dbg_hub/inst/BSCANID.u_xsdbm_id/CORE_XSDB.UUT_MASTER/U_ICON_INTERFACE/U_CMD6_WR/U_WR_FIFO/SUBCORE_FIFO.xsdbm_v3_0_0_wrfifo_inst/inst_fifo_gen/gconvfifo.rf/grf.rf/gntv_or_sync_fifo.gcx.clkx/gnxpm_cdc.gsync_stage[1].rd_stg_inst/Q_reg_reg[1]/D
  -------------------------------------------------------------------    -------------------

                         max delay                   33.000    33.000    
    SLICE_X2Y80          FDCE (Setup_fdce_C_D)       -0.270    32.730    dbg_hub/inst/BSCANID.u_xsdbm_id/CORE_XSDB.UUT_MASTER/U_ICON_INTERFACE/U_CMD6_WR/U_WR_FIFO/SUBCORE_FIFO.xsdbm_v3_0_0_wrfifo_inst/inst_fifo_gen/gconvfifo.rf/grf.rf/gntv_or_sync_fifo.gcx.clkx/gnxpm_cdc.gsync_stage[1].rd_stg_inst/Q_reg_reg[1]
  -------------------------------------------------------------------
                         required time                         32.730    
                         arrival time                          -0.934    
  -------------------------------------------------------------------
                         slack                                 31.796    

Slack (MET) :             31.842ns  (required time - arrival time)
  Source:                 dbg_hub/inst/BSCANID.u_xsdbm_id/CORE_XSDB.UUT_MASTER/U_ICON_INTERFACE/U_CMD6_RD/U_RD_FIFO/SUBCORE_FIFO.xsdbm_v3_0_0_rdfifo_inst/inst_fifo_gen/gconvfifo.rf/grf.rf/gntv_or_sync_fifo.gcx.clkx/gnxpm_cdc.rd_pntr_gc_reg[3]/C
                            (rising edge-triggered cell FDCE clocked by dbg_hub/inst/BSCANID.u_xsdbm_id/SWITCH_N_EXT_BSCAN.bscan_inst/SERIES7_BSCAN.bscan_inst/TCK  {rise@0.000ns fall@16.500ns period=33.000ns})
  Destination:            dbg_hub/inst/BSCANID.u_xsdbm_id/CORE_XSDB.UUT_MASTER/U_ICON_INTERFACE/U_CMD6_RD/U_RD_FIFO/SUBCORE_FIFO.xsdbm_v3_0_0_rdfifo_inst/inst_fifo_gen/gconvfifo.rf/grf.rf/gntv_or_sync_fifo.gcx.clkx/gnxpm_cdc.gsync_stage[1].wr_stg_inst/Q_reg_reg[3]/D
                            (rising edge-triggered cell FDCE clocked by sys_clk_pin  {rise@0.000ns fall@4.000ns period=8.000ns})
  Path Group:             sys_clk_pin
  Path Type:              Setup (Max at Slow Process Corner)
  Requirement:            33.000ns  (MaxDelay Path 33.000ns)
  Data Path Delay:        1.113ns  (logic 0.518ns (46.534%)  route 0.595ns (53.466%))
  Logic Levels:           0  
  Timing Exception:       MaxDelay Path 33.000ns -datapath_only

    Location             Delay type                Incr(ns)  Path(ns)    Netlist Resource(s)
  -------------------------------------------------------------------    -------------------
    SLICE_X6Y82                                       0.000     0.000 r  dbg_hub/inst/BSCANID.u_xsdbm_id/CORE_XSDB.UUT_MASTER/U_ICON_INTERFACE/U_CMD6_RD/U_RD_FIFO/SUBCORE_FIFO.xsdbm_v3_0_0_rdfifo_inst/inst_fifo_gen/gconvfifo.rf/grf.rf/gntv_or_sync_fifo.gcx.clkx/gnxpm_cdc.rd_pntr_gc_reg[3]/C
    SLICE_X6Y82          FDCE (Prop_fdce_C_Q)         0.518     0.518 r  dbg_hub/inst/BSCANID.u_xsdbm_id/CORE_XSDB.UUT_MASTER/U_ICON_INTERFACE/U_CMD6_RD/U_RD_FIFO/SUBCORE_FIFO.xsdbm_v3_0_0_rdfifo_inst/inst_fifo_gen/gconvfifo.rf/grf.rf/gntv_or_sync_fifo.gcx.clkx/gnxpm_cdc.rd_pntr_gc_reg[3]/Q
                         net (fo=1, routed)           0.595     1.113    dbg_hub/inst/BSCANID.u_xsdbm_id/CORE_XSDB.UUT_MASTER/U_ICON_INTERFACE/U_CMD6_RD/U_RD_FIFO/SUBCORE_FIFO.xsdbm_v3_0_0_rdfifo_inst/inst_fifo_gen/gconvfifo.rf/grf.rf/gntv_or_sync_fifo.gcx.clkx/gnxpm_cdc.gsync_stage[1].wr_stg_inst/Q[3]
    SLICE_X6Y84          FDCE                                         r  dbg_hub/inst/BSCANID.u_xsdbm_id/CORE_XSDB.UUT_MASTER/U_ICON_INTERFACE/U_CMD6_RD/U_RD_FIFO/SUBCORE_FIFO.xsdbm_v3_0_0_rdfifo_inst/inst_fifo_gen/gconvfifo.rf/grf.rf/gntv_or_sync_fifo.gcx.clkx/gnxpm_cdc.gsync_stage[1].wr_stg_inst/Q_reg_reg[3]/D
  -------------------------------------------------------------------    -------------------

                         max delay                   33.000    33.000    
    SLICE_X6Y84          FDCE (Setup_fdce_C_D)       -0.045    32.955    dbg_hub/inst/BSCANID.u_xsdbm_id/CORE_XSDB.UUT_MASTER/U_ICON_INTERFACE/U_CMD6_RD/U_RD_FIFO/SUBCORE_FIFO.xsdbm_v3_0_0_rdfifo_inst/inst_fifo_gen/gconvfifo.rf/grf.rf/gntv_or_sync_fifo.gcx.clkx/gnxpm_cdc.gsync_stage[1].wr_stg_inst/Q_reg_reg[3]
  -------------------------------------------------------------------
                         required time                         32.955    
                         arrival time                          -1.113    
  -------------------------------------------------------------------
                         slack                                 31.842    

Slack (MET) :             31.853ns  (required time - arrival time)
  Source:                 dbg_hub/inst/BSCANID.u_xsdbm_id/CORE_XSDB.UUT_MASTER/U_ICON_INTERFACE/U_CMD6_RD/U_RD_FIFO/SUBCORE_FIFO.xsdbm_v3_0_0_rdfifo_inst/inst_fifo_gen/gconvfifo.rf/grf.rf/gntv_or_sync_fifo.gcx.clkx/gnxpm_cdc.rd_pntr_gc_reg[1]/C
                            (rising edge-triggered cell FDCE clocked by dbg_hub/inst/BSCANID.u_xsdbm_id/SWITCH_N_EXT_BSCAN.bscan_inst/SERIES7_BSCAN.bscan_inst/TCK  {rise@0.000ns fall@16.500ns period=33.000ns})
  Destination:            dbg_hub/inst/BSCANID.u_xsdbm_id/CORE_XSDB.UUT_MASTER/U_ICON_INTERFACE/U_CMD6_RD/U_RD_FIFO/SUBCORE_FIFO.xsdbm_v3_0_0_rdfifo_inst/inst_fifo_gen/gconvfifo.rf/grf.rf/gntv_or_sync_fifo.gcx.clkx/gnxpm_cdc.gsync_stage[1].wr_stg_inst/Q_reg_reg[1]/D
                            (rising edge-triggered cell FDCE clocked by sys_clk_pin  {rise@0.000ns fall@4.000ns period=8.000ns})
  Path Group:             sys_clk_pin
  Path Type:              Setup (Max at Slow Process Corner)
  Requirement:            33.000ns  (MaxDelay Path 33.000ns)
  Data Path Delay:        1.104ns  (logic 0.518ns (46.912%)  route 0.586ns (53.087%))
  Logic Levels:           0  
  Timing Exception:       MaxDelay Path 33.000ns -datapath_only

    Location             Delay type                Incr(ns)  Path(ns)    Netlist Resource(s)
  -------------------------------------------------------------------    -------------------
    SLICE_X6Y81                                       0.000     0.000 r  dbg_hub/inst/BSCANID.u_xsdbm_id/CORE_XSDB.UUT_MASTER/U_ICON_INTERFACE/U_CMD6_RD/U_RD_FIFO/SUBCORE_FIFO.xsdbm_v3_0_0_rdfifo_inst/inst_fifo_gen/gconvfifo.rf/grf.rf/gntv_or_sync_fifo.gcx.clkx/gnxpm_cdc.rd_pntr_gc_reg[1]/C
    SLICE_X6Y81          FDCE (Prop_fdce_C_Q)         0.518     0.518 r  dbg_hub/inst/BSCANID.u_xsdbm_id/CORE_XSDB.UUT_MASTER/U_ICON_INTERFACE/U_CMD6_RD/U_RD_FIFO/SUBCORE_FIFO.xsdbm_v3_0_0_rdfifo_inst/inst_fifo_gen/gconvfifo.rf/grf.rf/gntv_or_sync_fifo.gcx.clkx/gnxpm_cdc.rd_pntr_gc_reg[1]/Q
                         net (fo=1, routed)           0.586     1.104    dbg_hub/inst/BSCANID.u_xsdbm_id/CORE_XSDB.UUT_MASTER/U_ICON_INTERFACE/U_CMD6_RD/U_RD_FIFO/SUBCORE_FIFO.xsdbm_v3_0_0_rdfifo_inst/inst_fifo_gen/gconvfifo.rf/grf.rf/gntv_or_sync_fifo.gcx.clkx/gnxpm_cdc.gsync_stage[1].wr_stg_inst/Q[1]
    SLICE_X6Y84          FDCE                                         r  dbg_hub/inst/BSCANID.u_xsdbm_id/CORE_XSDB.UUT_MASTER/U_ICON_INTERFACE/U_CMD6_RD/U_RD_FIFO/SUBCORE_FIFO.xsdbm_v3_0_0_rdfifo_inst/inst_fifo_gen/gconvfifo.rf/grf.rf/gntv_or_sync_fifo.gcx.clkx/gnxpm_cdc.gsync_stage[1].wr_stg_inst/Q_reg_reg[1]/D
  -------------------------------------------------------------------    -------------------

                         max delay                   33.000    33.000    
    SLICE_X6Y84          FDCE (Setup_fdce_C_D)       -0.043    32.957    dbg_hub/inst/BSCANID.u_xsdbm_id/CORE_XSDB.UUT_MASTER/U_ICON_INTERFACE/U_CMD6_RD/U_RD_FIFO/SUBCORE_FIFO.xsdbm_v3_0_0_rdfifo_inst/inst_fifo_gen/gconvfifo.rf/grf.rf/gntv_or_sync_fifo.gcx.clkx/gnxpm_cdc.gsync_stage[1].wr_stg_inst/Q_reg_reg[1]
  -------------------------------------------------------------------
                         required time                         32.957    
                         arrival time                          -1.104    
  -------------------------------------------------------------------
                         slack                                 31.853    

Slack (MET) :             31.854ns  (required time - arrival time)
  Source:                 dbg_hub/inst/BSCANID.u_xsdbm_id/CORE_XSDB.UUT_MASTER/U_ICON_INTERFACE/U_CMD6_RD/U_RD_FIFO/SUBCORE_FIFO.xsdbm_v3_0_0_rdfifo_inst/inst_fifo_gen/gconvfifo.rf/grf.rf/gntv_or_sync_fifo.gcx.clkx/gnxpm_cdc.rd_pntr_gc_reg[0]/C
                            (rising edge-triggered cell FDCE clocked by dbg_hub/inst/BSCANID.u_xsdbm_id/SWITCH_N_EXT_BSCAN.bscan_inst/SERIES7_BSCAN.bscan_inst/TCK  {rise@0.000ns fall@16.500ns period=33.000ns})
  Destination:            dbg_hub/inst/BSCANID.u_xsdbm_id/CORE_XSDB.UUT_MASTER/U_ICON_INTERFACE/U_CMD6_RD/U_RD_FIFO/SUBCORE_FIFO.xsdbm_v3_0_0_rdfifo_inst/inst_fifo_gen/gconvfifo.rf/grf.rf/gntv_or_sync_fifo.gcx.clkx/gnxpm_cdc.gsync_stage[1].wr_stg_inst/Q_reg_reg[0]/D
                            (rising edge-triggered cell FDCE clocked by sys_clk_pin  {rise@0.000ns fall@4.000ns period=8.000ns})
  Path Group:             sys_clk_pin
  Path Type:              Setup (Max at Slow Process Corner)
  Requirement:            33.000ns  (MaxDelay Path 33.000ns)
  Data Path Delay:        0.928ns  (logic 0.478ns (51.481%)  route 0.450ns (48.519%))
  Logic Levels:           0  
  Timing Exception:       MaxDelay Path 33.000ns -datapath_only

    Location             Delay type                Incr(ns)  Path(ns)    Netlist Resource(s)
  -------------------------------------------------------------------    -------------------
    SLICE_X6Y82                                       0.000     0.000 r  dbg_hub/inst/BSCANID.u_xsdbm_id/CORE_XSDB.UUT_MASTER/U_ICON_INTERFACE/U_CMD6_RD/U_RD_FIFO/SUBCORE_FIFO.xsdbm_v3_0_0_rdfifo_inst/inst_fifo_gen/gconvfifo.rf/grf.rf/gntv_or_sync_fifo.gcx.clkx/gnxpm_cdc.rd_pntr_gc_reg[0]/C
    SLICE_X6Y82          FDCE (Prop_fdce_C_Q)         0.478     0.478 r  dbg_hub/inst/BSCANID.u_xsdbm_id/CORE_XSDB.UUT_MASTER/U_ICON_INTERFACE/U_CMD6_RD/U_RD_FIFO/SUBCORE_FIFO.xsdbm_v3_0_0_rdfifo_inst/inst_fifo_gen/gconvfifo.rf/grf.rf/gntv_or_sync_fifo.gcx.clkx/gnxpm_cdc.rd_pntr_gc_reg[0]/Q
                         net (fo=1, routed)           0.450     0.928    dbg_hub/inst/BSCANID.u_xsdbm_id/CORE_XSDB.UUT_MASTER/U_ICON_INTERFACE/U_CMD6_RD/U_RD_FIFO/SUBCORE_FIFO.xsdbm_v3_0_0_rdfifo_inst/inst_fifo_gen/gconvfifo.rf/grf.rf/gntv_or_sync_fifo.gcx.clkx/gnxpm_cdc.gsync_stage[1].wr_stg_inst/Q[0]
    SLICE_X6Y84          FDCE                                         r  dbg_hub/inst/BSCANID.u_xsdbm_id/CORE_XSDB.UUT_MASTER/U_ICON_INTERFACE/U_CMD6_RD/U_RD_FIFO/SUBCORE_FIFO.xsdbm_v3_0_0_rdfifo_inst/inst_fifo_gen/gconvfifo.rf/grf.rf/gntv_or_sync_fifo.gcx.clkx/gnxpm_cdc.gsync_stage[1].wr_stg_inst/Q_reg_reg[0]/D
  -------------------------------------------------------------------    -------------------

                         max delay                   33.000    33.000    
    SLICE_X6Y84          FDCE (Setup_fdce_C_D)       -0.218    32.782    dbg_hub/inst/BSCANID.u_xsdbm_id/CORE_XSDB.UUT_MASTER/U_ICON_INTERFACE/U_CMD6_RD/U_RD_FIFO/SUBCORE_FIFO.xsdbm_v3_0_0_rdfifo_inst/inst_fifo_gen/gconvfifo.rf/grf.rf/gntv_or_sync_fifo.gcx.clkx/gnxpm_cdc.gsync_stage[1].wr_stg_inst/Q_reg_reg[0]
  -------------------------------------------------------------------
                         required time                         32.782    
                         arrival time                          -0.928    
  -------------------------------------------------------------------
                         slack                                 31.854    

Slack (MET) :             31.901ns  (required time - arrival time)
  Source:                 dbg_hub/inst/BSCANID.u_xsdbm_id/CORE_XSDB.UUT_MASTER/U_ICON_INTERFACE/U_CMD6_WR/U_WR_FIFO/SUBCORE_FIFO.xsdbm_v3_0_0_wrfifo_inst/inst_fifo_gen/gconvfifo.rf/grf.rf/gntv_or_sync_fifo.gcx.clkx/gnxpm_cdc.wr_pntr_gc_reg[3]/C
                            (rising edge-triggered cell FDCE clocked by dbg_hub/inst/BSCANID.u_xsdbm_id/SWITCH_N_EXT_BSCAN.bscan_inst/SERIES7_BSCAN.bscan_inst/TCK  {rise@0.000ns fall@16.500ns period=33.000ns})
  Destination:            dbg_hub/inst/BSCANID.u_xsdbm_id/CORE_XSDB.UUT_MASTER/U_ICON_INTERFACE/U_CMD6_WR/U_WR_FIFO/SUBCORE_FIFO.xsdbm_v3_0_0_wrfifo_inst/inst_fifo_gen/gconvfifo.rf/grf.rf/gntv_or_sync_fifo.gcx.clkx/gnxpm_cdc.gsync_stage[1].rd_stg_inst/Q_reg_reg[3]/D
                            (rising edge-triggered cell FDCE clocked by sys_clk_pin  {rise@0.000ns fall@4.000ns period=8.000ns})
  Path Group:             sys_clk_pin
  Path Type:              Setup (Max at Slow Process Corner)
  Requirement:            33.000ns  (MaxDelay Path 33.000ns)
  Data Path Delay:        0.880ns  (logic 0.419ns (47.632%)  route 0.461ns (52.368%))
  Logic Levels:           0  
  Timing Exception:       MaxDelay Path 33.000ns -datapath_only

    Location             Delay type                Incr(ns)  Path(ns)    Netlist Resource(s)
  -------------------------------------------------------------------    -------------------
    SLICE_X1Y80                                       0.000     0.000 r  dbg_hub/inst/BSCANID.u_xsdbm_id/CORE_XSDB.UUT_MASTER/U_ICON_INTERFACE/U_CMD6_WR/U_WR_FIFO/SUBCORE_FIFO.xsdbm_v3_0_0_wrfifo_inst/inst_fifo_gen/gconvfifo.rf/grf.rf/gntv_or_sync_fifo.gcx.clkx/gnxpm_cdc.wr_pntr_gc_reg[3]/C
    SLICE_X1Y80          FDCE (Prop_fdce_C_Q)         0.419     0.419 r  dbg_hub/inst/BSCANID.u_xsdbm_id/CORE_XSDB.UUT_MASTER/U_ICON_INTERFACE/U_CMD6_WR/U_WR_FIFO/SUBCORE_FIFO.xsdbm_v3_0_0_wrfifo_inst/inst_fifo_gen/gconvfifo.rf/grf.rf/gntv_or_sync_fifo.gcx.clkx/gnxpm_cdc.wr_pntr_gc_reg[3]/Q
                         net (fo=1, routed)           0.461     0.880    dbg_hub/inst/BSCANID.u_xsdbm_id/CORE_XSDB.UUT_MASTER/U_ICON_INTERFACE/U_CMD6_WR/U_WR_FIFO/SUBCORE_FIFO.xsdbm_v3_0_0_wrfifo_inst/inst_fifo_gen/gconvfifo.rf/grf.rf/gntv_or_sync_fifo.gcx.clkx/gnxpm_cdc.gsync_stage[1].rd_stg_inst/Q[3]
    SLICE_X0Y80          FDCE                                         r  dbg_hub/inst/BSCANID.u_xsdbm_id/CORE_XSDB.UUT_MASTER/U_ICON_INTERFACE/U_CMD6_WR/U_WR_FIFO/SUBCORE_FIFO.xsdbm_v3_0_0_wrfifo_inst/inst_fifo_gen/gconvfifo.rf/grf.rf/gntv_or_sync_fifo.gcx.clkx/gnxpm_cdc.gsync_stage[1].rd_stg_inst/Q_reg_reg[3]/D
  -------------------------------------------------------------------    -------------------

                         max delay                   33.000    33.000    
    SLICE_X0Y80          FDCE (Setup_fdce_C_D)       -0.219    32.781    dbg_hub/inst/BSCANID.u_xsdbm_id/CORE_XSDB.UUT_MASTER/U_ICON_INTERFACE/U_CMD6_WR/U_WR_FIFO/SUBCORE_FIFO.xsdbm_v3_0_0_wrfifo_inst/inst_fifo_gen/gconvfifo.rf/grf.rf/gntv_or_sync_fifo.gcx.clkx/gnxpm_cdc.gsync_stage[1].rd_stg_inst/Q_reg_reg[3]
  -------------------------------------------------------------------
                         required time                         32.781    
                         arrival time                          -0.880    
  -------------------------------------------------------------------
                         slack                                 31.901    

Slack (MET) :             31.945ns  (required time - arrival time)
  Source:                 dbg_hub/inst/BSCANID.u_xsdbm_id/CORE_XSDB.UUT_MASTER/U_ICON_INTERFACE/U_CMD6_RD/U_RD_FIFO/SUBCORE_FIFO.xsdbm_v3_0_0_rdfifo_inst/inst_fifo_gen/gconvfifo.rf/grf.rf/gntv_or_sync_fifo.gcx.clkx/gnxpm_cdc.rd_pntr_gc_reg[2]/C
                            (rising edge-triggered cell FDCE clocked by dbg_hub/inst/BSCANID.u_xsdbm_id/SWITCH_N_EXT_BSCAN.bscan_inst/SERIES7_BSCAN.bscan_inst/TCK  {rise@0.000ns fall@16.500ns period=33.000ns})
  Destination:            dbg_hub/inst/BSCANID.u_xsdbm_id/CORE_XSDB.UUT_MASTER/U_ICON_INTERFACE/U_CMD6_RD/U_RD_FIFO/SUBCORE_FIFO.xsdbm_v3_0_0_rdfifo_inst/inst_fifo_gen/gconvfifo.rf/grf.rf/gntv_or_sync_fifo.gcx.clkx/gnxpm_cdc.gsync_stage[1].wr_stg_inst/Q_reg_reg[2]/D
                            (rising edge-triggered cell FDCE clocked by sys_clk_pin  {rise@0.000ns fall@4.000ns period=8.000ns})
  Path Group:             sys_clk_pin
  Path Type:              Setup (Max at Slow Process Corner)
  Requirement:            33.000ns  (MaxDelay Path 33.000ns)
  Data Path Delay:        1.010ns  (logic 0.518ns (51.305%)  route 0.492ns (48.695%))
  Logic Levels:           0  
  Timing Exception:       MaxDelay Path 33.000ns -datapath_only

    Location             Delay type                Incr(ns)  Path(ns)    Netlist Resource(s)
  -------------------------------------------------------------------    -------------------
    SLICE_X6Y82                                       0.000     0.000 r  dbg_hub/inst/BSCANID.u_xsdbm_id/CORE_XSDB.UUT_MASTER/U_ICON_INTERFACE/U_CMD6_RD/U_RD_FIFO/SUBCORE_FIFO.xsdbm_v3_0_0_rdfifo_inst/inst_fifo_gen/gconvfifo.rf/grf.rf/gntv_or_sync_fifo.gcx.clkx/gnxpm_cdc.rd_pntr_gc_reg[2]/C
    SLICE_X6Y82          FDCE (Prop_fdce_C_Q)         0.518     0.518 r  dbg_hub/inst/BSCANID.u_xsdbm_id/CORE_XSDB.UUT_MASTER/U_ICON_INTERFACE/U_CMD6_RD/U_RD_FIFO/SUBCORE_FIFO.xsdbm_v3_0_0_rdfifo_inst/inst_fifo_gen/gconvfifo.rf/grf.rf/gntv_or_sync_fifo.gcx.clkx/gnxpm_cdc.rd_pntr_gc_reg[2]/Q
                         net (fo=1, routed)           0.492     1.010    dbg_hub/inst/BSCANID.u_xsdbm_id/CORE_XSDB.UUT_MASTER/U_ICON_INTERFACE/U_CMD6_RD/U_RD_FIFO/SUBCORE_FIFO.xsdbm_v3_0_0_rdfifo_inst/inst_fifo_gen/gconvfifo.rf/grf.rf/gntv_or_sync_fifo.gcx.clkx/gnxpm_cdc.gsync_stage[1].wr_stg_inst/Q[2]
    SLICE_X6Y84          FDCE                                         r  dbg_hub/inst/BSCANID.u_xsdbm_id/CORE_XSDB.UUT_MASTER/U_ICON_INTERFACE/U_CMD6_RD/U_RD_FIFO/SUBCORE_FIFO.xsdbm_v3_0_0_rdfifo_inst/inst_fifo_gen/gconvfifo.rf/grf.rf/gntv_or_sync_fifo.gcx.clkx/gnxpm_cdc.gsync_stage[1].wr_stg_inst/Q_reg_reg[2]/D
  -------------------------------------------------------------------    -------------------

                         max delay                   33.000    33.000    
    SLICE_X6Y84          FDCE (Setup_fdce_C_D)       -0.045    32.955    dbg_hub/inst/BSCANID.u_xsdbm_id/CORE_XSDB.UUT_MASTER/U_ICON_INTERFACE/U_CMD6_RD/U_RD_FIFO/SUBCORE_FIFO.xsdbm_v3_0_0_rdfifo_inst/inst_fifo_gen/gconvfifo.rf/grf.rf/gntv_or_sync_fifo.gcx.clkx/gnxpm_cdc.gsync_stage[1].wr_stg_inst/Q_reg_reg[2]
  -------------------------------------------------------------------
                         required time                         32.955    
                         arrival time                          -1.010    
  -------------------------------------------------------------------
                         slack                                 31.945    

Slack (MET) :             31.987ns  (required time - arrival time)
  Source:                 dbg_hub/inst/BSCANID.u_xsdbm_id/CORE_XSDB.UUT_MASTER/U_ICON_INTERFACE/U_CMD6_WR/U_WR_FIFO/SUBCORE_FIFO.xsdbm_v3_0_0_wrfifo_inst/inst_fifo_gen/gconvfifo.rf/grf.rf/gntv_or_sync_fifo.gcx.clkx/gnxpm_cdc.wr_pntr_gc_reg[2]/C
                            (rising edge-triggered cell FDCE clocked by dbg_hub/inst/BSCANID.u_xsdbm_id/SWITCH_N_EXT_BSCAN.bscan_inst/SERIES7_BSCAN.bscan_inst/TCK  {rise@0.000ns fall@16.500ns period=33.000ns})
  Destination:            dbg_hub/inst/BSCANID.u_xsdbm_id/CORE_XSDB.UUT_MASTER/U_ICON_INTERFACE/U_CMD6_WR/U_WR_FIFO/SUBCORE_FIFO.xsdbm_v3_0_0_wrfifo_inst/inst_fifo_gen/gconvfifo.rf/grf.rf/gntv_or_sync_fifo.gcx.clkx/gnxpm_cdc.gsync_stage[1].rd_stg_inst/Q_reg_reg[2]/D
                            (rising edge-triggered cell FDCE clocked by sys_clk_pin  {rise@0.000ns fall@4.000ns period=8.000ns})
  Path Group:             sys_clk_pin
  Path Type:              Setup (Max at Slow Process Corner)
  Requirement:            33.000ns  (MaxDelay Path 33.000ns)
  Data Path Delay:        0.918ns  (logic 0.456ns (49.688%)  route 0.462ns (50.312%))
  Logic Levels:           0  
  Timing Exception:       MaxDelay Path 33.000ns -datapath_only

    Location             Delay type                Incr(ns)  Path(ns)    Netlist Resource(s)
  -------------------------------------------------------------------    -------------------
    SLICE_X1Y80                                       0.000     0.000 r  dbg_hub/inst/BSCANID.u_xsdbm_id/CORE_XSDB.UUT_MASTER/U_ICON_INTERFACE/U_CMD6_WR/U_WR_FIFO/SUBCORE_FIFO.xsdbm_v3_0_0_wrfifo_inst/inst_fifo_gen/gconvfifo.rf/grf.rf/gntv_or_sync_fifo.gcx.clkx/gnxpm_cdc.wr_pntr_gc_reg[2]/C
    SLICE_X1Y80          FDCE (Prop_fdce_C_Q)         0.456     0.456 r  dbg_hub/inst/BSCANID.u_xsdbm_id/CORE_XSDB.UUT_MASTER/U_ICON_INTERFACE/U_CMD6_WR/U_WR_FIFO/SUBCORE_FIFO.xsdbm_v3_0_0_wrfifo_inst/inst_fifo_gen/gconvfifo.rf/grf.rf/gntv_or_sync_fifo.gcx.clkx/gnxpm_cdc.wr_pntr_gc_reg[2]/Q
                         net (fo=1, routed)           0.462     0.918    dbg_hub/inst/BSCANID.u_xsdbm_id/CORE_XSDB.UUT_MASTER/U_ICON_INTERFACE/U_CMD6_WR/U_WR_FIFO/SUBCORE_FIFO.xsdbm_v3_0_0_wrfifo_inst/inst_fifo_gen/gconvfifo.rf/grf.rf/gntv_or_sync_fifo.gcx.clkx/gnxpm_cdc.gsync_stage[1].rd_stg_inst/Q[2]
    SLICE_X1Y81          FDCE                                         r  dbg_hub/inst/BSCANID.u_xsdbm_id/CORE_XSDB.UUT_MASTER/U_ICON_INTERFACE/U_CMD6_WR/U_WR_FIFO/SUBCORE_FIFO.xsdbm_v3_0_0_wrfifo_inst/inst_fifo_gen/gconvfifo.rf/grf.rf/gntv_or_sync_fifo.gcx.clkx/gnxpm_cdc.gsync_stage[1].rd_stg_inst/Q_reg_reg[2]/D
  -------------------------------------------------------------------    -------------------

                         max delay                   33.000    33.000    
    SLICE_X1Y81          FDCE (Setup_fdce_C_D)       -0.095    32.905    dbg_hub/inst/BSCANID.u_xsdbm_id/CORE_XSDB.UUT_MASTER/U_ICON_INTERFACE/U_CMD6_WR/U_WR_FIFO/SUBCORE_FIFO.xsdbm_v3_0_0_wrfifo_inst/inst_fifo_gen/gconvfifo.rf/grf.rf/gntv_or_sync_fifo.gcx.clkx/gnxpm_cdc.gsync_stage[1].rd_stg_inst/Q_reg_reg[2]
  -------------------------------------------------------------------
                         required time                         32.905    
                         arrival time                          -0.918    
  -------------------------------------------------------------------
                         slack                                 31.987    

Slack (MET) :             32.052ns  (required time - arrival time)
  Source:                 dbg_hub/inst/BSCANID.u_xsdbm_id/CORE_XSDB.UUT_MASTER/U_ICON_INTERFACE/U_CMD6_WR/U_WR_FIFO/SUBCORE_FIFO.xsdbm_v3_0_0_wrfifo_inst/inst_fifo_gen/gconvfifo.rf/grf.rf/gntv_or_sync_fifo.gcx.clkx/gnxpm_cdc.wr_pntr_gc_reg[0]/C
                            (rising edge-triggered cell FDCE clocked by dbg_hub/inst/BSCANID.u_xsdbm_id/SWITCH_N_EXT_BSCAN.bscan_inst/SERIES7_BSCAN.bscan_inst/TCK  {rise@0.000ns fall@16.500ns period=33.000ns})
  Destination:            dbg_hub/inst/BSCANID.u_xsdbm_id/CORE_XSDB.UUT_MASTER/U_ICON_INTERFACE/U_CMD6_WR/U_WR_FIFO/SUBCORE_FIFO.xsdbm_v3_0_0_wrfifo_inst/inst_fifo_gen/gconvfifo.rf/grf.rf/gntv_or_sync_fifo.gcx.clkx/gnxpm_cdc.gsync_stage[1].rd_stg_inst/Q_reg_reg[0]/D
                            (rising edge-triggered cell FDCE clocked by sys_clk_pin  {rise@0.000ns fall@4.000ns period=8.000ns})
  Path Group:             sys_clk_pin
  Path Type:              Setup (Max at Slow Process Corner)
  Requirement:            33.000ns  (MaxDelay Path 33.000ns)
  Data Path Delay:        0.877ns  (logic 0.456ns (52.024%)  route 0.421ns (47.976%))
  Logic Levels:           0  
  Timing Exception:       MaxDelay Path 33.000ns -datapath_only

    Location             Delay type                Incr(ns)  Path(ns)    Netlist Resource(s)
  -------------------------------------------------------------------    -------------------
    SLICE_X2Y79                                       0.000     0.000 r  dbg_hub/inst/BSCANID.u_xsdbm_id/CORE_XSDB.UUT_MASTER/U_ICON_INTERFACE/U_CMD6_WR/U_WR_FIFO/SUBCORE_FIFO.xsdbm_v3_0_0_wrfifo_inst/inst_fifo_gen/gconvfifo.rf/grf.rf/gntv_or_sync_fifo.gcx.clkx/gnxpm_cdc.wr_pntr_gc_reg[0]/C
    SLICE_X2Y79          FDCE (Prop_fdce_C_Q)         0.456     0.456 r  dbg_hub/inst/BSCANID.u_xsdbm_id/CORE_XSDB.UUT_MASTER/U_ICON_INTERFACE/U_CMD6_WR/U_WR_FIFO/SUBCORE_FIFO.xsdbm_v3_0_0_wrfifo_inst/inst_fifo_gen/gconvfifo.rf/grf.rf/gntv_or_sync_fifo.gcx.clkx/gnxpm_cdc.wr_pntr_gc_reg[0]/Q
                         net (fo=1, routed)           0.421     0.877    dbg_hub/inst/BSCANID.u_xsdbm_id/CORE_XSDB.UUT_MASTER/U_ICON_INTERFACE/U_CMD6_WR/U_WR_FIFO/SUBCORE_FIFO.xsdbm_v3_0_0_wrfifo_inst/inst_fifo_gen/gconvfifo.rf/grf.rf/gntv_or_sync_fifo.gcx.clkx/gnxpm_cdc.gsync_stage[1].rd_stg_inst/Q[0]
    SLICE_X2Y78          FDCE                                         r  dbg_hub/inst/BSCANID.u_xsdbm_id/CORE_XSDB.UUT_MASTER/U_ICON_INTERFACE/U_CMD6_WR/U_WR_FIFO/SUBCORE_FIFO.xsdbm_v3_0_0_wrfifo_inst/inst_fifo_gen/gconvfifo.rf/grf.rf/gntv_or_sync_fifo.gcx.clkx/gnxpm_cdc.gsync_stage[1].rd_stg_inst/Q_reg_reg[0]/D
  -------------------------------------------------------------------    -------------------

                         max delay                   33.000    33.000    
    SLICE_X2Y78          FDCE (Setup_fdce_C_D)       -0.071    32.929    dbg_hub/inst/BSCANID.u_xsdbm_id/CORE_XSDB.UUT_MASTER/U_ICON_INTERFACE/U_CMD6_WR/U_WR_FIFO/SUBCORE_FIFO.xsdbm_v3_0_0_wrfifo_inst/inst_fifo_gen/gconvfifo.rf/grf.rf/gntv_or_sync_fifo.gcx.clkx/gnxpm_cdc.gsync_stage[1].rd_stg_inst/Q_reg_reg[0]
  -------------------------------------------------------------------
                         required time                         32.929    
                         arrival time                          -0.877    
  -------------------------------------------------------------------
                         slack                                 32.052    





---------------------------------------------------------------------------------------------------
Path Group:  **async_default**
From Clock:  dbg_hub/inst/BSCANID.u_xsdbm_id/SWITCH_N_EXT_BSCAN.bscan_inst/SERIES7_BSCAN.bscan_inst/TCK
  To Clock:  dbg_hub/inst/BSCANID.u_xsdbm_id/SWITCH_N_EXT_BSCAN.bscan_inst/SERIES7_BSCAN.bscan_inst/TCK

Setup :            0  Failing Endpoints,  Worst Slack       28.583ns,  Total Violation        0.000ns
Hold  :            0  Failing Endpoints,  Worst Slack        0.359ns,  Total Violation        0.000ns
---------------------------------------------------------------------------------------------------


Max Delay Paths
--------------------------------------------------------------------------------------
Slack (MET) :             28.583ns  (required time - arrival time)
  Source:                 dbg_hub/inst/BSCANID.u_xsdbm_id/SWITCH_N_EXT_BSCAN.bscan_switch/state_reg[2]/C
                            (rising edge-triggered cell FDRE clocked by dbg_hub/inst/BSCANID.u_xsdbm_id/SWITCH_N_EXT_BSCAN.bscan_inst/SERIES7_BSCAN.bscan_inst/TCK  {rise@0.000ns fall@16.500ns period=33.000ns})
  Destination:            dbg_hub/inst/BSCANID.u_xsdbm_id/CORE_XSDB.U_ICON/U_CMD/iTARGET_reg[14]/CLR
                            (recovery check against rising-edge clock dbg_hub/inst/BSCANID.u_xsdbm_id/SWITCH_N_EXT_BSCAN.bscan_inst/SERIES7_BSCAN.bscan_inst/TCK  {rise@0.000ns fall@16.500ns period=33.000ns})
  Path Group:             **async_default**
  Path Type:              Recovery (Max at Slow Process Corner)
  Requirement:            33.000ns  (dbg_hub/inst/BSCANID.u_xsdbm_id/SWITCH_N_EXT_BSCAN.bscan_inst/SERIES7_BSCAN.bscan_inst/TCK rise@33.000ns - dbg_hub/inst/BSCANID.u_xsdbm_id/SWITCH_N_EXT_BSCAN.bscan_inst/SERIES7_BSCAN.bscan_inst/TCK rise@0.000ns)
  Data Path Delay:        3.994ns  (logic 1.139ns (28.519%)  route 2.855ns (71.481%))
  Logic Levels:           2  (LUT1=1 LUT4=1)
  Clock Path Skew:        -0.027ns (DCD - SCD + CPR)
    Destination Clock Delay (DCD):    3.075ns = ( 36.075 - 33.000 ) 
    Source Clock Delay      (SCD):    3.511ns
    Clock Pessimism Removal (CPR):    0.409ns
  Clock Uncertainty:      0.035ns  ((TSJ^2 + TIJ^2)^1/2 + DJ) / 2 + PE
    Total System Jitter     (TSJ):    0.071ns
    Total Input Jitter      (TIJ):    0.000ns
    Discrete Jitter          (DJ):    0.000ns
    Phase Error              (PE):    0.000ns

    Location             Delay type                Incr(ns)  Path(ns)    Netlist Resource(s)
  -------------------------------------------------------------------    -------------------
                         (clock dbg_hub/inst/BSCANID.u_xsdbm_id/SWITCH_N_EXT_BSCAN.bscan_inst/SERIES7_BSCAN.bscan_inst/TCK rise edge)
                                                      0.000     0.000 r  
    BSCAN_X0Y0           BSCANE2                      0.000     0.000 r  dbg_hub/inst/BSCANID.u_xsdbm_id/SWITCH_N_EXT_BSCAN.bscan_inst/SERIES7_BSCAN.bscan_inst/TCK
                         net (fo=1, routed)           1.741     1.741    dbg_hub/inst/BSCANID.u_xsdbm_id/tck_bs
    BUFGCTRL_X0Y0        BUFG (Prop_bufg_I_O)         0.101     1.842 r  dbg_hub/inst/BSCANID.u_xsdbm_id/SWITCH_N_EXT_BSCAN.u_bufg_icon_tck/O
                         net (fo=486, routed)         1.669     3.511    dbg_hub/inst/BSCANID.u_xsdbm_id/SWITCH_N_EXT_BSCAN.bscan_switch/s_bscan_tck
    SLICE_X12Y91         FDRE                                         r  dbg_hub/inst/BSCANID.u_xsdbm_id/SWITCH_N_EXT_BSCAN.bscan_switch/state_reg[2]/C
  -------------------------------------------------------------------    -------------------
    SLICE_X12Y91         FDRE (Prop_fdre_C_Q)         0.478     3.989 r  dbg_hub/inst/BSCANID.u_xsdbm_id/SWITCH_N_EXT_BSCAN.bscan_switch/state_reg[2]/Q
                         net (fo=50, routed)          1.559     5.548    dbg_hub/inst/BSCANID.u_xsdbm_id/SWITCH_N_EXT_BSCAN.bscan_switch/state[2]
    SLICE_X13Y88         LUT4 (Prop_lut4_I2_O)        0.329     5.877 r  dbg_hub/inst/BSCANID.u_xsdbm_id/SWITCH_N_EXT_BSCAN.bscan_switch/m_bscan_sel[0]_INST_0/O
                         net (fo=2, routed)           0.544     6.421    dbg_hub/inst/BSCANID.u_xsdbm_id/CORE_XSDB.U_ICON/U_CMD/iTARGET_reg[6]_0
    SLICE_X12Y88         LUT1 (Prop_lut1_I0_O)        0.332     6.753 f  dbg_hub/inst/BSCANID.u_xsdbm_id/CORE_XSDB.U_ICON/U_CMD/iTARGET[15]_i_2/O
                         net (fo=10, routed)          0.752     7.505    dbg_hub/inst/BSCANID.u_xsdbm_id/CORE_XSDB.U_ICON/U_CMD/iSEL_n
    SLICE_X10Y88         FDCE                                         f  dbg_hub/inst/BSCANID.u_xsdbm_id/CORE_XSDB.U_ICON/U_CMD/iTARGET_reg[14]/CLR
  -------------------------------------------------------------------    -------------------

                         (clock dbg_hub/inst/BSCANID.u_xsdbm_id/SWITCH_N_EXT_BSCAN.bscan_inst/SERIES7_BSCAN.bscan_inst/TCK rise edge)
                                                     33.000    33.000 r  
    BSCAN_X0Y0           BSCANE2                      0.000    33.000 r  dbg_hub/inst/BSCANID.u_xsdbm_id/SWITCH_N_EXT_BSCAN.bscan_inst/SERIES7_BSCAN.bscan_inst/TCK
                         net (fo=1, routed)           1.490    34.490    dbg_hub/inst/BSCANID.u_xsdbm_id/tck_bs
    BUFGCTRL_X0Y0        BUFG (Prop_bufg_I_O)         0.091    34.581 r  dbg_hub/inst/BSCANID.u_xsdbm_id/SWITCH_N_EXT_BSCAN.u_bufg_icon_tck/O
                         net (fo=486, routed)         1.494    36.075    dbg_hub/inst/BSCANID.u_xsdbm_id/CORE_XSDB.U_ICON/U_CMD/m_bscan_tck[0]
    SLICE_X10Y88         FDCE                                         r  dbg_hub/inst/BSCANID.u_xsdbm_id/CORE_XSDB.U_ICON/U_CMD/iTARGET_reg[14]/C
                         clock pessimism              0.409    36.484    
                         clock uncertainty           -0.035    36.449    
    SLICE_X10Y88         FDCE (Recov_fdce_C_CLR)     -0.361    36.088    dbg_hub/inst/BSCANID.u_xsdbm_id/CORE_XSDB.U_ICON/U_CMD/iTARGET_reg[14]
  -------------------------------------------------------------------
                         required time                         36.088    
                         arrival time                          -7.505    
  -------------------------------------------------------------------
                         slack                                 28.583    

Slack (MET) :             28.583ns  (required time - arrival time)
  Source:                 dbg_hub/inst/BSCANID.u_xsdbm_id/SWITCH_N_EXT_BSCAN.bscan_switch/state_reg[2]/C
                            (rising edge-triggered cell FDRE clocked by dbg_hub/inst/BSCANID.u_xsdbm_id/SWITCH_N_EXT_BSCAN.bscan_inst/SERIES7_BSCAN.bscan_inst/TCK  {rise@0.000ns fall@16.500ns period=33.000ns})
  Destination:            dbg_hub/inst/BSCANID.u_xsdbm_id/CORE_XSDB.U_ICON/U_CMD/iTARGET_reg[15]/CLR
                            (recovery check against rising-edge clock dbg_hub/inst/BSCANID.u_xsdbm_id/SWITCH_N_EXT_BSCAN.bscan_inst/SERIES7_BSCAN.bscan_inst/TCK  {rise@0.000ns fall@16.500ns period=33.000ns})
  Path Group:             **async_default**
  Path Type:              Recovery (Max at Slow Process Corner)
  Requirement:            33.000ns  (dbg_hub/inst/BSCANID.u_xsdbm_id/SWITCH_N_EXT_BSCAN.bscan_inst/SERIES7_BSCAN.bscan_inst/TCK rise@33.000ns - dbg_hub/inst/BSCANID.u_xsdbm_id/SWITCH_N_EXT_BSCAN.bscan_inst/SERIES7_BSCAN.bscan_inst/TCK rise@0.000ns)
  Data Path Delay:        3.994ns  (logic 1.139ns (28.519%)  route 2.855ns (71.481%))
  Logic Levels:           2  (LUT1=1 LUT4=1)
  Clock Path Skew:        -0.027ns (DCD - SCD + CPR)
    Destination Clock Delay (DCD):    3.075ns = ( 36.075 - 33.000 ) 
    Source Clock Delay      (SCD):    3.511ns
    Clock Pessimism Removal (CPR):    0.409ns
  Clock Uncertainty:      0.035ns  ((TSJ^2 + TIJ^2)^1/2 + DJ) / 2 + PE
    Total System Jitter     (TSJ):    0.071ns
    Total Input Jitter      (TIJ):    0.000ns
    Discrete Jitter          (DJ):    0.000ns
    Phase Error              (PE):    0.000ns

    Location             Delay type                Incr(ns)  Path(ns)    Netlist Resource(s)
  -------------------------------------------------------------------    -------------------
                         (clock dbg_hub/inst/BSCANID.u_xsdbm_id/SWITCH_N_EXT_BSCAN.bscan_inst/SERIES7_BSCAN.bscan_inst/TCK rise edge)
                                                      0.000     0.000 r  
    BSCAN_X0Y0           BSCANE2                      0.000     0.000 r  dbg_hub/inst/BSCANID.u_xsdbm_id/SWITCH_N_EXT_BSCAN.bscan_inst/SERIES7_BSCAN.bscan_inst/TCK
                         net (fo=1, routed)           1.741     1.741    dbg_hub/inst/BSCANID.u_xsdbm_id/tck_bs
    BUFGCTRL_X0Y0        BUFG (Prop_bufg_I_O)         0.101     1.842 r  dbg_hub/inst/BSCANID.u_xsdbm_id/SWITCH_N_EXT_BSCAN.u_bufg_icon_tck/O
                         net (fo=486, routed)         1.669     3.511    dbg_hub/inst/BSCANID.u_xsdbm_id/SWITCH_N_EXT_BSCAN.bscan_switch/s_bscan_tck
    SLICE_X12Y91         FDRE                                         r  dbg_hub/inst/BSCANID.u_xsdbm_id/SWITCH_N_EXT_BSCAN.bscan_switch/state_reg[2]/C
  -------------------------------------------------------------------    -------------------
    SLICE_X12Y91         FDRE (Prop_fdre_C_Q)         0.478     3.989 r  dbg_hub/inst/BSCANID.u_xsdbm_id/SWITCH_N_EXT_BSCAN.bscan_switch/state_reg[2]/Q
                         net (fo=50, routed)          1.559     5.548    dbg_hub/inst/BSCANID.u_xsdbm_id/SWITCH_N_EXT_BSCAN.bscan_switch/state[2]
    SLICE_X13Y88         LUT4 (Prop_lut4_I2_O)        0.329     5.877 r  dbg_hub/inst/BSCANID.u_xsdbm_id/SWITCH_N_EXT_BSCAN.bscan_switch/m_bscan_sel[0]_INST_0/O
                         net (fo=2, routed)           0.544     6.421    dbg_hub/inst/BSCANID.u_xsdbm_id/CORE_XSDB.U_ICON/U_CMD/iTARGET_reg[6]_0
    SLICE_X12Y88         LUT1 (Prop_lut1_I0_O)        0.332     6.753 f  dbg_hub/inst/BSCANID.u_xsdbm_id/CORE_XSDB.U_ICON/U_CMD/iTARGET[15]_i_2/O
                         net (fo=10, routed)          0.752     7.505    dbg_hub/inst/BSCANID.u_xsdbm_id/CORE_XSDB.U_ICON/U_CMD/iSEL_n
    SLICE_X10Y88         FDCE                                         f  dbg_hub/inst/BSCANID.u_xsdbm_id/CORE_XSDB.U_ICON/U_CMD/iTARGET_reg[15]/CLR
  -------------------------------------------------------------------    -------------------

                         (clock dbg_hub/inst/BSCANID.u_xsdbm_id/SWITCH_N_EXT_BSCAN.bscan_inst/SERIES7_BSCAN.bscan_inst/TCK rise edge)
                                                     33.000    33.000 r  
    BSCAN_X0Y0           BSCANE2                      0.000    33.000 r  dbg_hub/inst/BSCANID.u_xsdbm_id/SWITCH_N_EXT_BSCAN.bscan_inst/SERIES7_BSCAN.bscan_inst/TCK
                         net (fo=1, routed)           1.490    34.490    dbg_hub/inst/BSCANID.u_xsdbm_id/tck_bs
    BUFGCTRL_X0Y0        BUFG (Prop_bufg_I_O)         0.091    34.581 r  dbg_hub/inst/BSCANID.u_xsdbm_id/SWITCH_N_EXT_BSCAN.u_bufg_icon_tck/O
                         net (fo=486, routed)         1.494    36.075    dbg_hub/inst/BSCANID.u_xsdbm_id/CORE_XSDB.U_ICON/U_CMD/m_bscan_tck[0]
    SLICE_X10Y88         FDCE                                         r  dbg_hub/inst/BSCANID.u_xsdbm_id/CORE_XSDB.U_ICON/U_CMD/iTARGET_reg[15]/C
                         clock pessimism              0.409    36.484    
                         clock uncertainty           -0.035    36.449    
    SLICE_X10Y88         FDCE (Recov_fdce_C_CLR)     -0.361    36.088    dbg_hub/inst/BSCANID.u_xsdbm_id/CORE_XSDB.U_ICON/U_CMD/iTARGET_reg[15]
  -------------------------------------------------------------------
                         required time                         36.088    
                         arrival time                          -7.505    
  -------------------------------------------------------------------
                         slack                                 28.583    

Slack (MET) :             28.625ns  (required time - arrival time)
  Source:                 dbg_hub/inst/BSCANID.u_xsdbm_id/SWITCH_N_EXT_BSCAN.bscan_switch/state_reg[2]/C
                            (rising edge-triggered cell FDRE clocked by dbg_hub/inst/BSCANID.u_xsdbm_id/SWITCH_N_EXT_BSCAN.bscan_inst/SERIES7_BSCAN.bscan_inst/TCK  {rise@0.000ns fall@16.500ns period=33.000ns})
  Destination:            dbg_hub/inst/BSCANID.u_xsdbm_id/CORE_XSDB.U_ICON/U_CMD/iTARGET_reg[10]/CLR
                            (recovery check against rising-edge clock dbg_hub/inst/BSCANID.u_xsdbm_id/SWITCH_N_EXT_BSCAN.bscan_inst/SERIES7_BSCAN.bscan_inst/TCK  {rise@0.000ns fall@16.500ns period=33.000ns})
  Path Group:             **async_default**
  Path Type:              Recovery (Max at Slow Process Corner)
  Requirement:            33.000ns  (dbg_hub/inst/BSCANID.u_xsdbm_id/SWITCH_N_EXT_BSCAN.bscan_inst/SERIES7_BSCAN.bscan_inst/TCK rise@33.000ns - dbg_hub/inst/BSCANID.u_xsdbm_id/SWITCH_N_EXT_BSCAN.bscan_inst/SERIES7_BSCAN.bscan_inst/TCK rise@0.000ns)
  Data Path Delay:        3.994ns  (logic 1.139ns (28.519%)  route 2.855ns (71.481%))
  Logic Levels:           2  (LUT1=1 LUT4=1)
  Clock Path Skew:        -0.027ns (DCD - SCD + CPR)
    Destination Clock Delay (DCD):    3.075ns = ( 36.075 - 33.000 ) 
    Source Clock Delay      (SCD):    3.511ns
    Clock Pessimism Removal (CPR):    0.409ns
  Clock Uncertainty:      0.035ns  ((TSJ^2 + TIJ^2)^1/2 + DJ) / 2 + PE
    Total System Jitter     (TSJ):    0.071ns
    Total Input Jitter      (TIJ):    0.000ns
    Discrete Jitter          (DJ):    0.000ns
    Phase Error              (PE):    0.000ns

    Location             Delay type                Incr(ns)  Path(ns)    Netlist Resource(s)
  -------------------------------------------------------------------    -------------------
                         (clock dbg_hub/inst/BSCANID.u_xsdbm_id/SWITCH_N_EXT_BSCAN.bscan_inst/SERIES7_BSCAN.bscan_inst/TCK rise edge)
                                                      0.000     0.000 r  
    BSCAN_X0Y0           BSCANE2                      0.000     0.000 r  dbg_hub/inst/BSCANID.u_xsdbm_id/SWITCH_N_EXT_BSCAN.bscan_inst/SERIES7_BSCAN.bscan_inst/TCK
                         net (fo=1, routed)           1.741     1.741    dbg_hub/inst/BSCANID.u_xsdbm_id/tck_bs
    BUFGCTRL_X0Y0        BUFG (Prop_bufg_I_O)         0.101     1.842 r  dbg_hub/inst/BSCANID.u_xsdbm_id/SWITCH_N_EXT_BSCAN.u_bufg_icon_tck/O
                         net (fo=486, routed)         1.669     3.511    dbg_hub/inst/BSCANID.u_xsdbm_id/SWITCH_N_EXT_BSCAN.bscan_switch/s_bscan_tck
    SLICE_X12Y91         FDRE                                         r  dbg_hub/inst/BSCANID.u_xsdbm_id/SWITCH_N_EXT_BSCAN.bscan_switch/state_reg[2]/C
  -------------------------------------------------------------------    -------------------
    SLICE_X12Y91         FDRE (Prop_fdre_C_Q)         0.478     3.989 r  dbg_hub/inst/BSCANID.u_xsdbm_id/SWITCH_N_EXT_BSCAN.bscan_switch/state_reg[2]/Q
                         net (fo=50, routed)          1.559     5.548    dbg_hub/inst/BSCANID.u_xsdbm_id/SWITCH_N_EXT_BSCAN.bscan_switch/state[2]
    SLICE_X13Y88         LUT4 (Prop_lut4_I2_O)        0.329     5.877 r  dbg_hub/inst/BSCANID.u_xsdbm_id/SWITCH_N_EXT_BSCAN.bscan_switch/m_bscan_sel[0]_INST_0/O
                         net (fo=2, routed)           0.544     6.421    dbg_hub/inst/BSCANID.u_xsdbm_id/CORE_XSDB.U_ICON/U_CMD/iTARGET_reg[6]_0
    SLICE_X12Y88         LUT1 (Prop_lut1_I0_O)        0.332     6.753 f  dbg_hub/inst/BSCANID.u_xsdbm_id/CORE_XSDB.U_ICON/U_CMD/iTARGET[15]_i_2/O
                         net (fo=10, routed)          0.752     7.505    dbg_hub/inst/BSCANID.u_xsdbm_id/CORE_XSDB.U_ICON/U_CMD/iSEL_n
    SLICE_X10Y88         FDCE                                         f  dbg_hub/inst/BSCANID.u_xsdbm_id/CORE_XSDB.U_ICON/U_CMD/iTARGET_reg[10]/CLR
  -------------------------------------------------------------------    -------------------

                         (clock dbg_hub/inst/BSCANID.u_xsdbm_id/SWITCH_N_EXT_BSCAN.bscan_inst/SERIES7_BSCAN.bscan_inst/TCK rise edge)
                                                     33.000    33.000 r  
    BSCAN_X0Y0           BSCANE2                      0.000    33.000 r  dbg_hub/inst/BSCANID.u_xsdbm_id/SWITCH_N_EXT_BSCAN.bscan_inst/SERIES7_BSCAN.bscan_inst/TCK
                         net (fo=1, routed)           1.490    34.490    dbg_hub/inst/BSCANID.u_xsdbm_id/tck_bs
    BUFGCTRL_X0Y0        BUFG (Prop_bufg_I_O)         0.091    34.581 r  dbg_hub/inst/BSCANID.u_xsdbm_id/SWITCH_N_EXT_BSCAN.u_bufg_icon_tck/O
                         net (fo=486, routed)         1.494    36.075    dbg_hub/inst/BSCANID.u_xsdbm_id/CORE_XSDB.U_ICON/U_CMD/m_bscan_tck[0]
    SLICE_X10Y88         FDCE                                         r  dbg_hub/inst/BSCANID.u_xsdbm_id/CORE_XSDB.U_ICON/U_CMD/iTARGET_reg[10]/C
                         clock pessimism              0.409    36.484    
                         clock uncertainty           -0.035    36.449    
    SLICE_X10Y88         FDCE (Recov_fdce_C_CLR)     -0.319    36.130    dbg_hub/inst/BSCANID.u_xsdbm_id/CORE_XSDB.U_ICON/U_CMD/iTARGET_reg[10]
  -------------------------------------------------------------------
                         required time                         36.130    
                         arrival time                          -7.505    
  -------------------------------------------------------------------
                         slack                                 28.625    

Slack (MET) :             28.625ns  (required time - arrival time)
  Source:                 dbg_hub/inst/BSCANID.u_xsdbm_id/SWITCH_N_EXT_BSCAN.bscan_switch/state_reg[2]/C
                            (rising edge-triggered cell FDRE clocked by dbg_hub/inst/BSCANID.u_xsdbm_id/SWITCH_N_EXT_BSCAN.bscan_inst/SERIES7_BSCAN.bscan_inst/TCK  {rise@0.000ns fall@16.500ns period=33.000ns})
  Destination:            dbg_hub/inst/BSCANID.u_xsdbm_id/CORE_XSDB.U_ICON/U_CMD/iTARGET_reg[11]/CLR
                            (recovery check against rising-edge clock dbg_hub/inst/BSCANID.u_xsdbm_id/SWITCH_N_EXT_BSCAN.bscan_inst/SERIES7_BSCAN.bscan_inst/TCK  {rise@0.000ns fall@16.500ns period=33.000ns})
  Path Group:             **async_default**
  Path Type:              Recovery (Max at Slow Process Corner)
  Requirement:            33.000ns  (dbg_hub/inst/BSCANID.u_xsdbm_id/SWITCH_N_EXT_BSCAN.bscan_inst/SERIES7_BSCAN.bscan_inst/TCK rise@33.000ns - dbg_hub/inst/BSCANID.u_xsdbm_id/SWITCH_N_EXT_BSCAN.bscan_inst/SERIES7_BSCAN.bscan_inst/TCK rise@0.000ns)
  Data Path Delay:        3.994ns  (logic 1.139ns (28.519%)  route 2.855ns (71.481%))
  Logic Levels:           2  (LUT1=1 LUT4=1)
  Clock Path Skew:        -0.027ns (DCD - SCD + CPR)
    Destination Clock Delay (DCD):    3.075ns = ( 36.075 - 33.000 ) 
    Source Clock Delay      (SCD):    3.511ns
    Clock Pessimism Removal (CPR):    0.409ns
  Clock Uncertainty:      0.035ns  ((TSJ^2 + TIJ^2)^1/2 + DJ) / 2 + PE
    Total System Jitter     (TSJ):    0.071ns
    Total Input Jitter      (TIJ):    0.000ns
    Discrete Jitter          (DJ):    0.000ns
    Phase Error              (PE):    0.000ns

    Location             Delay type                Incr(ns)  Path(ns)    Netlist Resource(s)
  -------------------------------------------------------------------    -------------------
                         (clock dbg_hub/inst/BSCANID.u_xsdbm_id/SWITCH_N_EXT_BSCAN.bscan_inst/SERIES7_BSCAN.bscan_inst/TCK rise edge)
                                                      0.000     0.000 r  
    BSCAN_X0Y0           BSCANE2                      0.000     0.000 r  dbg_hub/inst/BSCANID.u_xsdbm_id/SWITCH_N_EXT_BSCAN.bscan_inst/SERIES7_BSCAN.bscan_inst/TCK
                         net (fo=1, routed)           1.741     1.741    dbg_hub/inst/BSCANID.u_xsdbm_id/tck_bs
    BUFGCTRL_X0Y0        BUFG (Prop_bufg_I_O)         0.101     1.842 r  dbg_hub/inst/BSCANID.u_xsdbm_id/SWITCH_N_EXT_BSCAN.u_bufg_icon_tck/O
                         net (fo=486, routed)         1.669     3.511    dbg_hub/inst/BSCANID.u_xsdbm_id/SWITCH_N_EXT_BSCAN.bscan_switch/s_bscan_tck
    SLICE_X12Y91         FDRE                                         r  dbg_hub/inst/BSCANID.u_xsdbm_id/SWITCH_N_EXT_BSCAN.bscan_switch/state_reg[2]/C
  -------------------------------------------------------------------    -------------------
    SLICE_X12Y91         FDRE (Prop_fdre_C_Q)         0.478     3.989 r  dbg_hub/inst/BSCANID.u_xsdbm_id/SWITCH_N_EXT_BSCAN.bscan_switch/state_reg[2]/Q
                         net (fo=50, routed)          1.559     5.548    dbg_hub/inst/BSCANID.u_xsdbm_id/SWITCH_N_EXT_BSCAN.bscan_switch/state[2]
    SLICE_X13Y88         LUT4 (Prop_lut4_I2_O)        0.329     5.877 r  dbg_hub/inst/BSCANID.u_xsdbm_id/SWITCH_N_EXT_BSCAN.bscan_switch/m_bscan_sel[0]_INST_0/O
                         net (fo=2, routed)           0.544     6.421    dbg_hub/inst/BSCANID.u_xsdbm_id/CORE_XSDB.U_ICON/U_CMD/iTARGET_reg[6]_0
    SLICE_X12Y88         LUT1 (Prop_lut1_I0_O)        0.332     6.753 f  dbg_hub/inst/BSCANID.u_xsdbm_id/CORE_XSDB.U_ICON/U_CMD/iTARGET[15]_i_2/O
                         net (fo=10, routed)          0.752     7.505    dbg_hub/inst/BSCANID.u_xsdbm_id/CORE_XSDB.U_ICON/U_CMD/iSEL_n
    SLICE_X10Y88         FDCE                                         f  dbg_hub/inst/BSCANID.u_xsdbm_id/CORE_XSDB.U_ICON/U_CMD/iTARGET_reg[11]/CLR
  -------------------------------------------------------------------    -------------------

                         (clock dbg_hub/inst/BSCANID.u_xsdbm_id/SWITCH_N_EXT_BSCAN.bscan_inst/SERIES7_BSCAN.bscan_inst/TCK rise edge)
                                                     33.000    33.000 r  
    BSCAN_X0Y0           BSCANE2                      0.000    33.000 r  dbg_hub/inst/BSCANID.u_xsdbm_id/SWITCH_N_EXT_BSCAN.bscan_inst/SERIES7_BSCAN.bscan_inst/TCK
                         net (fo=1, routed)           1.490    34.490    dbg_hub/inst/BSCANID.u_xsdbm_id/tck_bs
    BUFGCTRL_X0Y0        BUFG (Prop_bufg_I_O)         0.091    34.581 r  dbg_hub/inst/BSCANID.u_xsdbm_id/SWITCH_N_EXT_BSCAN.u_bufg_icon_tck/O
                         net (fo=486, routed)         1.494    36.075    dbg_hub/inst/BSCANID.u_xsdbm_id/CORE_XSDB.U_ICON/U_CMD/m_bscan_tck[0]
    SLICE_X10Y88         FDCE                                         r  dbg_hub/inst/BSCANID.u_xsdbm_id/CORE_XSDB.U_ICON/U_CMD/iTARGET_reg[11]/C
                         clock pessimism              0.409    36.484    
                         clock uncertainty           -0.035    36.449    
    SLICE_X10Y88         FDCE (Recov_fdce_C_CLR)     -0.319    36.130    dbg_hub/inst/BSCANID.u_xsdbm_id/CORE_XSDB.U_ICON/U_CMD/iTARGET_reg[11]
  -------------------------------------------------------------------
                         required time                         36.130    
                         arrival time                          -7.505    
  -------------------------------------------------------------------
                         slack                                 28.625    

Slack (MET) :             28.625ns  (required time - arrival time)
  Source:                 dbg_hub/inst/BSCANID.u_xsdbm_id/SWITCH_N_EXT_BSCAN.bscan_switch/state_reg[2]/C
                            (rising edge-triggered cell FDRE clocked by dbg_hub/inst/BSCANID.u_xsdbm_id/SWITCH_N_EXT_BSCAN.bscan_inst/SERIES7_BSCAN.bscan_inst/TCK  {rise@0.000ns fall@16.500ns period=33.000ns})
  Destination:            dbg_hub/inst/BSCANID.u_xsdbm_id/CORE_XSDB.U_ICON/U_CMD/iTARGET_reg[12]/CLR
                            (recovery check against rising-edge clock dbg_hub/inst/BSCANID.u_xsdbm_id/SWITCH_N_EXT_BSCAN.bscan_inst/SERIES7_BSCAN.bscan_inst/TCK  {rise@0.000ns fall@16.500ns period=33.000ns})
  Path Group:             **async_default**
  Path Type:              Recovery (Max at Slow Process Corner)
  Requirement:            33.000ns  (dbg_hub/inst/BSCANID.u_xsdbm_id/SWITCH_N_EXT_BSCAN.bscan_inst/SERIES7_BSCAN.bscan_inst/TCK rise@33.000ns - dbg_hub/inst/BSCANID.u_xsdbm_id/SWITCH_N_EXT_BSCAN.bscan_inst/SERIES7_BSCAN.bscan_inst/TCK rise@0.000ns)
  Data Path Delay:        3.994ns  (logic 1.139ns (28.519%)  route 2.855ns (71.481%))
  Logic Levels:           2  (LUT1=1 LUT4=1)
  Clock Path Skew:        -0.027ns (DCD - SCD + CPR)
    Destination Clock Delay (DCD):    3.075ns = ( 36.075 - 33.000 ) 
    Source Clock Delay      (SCD):    3.511ns
    Clock Pessimism Removal (CPR):    0.409ns
  Clock Uncertainty:      0.035ns  ((TSJ^2 + TIJ^2)^1/2 + DJ) / 2 + PE
    Total System Jitter     (TSJ):    0.071ns
    Total Input Jitter      (TIJ):    0.000ns
    Discrete Jitter          (DJ):    0.000ns
    Phase Error              (PE):    0.000ns

    Location             Delay type                Incr(ns)  Path(ns)    Netlist Resource(s)
  -------------------------------------------------------------------    -------------------
                         (clock dbg_hub/inst/BSCANID.u_xsdbm_id/SWITCH_N_EXT_BSCAN.bscan_inst/SERIES7_BSCAN.bscan_inst/TCK rise edge)
                                                      0.000     0.000 r  
    BSCAN_X0Y0           BSCANE2                      0.000     0.000 r  dbg_hub/inst/BSCANID.u_xsdbm_id/SWITCH_N_EXT_BSCAN.bscan_inst/SERIES7_BSCAN.bscan_inst/TCK
                         net (fo=1, routed)           1.741     1.741    dbg_hub/inst/BSCANID.u_xsdbm_id/tck_bs
    BUFGCTRL_X0Y0        BUFG (Prop_bufg_I_O)         0.101     1.842 r  dbg_hub/inst/BSCANID.u_xsdbm_id/SWITCH_N_EXT_BSCAN.u_bufg_icon_tck/O
                         net (fo=486, routed)         1.669     3.511    dbg_hub/inst/BSCANID.u_xsdbm_id/SWITCH_N_EXT_BSCAN.bscan_switch/s_bscan_tck
    SLICE_X12Y91         FDRE                                         r  dbg_hub/inst/BSCANID.u_xsdbm_id/SWITCH_N_EXT_BSCAN.bscan_switch/state_reg[2]/C
  -------------------------------------------------------------------    -------------------
    SLICE_X12Y91         FDRE (Prop_fdre_C_Q)         0.478     3.989 r  dbg_hub/inst/BSCANID.u_xsdbm_id/SWITCH_N_EXT_BSCAN.bscan_switch/state_reg[2]/Q
                         net (fo=50, routed)          1.559     5.548    dbg_hub/inst/BSCANID.u_xsdbm_id/SWITCH_N_EXT_BSCAN.bscan_switch/state[2]
    SLICE_X13Y88         LUT4 (Prop_lut4_I2_O)        0.329     5.877 r  dbg_hub/inst/BSCANID.u_xsdbm_id/SWITCH_N_EXT_BSCAN.bscan_switch/m_bscan_sel[0]_INST_0/O
                         net (fo=2, routed)           0.544     6.421    dbg_hub/inst/BSCANID.u_xsdbm_id/CORE_XSDB.U_ICON/U_CMD/iTARGET_reg[6]_0
    SLICE_X12Y88         LUT1 (Prop_lut1_I0_O)        0.332     6.753 f  dbg_hub/inst/BSCANID.u_xsdbm_id/CORE_XSDB.U_ICON/U_CMD/iTARGET[15]_i_2/O
                         net (fo=10, routed)          0.752     7.505    dbg_hub/inst/BSCANID.u_xsdbm_id/CORE_XSDB.U_ICON/U_CMD/iSEL_n
    SLICE_X10Y88         FDCE                                         f  dbg_hub/inst/BSCANID.u_xsdbm_id/CORE_XSDB.U_ICON/U_CMD/iTARGET_reg[12]/CLR
  -------------------------------------------------------------------    -------------------

                         (clock dbg_hub/inst/BSCANID.u_xsdbm_id/SWITCH_N_EXT_BSCAN.bscan_inst/SERIES7_BSCAN.bscan_inst/TCK rise edge)
                                                     33.000    33.000 r  
    BSCAN_X0Y0           BSCANE2                      0.000    33.000 r  dbg_hub/inst/BSCANID.u_xsdbm_id/SWITCH_N_EXT_BSCAN.bscan_inst/SERIES7_BSCAN.bscan_inst/TCK
                         net (fo=1, routed)           1.490    34.490    dbg_hub/inst/BSCANID.u_xsdbm_id/tck_bs
    BUFGCTRL_X0Y0        BUFG (Prop_bufg_I_O)         0.091    34.581 r  dbg_hub/inst/BSCANID.u_xsdbm_id/SWITCH_N_EXT_BSCAN.u_bufg_icon_tck/O
                         net (fo=486, routed)         1.494    36.075    dbg_hub/inst/BSCANID.u_xsdbm_id/CORE_XSDB.U_ICON/U_CMD/m_bscan_tck[0]
    SLICE_X10Y88         FDCE                                         r  dbg_hub/inst/BSCANID.u_xsdbm_id/CORE_XSDB.U_ICON/U_CMD/iTARGET_reg[12]/C
                         clock pessimism              0.409    36.484    
                         clock uncertainty           -0.035    36.449    
    SLICE_X10Y88         FDCE (Recov_fdce_C_CLR)     -0.319    36.130    dbg_hub/inst/BSCANID.u_xsdbm_id/CORE_XSDB.U_ICON/U_CMD/iTARGET_reg[12]
  -------------------------------------------------------------------
                         required time                         36.130    
                         arrival time                          -7.505    
  -------------------------------------------------------------------
                         slack                                 28.625    

Slack (MET) :             28.625ns  (required time - arrival time)
  Source:                 dbg_hub/inst/BSCANID.u_xsdbm_id/SWITCH_N_EXT_BSCAN.bscan_switch/state_reg[2]/C
                            (rising edge-triggered cell FDRE clocked by dbg_hub/inst/BSCANID.u_xsdbm_id/SWITCH_N_EXT_BSCAN.bscan_inst/SERIES7_BSCAN.bscan_inst/TCK  {rise@0.000ns fall@16.500ns period=33.000ns})
  Destination:            dbg_hub/inst/BSCANID.u_xsdbm_id/CORE_XSDB.U_ICON/U_CMD/iTARGET_reg[13]/CLR
                            (recovery check against rising-edge clock dbg_hub/inst/BSCANID.u_xsdbm_id/SWITCH_N_EXT_BSCAN.bscan_inst/SERIES7_BSCAN.bscan_inst/TCK  {rise@0.000ns fall@16.500ns period=33.000ns})
  Path Group:             **async_default**
  Path Type:              Recovery (Max at Slow Process Corner)
  Requirement:            33.000ns  (dbg_hub/inst/BSCANID.u_xsdbm_id/SWITCH_N_EXT_BSCAN.bscan_inst/SERIES7_BSCAN.bscan_inst/TCK rise@33.000ns - dbg_hub/inst/BSCANID.u_xsdbm_id/SWITCH_N_EXT_BSCAN.bscan_inst/SERIES7_BSCAN.bscan_inst/TCK rise@0.000ns)
  Data Path Delay:        3.994ns  (logic 1.139ns (28.519%)  route 2.855ns (71.481%))
  Logic Levels:           2  (LUT1=1 LUT4=1)
  Clock Path Skew:        -0.027ns (DCD - SCD + CPR)
    Destination Clock Delay (DCD):    3.075ns = ( 36.075 - 33.000 ) 
    Source Clock Delay      (SCD):    3.511ns
    Clock Pessimism Removal (CPR):    0.409ns
  Clock Uncertainty:      0.035ns  ((TSJ^2 + TIJ^2)^1/2 + DJ) / 2 + PE
    Total System Jitter     (TSJ):    0.071ns
    Total Input Jitter      (TIJ):    0.000ns
    Discrete Jitter          (DJ):    0.000ns
    Phase Error              (PE):    0.000ns

    Location             Delay type                Incr(ns)  Path(ns)    Netlist Resource(s)
  -------------------------------------------------------------------    -------------------
                         (clock dbg_hub/inst/BSCANID.u_xsdbm_id/SWITCH_N_EXT_BSCAN.bscan_inst/SERIES7_BSCAN.bscan_inst/TCK rise edge)
                                                      0.000     0.000 r  
    BSCAN_X0Y0           BSCANE2                      0.000     0.000 r  dbg_hub/inst/BSCANID.u_xsdbm_id/SWITCH_N_EXT_BSCAN.bscan_inst/SERIES7_BSCAN.bscan_inst/TCK
                         net (fo=1, routed)           1.741     1.741    dbg_hub/inst/BSCANID.u_xsdbm_id/tck_bs
    BUFGCTRL_X0Y0        BUFG (Prop_bufg_I_O)         0.101     1.842 r  dbg_hub/inst/BSCANID.u_xsdbm_id/SWITCH_N_EXT_BSCAN.u_bufg_icon_tck/O
                         net (fo=486, routed)         1.669     3.511    dbg_hub/inst/BSCANID.u_xsdbm_id/SWITCH_N_EXT_BSCAN.bscan_switch/s_bscan_tck
    SLICE_X12Y91         FDRE                                         r  dbg_hub/inst/BSCANID.u_xsdbm_id/SWITCH_N_EXT_BSCAN.bscan_switch/state_reg[2]/C
  -------------------------------------------------------------------    -------------------
    SLICE_X12Y91         FDRE (Prop_fdre_C_Q)         0.478     3.989 r  dbg_hub/inst/BSCANID.u_xsdbm_id/SWITCH_N_EXT_BSCAN.bscan_switch/state_reg[2]/Q
                         net (fo=50, routed)          1.559     5.548    dbg_hub/inst/BSCANID.u_xsdbm_id/SWITCH_N_EXT_BSCAN.bscan_switch/state[2]
    SLICE_X13Y88         LUT4 (Prop_lut4_I2_O)        0.329     5.877 r  dbg_hub/inst/BSCANID.u_xsdbm_id/SWITCH_N_EXT_BSCAN.bscan_switch/m_bscan_sel[0]_INST_0/O
                         net (fo=2, routed)           0.544     6.421    dbg_hub/inst/BSCANID.u_xsdbm_id/CORE_XSDB.U_ICON/U_CMD/iTARGET_reg[6]_0
    SLICE_X12Y88         LUT1 (Prop_lut1_I0_O)        0.332     6.753 f  dbg_hub/inst/BSCANID.u_xsdbm_id/CORE_XSDB.U_ICON/U_CMD/iTARGET[15]_i_2/O
                         net (fo=10, routed)          0.752     7.505    dbg_hub/inst/BSCANID.u_xsdbm_id/CORE_XSDB.U_ICON/U_CMD/iSEL_n
    SLICE_X10Y88         FDCE                                         f  dbg_hub/inst/BSCANID.u_xsdbm_id/CORE_XSDB.U_ICON/U_CMD/iTARGET_reg[13]/CLR
  -------------------------------------------------------------------    -------------------

                         (clock dbg_hub/inst/BSCANID.u_xsdbm_id/SWITCH_N_EXT_BSCAN.bscan_inst/SERIES7_BSCAN.bscan_inst/TCK rise edge)
                                                     33.000    33.000 r  
    BSCAN_X0Y0           BSCANE2                      0.000    33.000 r  dbg_hub/inst/BSCANID.u_xsdbm_id/SWITCH_N_EXT_BSCAN.bscan_inst/SERIES7_BSCAN.bscan_inst/TCK
                         net (fo=1, routed)           1.490    34.490    dbg_hub/inst/BSCANID.u_xsdbm_id/tck_bs
    BUFGCTRL_X0Y0        BUFG (Prop_bufg_I_O)         0.091    34.581 r  dbg_hub/inst/BSCANID.u_xsdbm_id/SWITCH_N_EXT_BSCAN.u_bufg_icon_tck/O
                         net (fo=486, routed)         1.494    36.075    dbg_hub/inst/BSCANID.u_xsdbm_id/CORE_XSDB.U_ICON/U_CMD/m_bscan_tck[0]
    SLICE_X10Y88         FDCE                                         r  dbg_hub/inst/BSCANID.u_xsdbm_id/CORE_XSDB.U_ICON/U_CMD/iTARGET_reg[13]/C
                         clock pessimism              0.409    36.484    
                         clock uncertainty           -0.035    36.449    
    SLICE_X10Y88         FDCE (Recov_fdce_C_CLR)     -0.319    36.130    dbg_hub/inst/BSCANID.u_xsdbm_id/CORE_XSDB.U_ICON/U_CMD/iTARGET_reg[13]
  -------------------------------------------------------------------
                         required time                         36.130    
                         arrival time                          -7.505    
  -------------------------------------------------------------------
                         slack                                 28.625    

Slack (MET) :             28.800ns  (required time - arrival time)
  Source:                 dbg_hub/inst/BSCANID.u_xsdbm_id/SWITCH_N_EXT_BSCAN.bscan_switch/state_reg[2]/C
                            (rising edge-triggered cell FDRE clocked by dbg_hub/inst/BSCANID.u_xsdbm_id/SWITCH_N_EXT_BSCAN.bscan_inst/SERIES7_BSCAN.bscan_inst/TCK  {rise@0.000ns fall@16.500ns period=33.000ns})
  Destination:            dbg_hub/inst/BSCANID.u_xsdbm_id/CORE_XSDB.U_ICON/U_CMD/iTARGET_reg[6]/CLR
                            (recovery check against rising-edge clock dbg_hub/inst/BSCANID.u_xsdbm_id/SWITCH_N_EXT_BSCAN.bscan_inst/SERIES7_BSCAN.bscan_inst/TCK  {rise@0.000ns fall@16.500ns period=33.000ns})
  Path Group:             **async_default**
  Path Type:              Recovery (Max at Slow Process Corner)
  Requirement:            33.000ns  (dbg_hub/inst/BSCANID.u_xsdbm_id/SWITCH_N_EXT_BSCAN.bscan_inst/SERIES7_BSCAN.bscan_inst/TCK rise@33.000ns - dbg_hub/inst/BSCANID.u_xsdbm_id/SWITCH_N_EXT_BSCAN.bscan_inst/SERIES7_BSCAN.bscan_inst/TCK rise@0.000ns)
  Data Path Delay:        3.818ns  (logic 1.139ns (29.829%)  route 2.679ns (70.171%))
  Logic Levels:           2  (LUT1=1 LUT4=1)
  Clock Path Skew:        -0.027ns (DCD - SCD + CPR)
    Destination Clock Delay (DCD):    3.075ns = ( 36.075 - 33.000 ) 
    Source Clock Delay      (SCD):    3.511ns
    Clock Pessimism Removal (CPR):    0.409ns
  Clock Uncertainty:      0.035ns  ((TSJ^2 + TIJ^2)^1/2 + DJ) / 2 + PE
    Total System Jitter     (TSJ):    0.071ns
    Total Input Jitter      (TIJ):    0.000ns
    Discrete Jitter          (DJ):    0.000ns
    Phase Error              (PE):    0.000ns

    Location             Delay type                Incr(ns)  Path(ns)    Netlist Resource(s)
  -------------------------------------------------------------------    -------------------
                         (clock dbg_hub/inst/BSCANID.u_xsdbm_id/SWITCH_N_EXT_BSCAN.bscan_inst/SERIES7_BSCAN.bscan_inst/TCK rise edge)
                                                      0.000     0.000 r  
    BSCAN_X0Y0           BSCANE2                      0.000     0.000 r  dbg_hub/inst/BSCANID.u_xsdbm_id/SWITCH_N_EXT_BSCAN.bscan_inst/SERIES7_BSCAN.bscan_inst/TCK
                         net (fo=1, routed)           1.741     1.741    dbg_hub/inst/BSCANID.u_xsdbm_id/tck_bs
    BUFGCTRL_X0Y0        BUFG (Prop_bufg_I_O)         0.101     1.842 r  dbg_hub/inst/BSCANID.u_xsdbm_id/SWITCH_N_EXT_BSCAN.u_bufg_icon_tck/O
                         net (fo=486, routed)         1.669     3.511    dbg_hub/inst/BSCANID.u_xsdbm_id/SWITCH_N_EXT_BSCAN.bscan_switch/s_bscan_tck
    SLICE_X12Y91         FDRE                                         r  dbg_hub/inst/BSCANID.u_xsdbm_id/SWITCH_N_EXT_BSCAN.bscan_switch/state_reg[2]/C
  -------------------------------------------------------------------    -------------------
    SLICE_X12Y91         FDRE (Prop_fdre_C_Q)         0.478     3.989 r  dbg_hub/inst/BSCANID.u_xsdbm_id/SWITCH_N_EXT_BSCAN.bscan_switch/state_reg[2]/Q
                         net (fo=50, routed)          1.559     5.548    dbg_hub/inst/BSCANID.u_xsdbm_id/SWITCH_N_EXT_BSCAN.bscan_switch/state[2]
    SLICE_X13Y88         LUT4 (Prop_lut4_I2_O)        0.329     5.877 r  dbg_hub/inst/BSCANID.u_xsdbm_id/SWITCH_N_EXT_BSCAN.bscan_switch/m_bscan_sel[0]_INST_0/O
                         net (fo=2, routed)           0.544     6.421    dbg_hub/inst/BSCANID.u_xsdbm_id/CORE_XSDB.U_ICON/U_CMD/iTARGET_reg[6]_0
    SLICE_X12Y88         LUT1 (Prop_lut1_I0_O)        0.332     6.753 f  dbg_hub/inst/BSCANID.u_xsdbm_id/CORE_XSDB.U_ICON/U_CMD/iTARGET[15]_i_2/O
                         net (fo=10, routed)          0.577     7.329    dbg_hub/inst/BSCANID.u_xsdbm_id/CORE_XSDB.U_ICON/U_CMD/iSEL_n
    SLICE_X12Y88         FDCE                                         f  dbg_hub/inst/BSCANID.u_xsdbm_id/CORE_XSDB.U_ICON/U_CMD/iTARGET_reg[6]/CLR
  -------------------------------------------------------------------    -------------------

                         (clock dbg_hub/inst/BSCANID.u_xsdbm_id/SWITCH_N_EXT_BSCAN.bscan_inst/SERIES7_BSCAN.bscan_inst/TCK rise edge)
                                                     33.000    33.000 r  
    BSCAN_X0Y0           BSCANE2                      0.000    33.000 r  dbg_hub/inst/BSCANID.u_xsdbm_id/SWITCH_N_EXT_BSCAN.bscan_inst/SERIES7_BSCAN.bscan_inst/TCK
                         net (fo=1, routed)           1.490    34.490    dbg_hub/inst/BSCANID.u_xsdbm_id/tck_bs
    BUFGCTRL_X0Y0        BUFG (Prop_bufg_I_O)         0.091    34.581 r  dbg_hub/inst/BSCANID.u_xsdbm_id/SWITCH_N_EXT_BSCAN.u_bufg_icon_tck/O
                         net (fo=486, routed)         1.494    36.075    dbg_hub/inst/BSCANID.u_xsdbm_id/CORE_XSDB.U_ICON/U_CMD/m_bscan_tck[0]
    SLICE_X12Y88         FDCE                                         r  dbg_hub/inst/BSCANID.u_xsdbm_id/CORE_XSDB.U_ICON/U_CMD/iTARGET_reg[6]/C
                         clock pessimism              0.409    36.484    
                         clock uncertainty           -0.035    36.449    
    SLICE_X12Y88         FDCE (Recov_fdce_C_CLR)     -0.319    36.130    dbg_hub/inst/BSCANID.u_xsdbm_id/CORE_XSDB.U_ICON/U_CMD/iTARGET_reg[6]
  -------------------------------------------------------------------
                         required time                         36.130    
                         arrival time                          -7.329    
  -------------------------------------------------------------------
                         slack                                 28.800    

Slack (MET) :             28.800ns  (required time - arrival time)
  Source:                 dbg_hub/inst/BSCANID.u_xsdbm_id/SWITCH_N_EXT_BSCAN.bscan_switch/state_reg[2]/C
                            (rising edge-triggered cell FDRE clocked by dbg_hub/inst/BSCANID.u_xsdbm_id/SWITCH_N_EXT_BSCAN.bscan_inst/SERIES7_BSCAN.bscan_inst/TCK  {rise@0.000ns fall@16.500ns period=33.000ns})
  Destination:            dbg_hub/inst/BSCANID.u_xsdbm_id/CORE_XSDB.U_ICON/U_CMD/iTARGET_reg[7]/CLR
                            (recovery check against rising-edge clock dbg_hub/inst/BSCANID.u_xsdbm_id/SWITCH_N_EXT_BSCAN.bscan_inst/SERIES7_BSCAN.bscan_inst/TCK  {rise@0.000ns fall@16.500ns period=33.000ns})
  Path Group:             **async_default**
  Path Type:              Recovery (Max at Slow Process Corner)
  Requirement:            33.000ns  (dbg_hub/inst/BSCANID.u_xsdbm_id/SWITCH_N_EXT_BSCAN.bscan_inst/SERIES7_BSCAN.bscan_inst/TCK rise@33.000ns - dbg_hub/inst/BSCANID.u_xsdbm_id/SWITCH_N_EXT_BSCAN.bscan_inst/SERIES7_BSCAN.bscan_inst/TCK rise@0.000ns)
  Data Path Delay:        3.818ns  (logic 1.139ns (29.829%)  route 2.679ns (70.171%))
  Logic Levels:           2  (LUT1=1 LUT4=1)
  Clock Path Skew:        -0.027ns (DCD - SCD + CPR)
    Destination Clock Delay (DCD):    3.075ns = ( 36.075 - 33.000 ) 
    Source Clock Delay      (SCD):    3.511ns
    Clock Pessimism Removal (CPR):    0.409ns
  Clock Uncertainty:      0.035ns  ((TSJ^2 + TIJ^2)^1/2 + DJ) / 2 + PE
    Total System Jitter     (TSJ):    0.071ns
    Total Input Jitter      (TIJ):    0.000ns
    Discrete Jitter          (DJ):    0.000ns
    Phase Error              (PE):    0.000ns

    Location             Delay type                Incr(ns)  Path(ns)    Netlist Resource(s)
  -------------------------------------------------------------------    -------------------
                         (clock dbg_hub/inst/BSCANID.u_xsdbm_id/SWITCH_N_EXT_BSCAN.bscan_inst/SERIES7_BSCAN.bscan_inst/TCK rise edge)
                                                      0.000     0.000 r  
    BSCAN_X0Y0           BSCANE2                      0.000     0.000 r  dbg_hub/inst/BSCANID.u_xsdbm_id/SWITCH_N_EXT_BSCAN.bscan_inst/SERIES7_BSCAN.bscan_inst/TCK
                         net (fo=1, routed)           1.741     1.741    dbg_hub/inst/BSCANID.u_xsdbm_id/tck_bs
    BUFGCTRL_X0Y0        BUFG (Prop_bufg_I_O)         0.101     1.842 r  dbg_hub/inst/BSCANID.u_xsdbm_id/SWITCH_N_EXT_BSCAN.u_bufg_icon_tck/O
                         net (fo=486, routed)         1.669     3.511    dbg_hub/inst/BSCANID.u_xsdbm_id/SWITCH_N_EXT_BSCAN.bscan_switch/s_bscan_tck
    SLICE_X12Y91         FDRE                                         r  dbg_hub/inst/BSCANID.u_xsdbm_id/SWITCH_N_EXT_BSCAN.bscan_switch/state_reg[2]/C
  -------------------------------------------------------------------    -------------------
    SLICE_X12Y91         FDRE (Prop_fdre_C_Q)         0.478     3.989 r  dbg_hub/inst/BSCANID.u_xsdbm_id/SWITCH_N_EXT_BSCAN.bscan_switch/state_reg[2]/Q
                         net (fo=50, routed)          1.559     5.548    dbg_hub/inst/BSCANID.u_xsdbm_id/SWITCH_N_EXT_BSCAN.bscan_switch/state[2]
    SLICE_X13Y88         LUT4 (Prop_lut4_I2_O)        0.329     5.877 r  dbg_hub/inst/BSCANID.u_xsdbm_id/SWITCH_N_EXT_BSCAN.bscan_switch/m_bscan_sel[0]_INST_0/O
                         net (fo=2, routed)           0.544     6.421    dbg_hub/inst/BSCANID.u_xsdbm_id/CORE_XSDB.U_ICON/U_CMD/iTARGET_reg[6]_0
    SLICE_X12Y88         LUT1 (Prop_lut1_I0_O)        0.332     6.753 f  dbg_hub/inst/BSCANID.u_xsdbm_id/CORE_XSDB.U_ICON/U_CMD/iTARGET[15]_i_2/O
                         net (fo=10, routed)          0.577     7.329    dbg_hub/inst/BSCANID.u_xsdbm_id/CORE_XSDB.U_ICON/U_CMD/iSEL_n
    SLICE_X12Y88         FDCE                                         f  dbg_hub/inst/BSCANID.u_xsdbm_id/CORE_XSDB.U_ICON/U_CMD/iTARGET_reg[7]/CLR
  -------------------------------------------------------------------    -------------------

                         (clock dbg_hub/inst/BSCANID.u_xsdbm_id/SWITCH_N_EXT_BSCAN.bscan_inst/SERIES7_BSCAN.bscan_inst/TCK rise edge)
                                                     33.000    33.000 r  
    BSCAN_X0Y0           BSCANE2                      0.000    33.000 r  dbg_hub/inst/BSCANID.u_xsdbm_id/SWITCH_N_EXT_BSCAN.bscan_inst/SERIES7_BSCAN.bscan_inst/TCK
                         net (fo=1, routed)           1.490    34.490    dbg_hub/inst/BSCANID.u_xsdbm_id/tck_bs
    BUFGCTRL_X0Y0        BUFG (Prop_bufg_I_O)         0.091    34.581 r  dbg_hub/inst/BSCANID.u_xsdbm_id/SWITCH_N_EXT_BSCAN.u_bufg_icon_tck/O
                         net (fo=486, routed)         1.494    36.075    dbg_hub/inst/BSCANID.u_xsdbm_id/CORE_XSDB.U_ICON/U_CMD/m_bscan_tck[0]
    SLICE_X12Y88         FDCE                                         r  dbg_hub/inst/BSCANID.u_xsdbm_id/CORE_XSDB.U_ICON/U_CMD/iTARGET_reg[7]/C
                         clock pessimism              0.409    36.484    
                         clock uncertainty           -0.035    36.449    
    SLICE_X12Y88         FDCE (Recov_fdce_C_CLR)     -0.319    36.130    dbg_hub/inst/BSCANID.u_xsdbm_id/CORE_XSDB.U_ICON/U_CMD/iTARGET_reg[7]
  -------------------------------------------------------------------
                         required time                         36.130    
                         arrival time                          -7.329    
  -------------------------------------------------------------------
                         slack                                 28.800    

Slack (MET) :             28.800ns  (required time - arrival time)
  Source:                 dbg_hub/inst/BSCANID.u_xsdbm_id/SWITCH_N_EXT_BSCAN.bscan_switch/state_reg[2]/C
                            (rising edge-triggered cell FDRE clocked by dbg_hub/inst/BSCANID.u_xsdbm_id/SWITCH_N_EXT_BSCAN.bscan_inst/SERIES7_BSCAN.bscan_inst/TCK  {rise@0.000ns fall@16.500ns period=33.000ns})
  Destination:            dbg_hub/inst/BSCANID.u_xsdbm_id/CORE_XSDB.U_ICON/U_CMD/iTARGET_reg[8]/CLR
                            (recovery check against rising-edge clock dbg_hub/inst/BSCANID.u_xsdbm_id/SWITCH_N_EXT_BSCAN.bscan_inst/SERIES7_BSCAN.bscan_inst/TCK  {rise@0.000ns fall@16.500ns period=33.000ns})
  Path Group:             **async_default**
  Path Type:              Recovery (Max at Slow Process Corner)
  Requirement:            33.000ns  (dbg_hub/inst/BSCANID.u_xsdbm_id/SWITCH_N_EXT_BSCAN.bscan_inst/SERIES7_BSCAN.bscan_inst/TCK rise@33.000ns - dbg_hub/inst/BSCANID.u_xsdbm_id/SWITCH_N_EXT_BSCAN.bscan_inst/SERIES7_BSCAN.bscan_inst/TCK rise@0.000ns)
  Data Path Delay:        3.818ns  (logic 1.139ns (29.829%)  route 2.679ns (70.171%))
  Logic Levels:           2  (LUT1=1 LUT4=1)
  Clock Path Skew:        -0.027ns (DCD - SCD + CPR)
    Destination Clock Delay (DCD):    3.075ns = ( 36.075 - 33.000 ) 
    Source Clock Delay      (SCD):    3.511ns
    Clock Pessimism Removal (CPR):    0.409ns
  Clock Uncertainty:      0.035ns  ((TSJ^2 + TIJ^2)^1/2 + DJ) / 2 + PE
    Total System Jitter     (TSJ):    0.071ns
    Total Input Jitter      (TIJ):    0.000ns
    Discrete Jitter          (DJ):    0.000ns
    Phase Error              (PE):    0.000ns

    Location             Delay type                Incr(ns)  Path(ns)    Netlist Resource(s)
  -------------------------------------------------------------------    -------------------
                         (clock dbg_hub/inst/BSCANID.u_xsdbm_id/SWITCH_N_EXT_BSCAN.bscan_inst/SERIES7_BSCAN.bscan_inst/TCK rise edge)
                                                      0.000     0.000 r  
    BSCAN_X0Y0           BSCANE2                      0.000     0.000 r  dbg_hub/inst/BSCANID.u_xsdbm_id/SWITCH_N_EXT_BSCAN.bscan_inst/SERIES7_BSCAN.bscan_inst/TCK
                         net (fo=1, routed)           1.741     1.741    dbg_hub/inst/BSCANID.u_xsdbm_id/tck_bs
    BUFGCTRL_X0Y0        BUFG (Prop_bufg_I_O)         0.101     1.842 r  dbg_hub/inst/BSCANID.u_xsdbm_id/SWITCH_N_EXT_BSCAN.u_bufg_icon_tck/O
                         net (fo=486, routed)         1.669     3.511    dbg_hub/inst/BSCANID.u_xsdbm_id/SWITCH_N_EXT_BSCAN.bscan_switch/s_bscan_tck
    SLICE_X12Y91         FDRE                                         r  dbg_hub/inst/BSCANID.u_xsdbm_id/SWITCH_N_EXT_BSCAN.bscan_switch/state_reg[2]/C
  -------------------------------------------------------------------    -------------------
    SLICE_X12Y91         FDRE (Prop_fdre_C_Q)         0.478     3.989 r  dbg_hub/inst/BSCANID.u_xsdbm_id/SWITCH_N_EXT_BSCAN.bscan_switch/state_reg[2]/Q
                         net (fo=50, routed)          1.559     5.548    dbg_hub/inst/BSCANID.u_xsdbm_id/SWITCH_N_EXT_BSCAN.bscan_switch/state[2]
    SLICE_X13Y88         LUT4 (Prop_lut4_I2_O)        0.329     5.877 r  dbg_hub/inst/BSCANID.u_xsdbm_id/SWITCH_N_EXT_BSCAN.bscan_switch/m_bscan_sel[0]_INST_0/O
                         net (fo=2, routed)           0.544     6.421    dbg_hub/inst/BSCANID.u_xsdbm_id/CORE_XSDB.U_ICON/U_CMD/iTARGET_reg[6]_0
    SLICE_X12Y88         LUT1 (Prop_lut1_I0_O)        0.332     6.753 f  dbg_hub/inst/BSCANID.u_xsdbm_id/CORE_XSDB.U_ICON/U_CMD/iTARGET[15]_i_2/O
                         net (fo=10, routed)          0.577     7.329    dbg_hub/inst/BSCANID.u_xsdbm_id/CORE_XSDB.U_ICON/U_CMD/iSEL_n
    SLICE_X12Y88         FDCE                                         f  dbg_hub/inst/BSCANID.u_xsdbm_id/CORE_XSDB.U_ICON/U_CMD/iTARGET_reg[8]/CLR
  -------------------------------------------------------------------    -------------------

                         (clock dbg_hub/inst/BSCANID.u_xsdbm_id/SWITCH_N_EXT_BSCAN.bscan_inst/SERIES7_BSCAN.bscan_inst/TCK rise edge)
                                                     33.000    33.000 r  
    BSCAN_X0Y0           BSCANE2                      0.000    33.000 r  dbg_hub/inst/BSCANID.u_xsdbm_id/SWITCH_N_EXT_BSCAN.bscan_inst/SERIES7_BSCAN.bscan_inst/TCK
                         net (fo=1, routed)           1.490    34.490    dbg_hub/inst/BSCANID.u_xsdbm_id/tck_bs
    BUFGCTRL_X0Y0        BUFG (Prop_bufg_I_O)         0.091    34.581 r  dbg_hub/inst/BSCANID.u_xsdbm_id/SWITCH_N_EXT_BSCAN.u_bufg_icon_tck/O
                         net (fo=486, routed)         1.494    36.075    dbg_hub/inst/BSCANID.u_xsdbm_id/CORE_XSDB.U_ICON/U_CMD/m_bscan_tck[0]
    SLICE_X12Y88         FDCE                                         r  dbg_hub/inst/BSCANID.u_xsdbm_id/CORE_XSDB.U_ICON/U_CMD/iTARGET_reg[8]/C
                         clock pessimism              0.409    36.484    
                         clock uncertainty           -0.035    36.449    
    SLICE_X12Y88         FDCE (Recov_fdce_C_CLR)     -0.319    36.130    dbg_hub/inst/BSCANID.u_xsdbm_id/CORE_XSDB.U_ICON/U_CMD/iTARGET_reg[8]
  -------------------------------------------------------------------
                         required time                         36.130    
                         arrival time                          -7.329    
  -------------------------------------------------------------------
                         slack                                 28.800    

Slack (MET) :             28.800ns  (required time - arrival time)
  Source:                 dbg_hub/inst/BSCANID.u_xsdbm_id/SWITCH_N_EXT_BSCAN.bscan_switch/state_reg[2]/C
                            (rising edge-triggered cell FDRE clocked by dbg_hub/inst/BSCANID.u_xsdbm_id/SWITCH_N_EXT_BSCAN.bscan_inst/SERIES7_BSCAN.bscan_inst/TCK  {rise@0.000ns fall@16.500ns period=33.000ns})
  Destination:            dbg_hub/inst/BSCANID.u_xsdbm_id/CORE_XSDB.U_ICON/U_CMD/iTARGET_reg[9]/CLR
                            (recovery check against rising-edge clock dbg_hub/inst/BSCANID.u_xsdbm_id/SWITCH_N_EXT_BSCAN.bscan_inst/SERIES7_BSCAN.bscan_inst/TCK  {rise@0.000ns fall@16.500ns period=33.000ns})
  Path Group:             **async_default**
  Path Type:              Recovery (Max at Slow Process Corner)
  Requirement:            33.000ns  (dbg_hub/inst/BSCANID.u_xsdbm_id/SWITCH_N_EXT_BSCAN.bscan_inst/SERIES7_BSCAN.bscan_inst/TCK rise@33.000ns - dbg_hub/inst/BSCANID.u_xsdbm_id/SWITCH_N_EXT_BSCAN.bscan_inst/SERIES7_BSCAN.bscan_inst/TCK rise@0.000ns)
  Data Path Delay:        3.818ns  (logic 1.139ns (29.829%)  route 2.679ns (70.171%))
  Logic Levels:           2  (LUT1=1 LUT4=1)
  Clock Path Skew:        -0.027ns (DCD - SCD + CPR)
    Destination Clock Delay (DCD):    3.075ns = ( 36.075 - 33.000 ) 
    Source Clock Delay      (SCD):    3.511ns
    Clock Pessimism Removal (CPR):    0.409ns
  Clock Uncertainty:      0.035ns  ((TSJ^2 + TIJ^2)^1/2 + DJ) / 2 + PE
    Total System Jitter     (TSJ):    0.071ns
    Total Input Jitter      (TIJ):    0.000ns
    Discrete Jitter          (DJ):    0.000ns
    Phase Error              (PE):    0.000ns

    Location             Delay type                Incr(ns)  Path(ns)    Netlist Resource(s)
  -------------------------------------------------------------------    -------------------
                         (clock dbg_hub/inst/BSCANID.u_xsdbm_id/SWITCH_N_EXT_BSCAN.bscan_inst/SERIES7_BSCAN.bscan_inst/TCK rise edge)
                                                      0.000     0.000 r  
    BSCAN_X0Y0           BSCANE2                      0.000     0.000 r  dbg_hub/inst/BSCANID.u_xsdbm_id/SWITCH_N_EXT_BSCAN.bscan_inst/SERIES7_BSCAN.bscan_inst/TCK
                         net (fo=1, routed)           1.741     1.741    dbg_hub/inst/BSCANID.u_xsdbm_id/tck_bs
    BUFGCTRL_X0Y0        BUFG (Prop_bufg_I_O)         0.101     1.842 r  dbg_hub/inst/BSCANID.u_xsdbm_id/SWITCH_N_EXT_BSCAN.u_bufg_icon_tck/O
                         net (fo=486, routed)         1.669     3.511    dbg_hub/inst/BSCANID.u_xsdbm_id/SWITCH_N_EXT_BSCAN.bscan_switch/s_bscan_tck
    SLICE_X12Y91         FDRE                                         r  dbg_hub/inst/BSCANID.u_xsdbm_id/SWITCH_N_EXT_BSCAN.bscan_switch/state_reg[2]/C
  -------------------------------------------------------------------    -------------------
    SLICE_X12Y91         FDRE (Prop_fdre_C_Q)         0.478     3.989 r  dbg_hub/inst/BSCANID.u_xsdbm_id/SWITCH_N_EXT_BSCAN.bscan_switch/state_reg[2]/Q
                         net (fo=50, routed)          1.559     5.548    dbg_hub/inst/BSCANID.u_xsdbm_id/SWITCH_N_EXT_BSCAN.bscan_switch/state[2]
    SLICE_X13Y88         LUT4 (Prop_lut4_I2_O)        0.329     5.877 r  dbg_hub/inst/BSCANID.u_xsdbm_id/SWITCH_N_EXT_BSCAN.bscan_switch/m_bscan_sel[0]_INST_0/O
                         net (fo=2, routed)           0.544     6.421    dbg_hub/inst/BSCANID.u_xsdbm_id/CORE_XSDB.U_ICON/U_CMD/iTARGET_reg[6]_0
    SLICE_X12Y88         LUT1 (Prop_lut1_I0_O)        0.332     6.753 f  dbg_hub/inst/BSCANID.u_xsdbm_id/CORE_XSDB.U_ICON/U_CMD/iTARGET[15]_i_2/O
                         net (fo=10, routed)          0.577     7.329    dbg_hub/inst/BSCANID.u_xsdbm_id/CORE_XSDB.U_ICON/U_CMD/iSEL_n
    SLICE_X12Y88         FDCE                                         f  dbg_hub/inst/BSCANID.u_xsdbm_id/CORE_XSDB.U_ICON/U_CMD/iTARGET_reg[9]/CLR
  -------------------------------------------------------------------    -------------------

                         (clock dbg_hub/inst/BSCANID.u_xsdbm_id/SWITCH_N_EXT_BSCAN.bscan_inst/SERIES7_BSCAN.bscan_inst/TCK rise edge)
                                                     33.000    33.000 r  
    BSCAN_X0Y0           BSCANE2                      0.000    33.000 r  dbg_hub/inst/BSCANID.u_xsdbm_id/SWITCH_N_EXT_BSCAN.bscan_inst/SERIES7_BSCAN.bscan_inst/TCK
                         net (fo=1, routed)           1.490    34.490    dbg_hub/inst/BSCANID.u_xsdbm_id/tck_bs
    BUFGCTRL_X0Y0        BUFG (Prop_bufg_I_O)         0.091    34.581 r  dbg_hub/inst/BSCANID.u_xsdbm_id/SWITCH_N_EXT_BSCAN.u_bufg_icon_tck/O
                         net (fo=486, routed)         1.494    36.075    dbg_hub/inst/BSCANID.u_xsdbm_id/CORE_XSDB.U_ICON/U_CMD/m_bscan_tck[0]
    SLICE_X12Y88         FDCE                                         r  dbg_hub/inst/BSCANID.u_xsdbm_id/CORE_XSDB.U_ICON/U_CMD/iTARGET_reg[9]/C
                         clock pessimism              0.409    36.484    
                         clock uncertainty           -0.035    36.449    
    SLICE_X12Y88         FDCE (Recov_fdce_C_CLR)     -0.319    36.130    dbg_hub/inst/BSCANID.u_xsdbm_id/CORE_XSDB.U_ICON/U_CMD/iTARGET_reg[9]
  -------------------------------------------------------------------
                         required time                         36.130    
                         arrival time                          -7.329    
  -------------------------------------------------------------------
                         slack                                 28.800    





Min Delay Paths
--------------------------------------------------------------------------------------
Slack (MET) :             0.359ns  (arrival time - required time)
  Source:                 dbg_hub/inst/BSCANID.u_xsdbm_id/CORE_XSDB.UUT_MASTER/U_ICON_INTERFACE/U_CMD6_RD/U_RD_FIFO/SUBCORE_FIFO.xsdbm_v3_0_0_rdfifo_inst/inst_fifo_gen/gconvfifo.rf/grf.rf/rstblk/ngwrdrst.grst.g7serrst.rd_rst_reg_reg[1]/C
                            (rising edge-triggered cell FDPE clocked by dbg_hub/inst/BSCANID.u_xsdbm_id/SWITCH_N_EXT_BSCAN.bscan_inst/SERIES7_BSCAN.bscan_inst/TCK  {rise@0.000ns fall@16.500ns period=33.000ns})
  Destination:            dbg_hub/inst/BSCANID.u_xsdbm_id/CORE_XSDB.UUT_MASTER/U_ICON_INTERFACE/U_CMD6_RD/U_RD_FIFO/SUBCORE_FIFO.xsdbm_v3_0_0_rdfifo_inst/inst_fifo_gen/gconvfifo.rf/grf.rf/gntv_or_sync_fifo.gcx.clkx/gnxpm_cdc.rd_pntr_gc_reg[0]/CLR
                            (removal check against rising-edge clock dbg_hub/inst/BSCANID.u_xsdbm_id/SWITCH_N_EXT_BSCAN.bscan_inst/SERIES7_BSCAN.bscan_inst/TCK  {rise@0.000ns fall@16.500ns period=33.000ns})
  Path Group:             **async_default**
  Path Type:              Removal (Min at Fast Process Corner)
  Requirement:            0.000ns  (dbg_hub/inst/BSCANID.u_xsdbm_id/SWITCH_N_EXT_BSCAN.bscan_inst/SERIES7_BSCAN.bscan_inst/TCK rise@0.000ns - dbg_hub/inst/BSCANID.u_xsdbm_id/SWITCH_N_EXT_BSCAN.bscan_inst/SERIES7_BSCAN.bscan_inst/TCK rise@0.000ns)
  Data Path Delay:        0.305ns  (logic 0.164ns (53.803%)  route 0.141ns (46.197%))
  Logic Levels:           0  
  Clock Path Skew:        0.013ns (DCD - SCD - CPR)
    Destination Clock Delay (DCD):    1.648ns
    Source Clock Delay      (SCD):    1.273ns
    Clock Pessimism Removal (CPR):    0.362ns

    Location             Delay type                Incr(ns)  Path(ns)    Netlist Resource(s)
  -------------------------------------------------------------------    -------------------
                         (clock dbg_hub/inst/BSCANID.u_xsdbm_id/SWITCH_N_EXT_BSCAN.bscan_inst/SERIES7_BSCAN.bscan_inst/TCK rise edge)
                                                      0.000     0.000 r  
    BSCAN_X0Y0           BSCANE2                      0.000     0.000 r  dbg_hub/inst/BSCANID.u_xsdbm_id/SWITCH_N_EXT_BSCAN.bscan_inst/SERIES7_BSCAN.bscan_inst/TCK
                         net (fo=1, routed)           0.688     0.688    dbg_hub/inst/BSCANID.u_xsdbm_id/tck_bs
    BUFGCTRL_X0Y0        BUFG (Prop_bufg_I_O)         0.026     0.714 r  dbg_hub/inst/BSCANID.u_xsdbm_id/SWITCH_N_EXT_BSCAN.u_bufg_icon_tck/O
                         net (fo=486, routed)         0.559     1.273    dbg_hub/inst/BSCANID.u_xsdbm_id/CORE_XSDB.UUT_MASTER/U_ICON_INTERFACE/U_CMD6_RD/U_RD_FIFO/SUBCORE_FIFO.xsdbm_v3_0_0_rdfifo_inst/inst_fifo_gen/gconvfifo.rf/grf.rf/rstblk/rd_clk
    SLICE_X6Y83          FDPE                                         r  dbg_hub/inst/BSCANID.u_xsdbm_id/CORE_XSDB.UUT_MASTER/U_ICON_INTERFACE/U_CMD6_RD/U_RD_FIFO/SUBCORE_FIFO.xsdbm_v3_0_0_rdfifo_inst/inst_fifo_gen/gconvfifo.rf/grf.rf/rstblk/ngwrdrst.grst.g7serrst.rd_rst_reg_reg[1]/C
  -------------------------------------------------------------------    -------------------
    SLICE_X6Y83          FDPE (Prop_fdpe_C_Q)         0.164     1.437 f  dbg_hub/inst/BSCANID.u_xsdbm_id/CORE_XSDB.UUT_MASTER/U_ICON_INTERFACE/U_CMD6_RD/U_RD_FIFO/SUBCORE_FIFO.xsdbm_v3_0_0_rdfifo_inst/inst_fifo_gen/gconvfifo.rf/grf.rf/rstblk/ngwrdrst.grst.g7serrst.rd_rst_reg_reg[1]/Q
                         net (fo=16, routed)          0.141     1.577    dbg_hub/inst/BSCANID.u_xsdbm_id/CORE_XSDB.UUT_MASTER/U_ICON_INTERFACE/U_CMD6_RD/U_RD_FIFO/SUBCORE_FIFO.xsdbm_v3_0_0_rdfifo_inst/inst_fifo_gen/gconvfifo.rf/grf.rf/gntv_or_sync_fifo.gcx.clkx/Q_reg_reg[0][0]
    SLICE_X6Y82          FDCE                                         f  dbg_hub/inst/BSCANID.u_xsdbm_id/CORE_XSDB.UUT_MASTER/U_ICON_INTERFACE/U_CMD6_RD/U_RD_FIFO/SUBCORE_FIFO.xsdbm_v3_0_0_rdfifo_inst/inst_fifo_gen/gconvfifo.rf/grf.rf/gntv_or_sync_fifo.gcx.clkx/gnxpm_cdc.rd_pntr_gc_reg[0]/CLR
  -------------------------------------------------------------------    -------------------

                         (clock dbg_hub/inst/BSCANID.u_xsdbm_id/SWITCH_N_EXT_BSCAN.bscan_inst/SERIES7_BSCAN.bscan_inst/TCK rise edge)
                                                      0.000     0.000 r  
    BSCAN_X0Y0           BSCANE2                      0.000     0.000 r  dbg_hub/inst/BSCANID.u_xsdbm_id/SWITCH_N_EXT_BSCAN.bscan_inst/SERIES7_BSCAN.bscan_inst/TCK
                         net (fo=1, routed)           0.794     0.794    dbg_hub/inst/BSCANID.u_xsdbm_id/tck_bs
    BUFGCTRL_X0Y0        BUFG (Prop_bufg_I_O)         0.029     0.823 r  dbg_hub/inst/BSCANID.u_xsdbm_id/SWITCH_N_EXT_BSCAN.u_bufg_icon_tck/O
                         net (fo=486, routed)         0.825     1.648    dbg_hub/inst/BSCANID.u_xsdbm_id/CORE_XSDB.UUT_MASTER/U_ICON_INTERFACE/U_CMD6_RD/U_RD_FIFO/SUBCORE_FIFO.xsdbm_v3_0_0_rdfifo_inst/inst_fifo_gen/gconvfifo.rf/grf.rf/gntv_or_sync_fifo.gcx.clkx/rd_clk
    SLICE_X6Y82          FDCE                                         r  dbg_hub/inst/BSCANID.u_xsdbm_id/CORE_XSDB.UUT_MASTER/U_ICON_INTERFACE/U_CMD6_RD/U_RD_FIFO/SUBCORE_FIFO.xsdbm_v3_0_0_rdfifo_inst/inst_fifo_gen/gconvfifo.rf/grf.rf/gntv_or_sync_fifo.gcx.clkx/gnxpm_cdc.rd_pntr_gc_reg[0]/C
                         clock pessimism             -0.362     1.286    
    SLICE_X6Y82          FDCE (Remov_fdce_C_CLR)     -0.067     1.219    dbg_hub/inst/BSCANID.u_xsdbm_id/CORE_XSDB.UUT_MASTER/U_ICON_INTERFACE/U_CMD6_RD/U_RD_FIFO/SUBCORE_FIFO.xsdbm_v3_0_0_rdfifo_inst/inst_fifo_gen/gconvfifo.rf/grf.rf/gntv_or_sync_fifo.gcx.clkx/gnxpm_cdc.rd_pntr_gc_reg[0]
  -------------------------------------------------------------------
                         required time                         -1.219    
                         arrival time                           1.577    
  -------------------------------------------------------------------
                         slack                                  0.359    

Slack (MET) :             0.359ns  (arrival time - required time)
  Source:                 dbg_hub/inst/BSCANID.u_xsdbm_id/CORE_XSDB.UUT_MASTER/U_ICON_INTERFACE/U_CMD6_RD/U_RD_FIFO/SUBCORE_FIFO.xsdbm_v3_0_0_rdfifo_inst/inst_fifo_gen/gconvfifo.rf/grf.rf/rstblk/ngwrdrst.grst.g7serrst.rd_rst_reg_reg[1]/C
                            (rising edge-triggered cell FDPE clocked by dbg_hub/inst/BSCANID.u_xsdbm_id/SWITCH_N_EXT_BSCAN.bscan_inst/SERIES7_BSCAN.bscan_inst/TCK  {rise@0.000ns fall@16.500ns period=33.000ns})
  Destination:            dbg_hub/inst/BSCANID.u_xsdbm_id/CORE_XSDB.UUT_MASTER/U_ICON_INTERFACE/U_CMD6_RD/U_RD_FIFO/SUBCORE_FIFO.xsdbm_v3_0_0_rdfifo_inst/inst_fifo_gen/gconvfifo.rf/grf.rf/gntv_or_sync_fifo.gcx.clkx/gnxpm_cdc.rd_pntr_gc_reg[2]/CLR
                            (removal check against rising-edge clock dbg_hub/inst/BSCANID.u_xsdbm_id/SWITCH_N_EXT_BSCAN.bscan_inst/SERIES7_BSCAN.bscan_inst/TCK  {rise@0.000ns fall@16.500ns period=33.000ns})
  Path Group:             **async_default**
  Path Type:              Removal (Min at Fast Process Corner)
  Requirement:            0.000ns  (dbg_hub/inst/BSCANID.u_xsdbm_id/SWITCH_N_EXT_BSCAN.bscan_inst/SERIES7_BSCAN.bscan_inst/TCK rise@0.000ns - dbg_hub/inst/BSCANID.u_xsdbm_id/SWITCH_N_EXT_BSCAN.bscan_inst/SERIES7_BSCAN.bscan_inst/TCK rise@0.000ns)
  Data Path Delay:        0.305ns  (logic 0.164ns (53.803%)  route 0.141ns (46.197%))
  Logic Levels:           0  
  Clock Path Skew:        0.013ns (DCD - SCD - CPR)
    Destination Clock Delay (DCD):    1.648ns
    Source Clock Delay      (SCD):    1.273ns
    Clock Pessimism Removal (CPR):    0.362ns

    Location             Delay type                Incr(ns)  Path(ns)    Netlist Resource(s)
  -------------------------------------------------------------------    -------------------
                         (clock dbg_hub/inst/BSCANID.u_xsdbm_id/SWITCH_N_EXT_BSCAN.bscan_inst/SERIES7_BSCAN.bscan_inst/TCK rise edge)
                                                      0.000     0.000 r  
    BSCAN_X0Y0           BSCANE2                      0.000     0.000 r  dbg_hub/inst/BSCANID.u_xsdbm_id/SWITCH_N_EXT_BSCAN.bscan_inst/SERIES7_BSCAN.bscan_inst/TCK
                         net (fo=1, routed)           0.688     0.688    dbg_hub/inst/BSCANID.u_xsdbm_id/tck_bs
    BUFGCTRL_X0Y0        BUFG (Prop_bufg_I_O)         0.026     0.714 r  dbg_hub/inst/BSCANID.u_xsdbm_id/SWITCH_N_EXT_BSCAN.u_bufg_icon_tck/O
                         net (fo=486, routed)         0.559     1.273    dbg_hub/inst/BSCANID.u_xsdbm_id/CORE_XSDB.UUT_MASTER/U_ICON_INTERFACE/U_CMD6_RD/U_RD_FIFO/SUBCORE_FIFO.xsdbm_v3_0_0_rdfifo_inst/inst_fifo_gen/gconvfifo.rf/grf.rf/rstblk/rd_clk
    SLICE_X6Y83          FDPE                                         r  dbg_hub/inst/BSCANID.u_xsdbm_id/CORE_XSDB.UUT_MASTER/U_ICON_INTERFACE/U_CMD6_RD/U_RD_FIFO/SUBCORE_FIFO.xsdbm_v3_0_0_rdfifo_inst/inst_fifo_gen/gconvfifo.rf/grf.rf/rstblk/ngwrdrst.grst.g7serrst.rd_rst_reg_reg[1]/C
  -------------------------------------------------------------------    -------------------
    SLICE_X6Y83          FDPE (Prop_fdpe_C_Q)         0.164     1.437 f  dbg_hub/inst/BSCANID.u_xsdbm_id/CORE_XSDB.UUT_MASTER/U_ICON_INTERFACE/U_CMD6_RD/U_RD_FIFO/SUBCORE_FIFO.xsdbm_v3_0_0_rdfifo_inst/inst_fifo_gen/gconvfifo.rf/grf.rf/rstblk/ngwrdrst.grst.g7serrst.rd_rst_reg_reg[1]/Q
                         net (fo=16, routed)          0.141     1.577    dbg_hub/inst/BSCANID.u_xsdbm_id/CORE_XSDB.UUT_MASTER/U_ICON_INTERFACE/U_CMD6_RD/U_RD_FIFO/SUBCORE_FIFO.xsdbm_v3_0_0_rdfifo_inst/inst_fifo_gen/gconvfifo.rf/grf.rf/gntv_or_sync_fifo.gcx.clkx/Q_reg_reg[0][0]
    SLICE_X6Y82          FDCE                                         f  dbg_hub/inst/BSCANID.u_xsdbm_id/CORE_XSDB.UUT_MASTER/U_ICON_INTERFACE/U_CMD6_RD/U_RD_FIFO/SUBCORE_FIFO.xsdbm_v3_0_0_rdfifo_inst/inst_fifo_gen/gconvfifo.rf/grf.rf/gntv_or_sync_fifo.gcx.clkx/gnxpm_cdc.rd_pntr_gc_reg[2]/CLR
  -------------------------------------------------------------------    -------------------

                         (clock dbg_hub/inst/BSCANID.u_xsdbm_id/SWITCH_N_EXT_BSCAN.bscan_inst/SERIES7_BSCAN.bscan_inst/TCK rise edge)
                                                      0.000     0.000 r  
    BSCAN_X0Y0           BSCANE2                      0.000     0.000 r  dbg_hub/inst/BSCANID.u_xsdbm_id/SWITCH_N_EXT_BSCAN.bscan_inst/SERIES7_BSCAN.bscan_inst/TCK
                         net (fo=1, routed)           0.794     0.794    dbg_hub/inst/BSCANID.u_xsdbm_id/tck_bs
    BUFGCTRL_X0Y0        BUFG (Prop_bufg_I_O)         0.029     0.823 r  dbg_hub/inst/BSCANID.u_xsdbm_id/SWITCH_N_EXT_BSCAN.u_bufg_icon_tck/O
                         net (fo=486, routed)         0.825     1.648    dbg_hub/inst/BSCANID.u_xsdbm_id/CORE_XSDB.UUT_MASTER/U_ICON_INTERFACE/U_CMD6_RD/U_RD_FIFO/SUBCORE_FIFO.xsdbm_v3_0_0_rdfifo_inst/inst_fifo_gen/gconvfifo.rf/grf.rf/gntv_or_sync_fifo.gcx.clkx/rd_clk
    SLICE_X6Y82          FDCE                                         r  dbg_hub/inst/BSCANID.u_xsdbm_id/CORE_XSDB.UUT_MASTER/U_ICON_INTERFACE/U_CMD6_RD/U_RD_FIFO/SUBCORE_FIFO.xsdbm_v3_0_0_rdfifo_inst/inst_fifo_gen/gconvfifo.rf/grf.rf/gntv_or_sync_fifo.gcx.clkx/gnxpm_cdc.rd_pntr_gc_reg[2]/C
                         clock pessimism             -0.362     1.286    
    SLICE_X6Y82          FDCE (Remov_fdce_C_CLR)     -0.067     1.219    dbg_hub/inst/BSCANID.u_xsdbm_id/CORE_XSDB.UUT_MASTER/U_ICON_INTERFACE/U_CMD6_RD/U_RD_FIFO/SUBCORE_FIFO.xsdbm_v3_0_0_rdfifo_inst/inst_fifo_gen/gconvfifo.rf/grf.rf/gntv_or_sync_fifo.gcx.clkx/gnxpm_cdc.rd_pntr_gc_reg[2]
  -------------------------------------------------------------------
                         required time                         -1.219    
                         arrival time                           1.577    
  -------------------------------------------------------------------
                         slack                                  0.359    

Slack (MET) :             0.359ns  (arrival time - required time)
  Source:                 dbg_hub/inst/BSCANID.u_xsdbm_id/CORE_XSDB.UUT_MASTER/U_ICON_INTERFACE/U_CMD6_RD/U_RD_FIFO/SUBCORE_FIFO.xsdbm_v3_0_0_rdfifo_inst/inst_fifo_gen/gconvfifo.rf/grf.rf/rstblk/ngwrdrst.grst.g7serrst.rd_rst_reg_reg[1]/C
                            (rising edge-triggered cell FDPE clocked by dbg_hub/inst/BSCANID.u_xsdbm_id/SWITCH_N_EXT_BSCAN.bscan_inst/SERIES7_BSCAN.bscan_inst/TCK  {rise@0.000ns fall@16.500ns period=33.000ns})
  Destination:            dbg_hub/inst/BSCANID.u_xsdbm_id/CORE_XSDB.UUT_MASTER/U_ICON_INTERFACE/U_CMD6_RD/U_RD_FIFO/SUBCORE_FIFO.xsdbm_v3_0_0_rdfifo_inst/inst_fifo_gen/gconvfifo.rf/grf.rf/gntv_or_sync_fifo.gcx.clkx/gnxpm_cdc.rd_pntr_gc_reg[3]/CLR
                            (removal check against rising-edge clock dbg_hub/inst/BSCANID.u_xsdbm_id/SWITCH_N_EXT_BSCAN.bscan_inst/SERIES7_BSCAN.bscan_inst/TCK  {rise@0.000ns fall@16.500ns period=33.000ns})
  Path Group:             **async_default**
  Path Type:              Removal (Min at Fast Process Corner)
  Requirement:            0.000ns  (dbg_hub/inst/BSCANID.u_xsdbm_id/SWITCH_N_EXT_BSCAN.bscan_inst/SERIES7_BSCAN.bscan_inst/TCK rise@0.000ns - dbg_hub/inst/BSCANID.u_xsdbm_id/SWITCH_N_EXT_BSCAN.bscan_inst/SERIES7_BSCAN.bscan_inst/TCK rise@0.000ns)
  Data Path Delay:        0.305ns  (logic 0.164ns (53.803%)  route 0.141ns (46.197%))
  Logic Levels:           0  
  Clock Path Skew:        0.013ns (DCD - SCD - CPR)
    Destination Clock Delay (DCD):    1.648ns
    Source Clock Delay      (SCD):    1.273ns
    Clock Pessimism Removal (CPR):    0.362ns

    Location             Delay type                Incr(ns)  Path(ns)    Netlist Resource(s)
  -------------------------------------------------------------------    -------------------
                         (clock dbg_hub/inst/BSCANID.u_xsdbm_id/SWITCH_N_EXT_BSCAN.bscan_inst/SERIES7_BSCAN.bscan_inst/TCK rise edge)
                                                      0.000     0.000 r  
    BSCAN_X0Y0           BSCANE2                      0.000     0.000 r  dbg_hub/inst/BSCANID.u_xsdbm_id/SWITCH_N_EXT_BSCAN.bscan_inst/SERIES7_BSCAN.bscan_inst/TCK
                         net (fo=1, routed)           0.688     0.688    dbg_hub/inst/BSCANID.u_xsdbm_id/tck_bs
    BUFGCTRL_X0Y0        BUFG (Prop_bufg_I_O)         0.026     0.714 r  dbg_hub/inst/BSCANID.u_xsdbm_id/SWITCH_N_EXT_BSCAN.u_bufg_icon_tck/O
                         net (fo=486, routed)         0.559     1.273    dbg_hub/inst/BSCANID.u_xsdbm_id/CORE_XSDB.UUT_MASTER/U_ICON_INTERFACE/U_CMD6_RD/U_RD_FIFO/SUBCORE_FIFO.xsdbm_v3_0_0_rdfifo_inst/inst_fifo_gen/gconvfifo.rf/grf.rf/rstblk/rd_clk
    SLICE_X6Y83          FDPE                                         r  dbg_hub/inst/BSCANID.u_xsdbm_id/CORE_XSDB.UUT_MASTER/U_ICON_INTERFACE/U_CMD6_RD/U_RD_FIFO/SUBCORE_FIFO.xsdbm_v3_0_0_rdfifo_inst/inst_fifo_gen/gconvfifo.rf/grf.rf/rstblk/ngwrdrst.grst.g7serrst.rd_rst_reg_reg[1]/C
  -------------------------------------------------------------------    -------------------
    SLICE_X6Y83          FDPE (Prop_fdpe_C_Q)         0.164     1.437 f  dbg_hub/inst/BSCANID.u_xsdbm_id/CORE_XSDB.UUT_MASTER/U_ICON_INTERFACE/U_CMD6_RD/U_RD_FIFO/SUBCORE_FIFO.xsdbm_v3_0_0_rdfifo_inst/inst_fifo_gen/gconvfifo.rf/grf.rf/rstblk/ngwrdrst.grst.g7serrst.rd_rst_reg_reg[1]/Q
                         net (fo=16, routed)          0.141     1.577    dbg_hub/inst/BSCANID.u_xsdbm_id/CORE_XSDB.UUT_MASTER/U_ICON_INTERFACE/U_CMD6_RD/U_RD_FIFO/SUBCORE_FIFO.xsdbm_v3_0_0_rdfifo_inst/inst_fifo_gen/gconvfifo.rf/grf.rf/gntv_or_sync_fifo.gcx.clkx/Q_reg_reg[0][0]
    SLICE_X6Y82          FDCE                                         f  dbg_hub/inst/BSCANID.u_xsdbm_id/CORE_XSDB.UUT_MASTER/U_ICON_INTERFACE/U_CMD6_RD/U_RD_FIFO/SUBCORE_FIFO.xsdbm_v3_0_0_rdfifo_inst/inst_fifo_gen/gconvfifo.rf/grf.rf/gntv_or_sync_fifo.gcx.clkx/gnxpm_cdc.rd_pntr_gc_reg[3]/CLR
  -------------------------------------------------------------------    -------------------

                         (clock dbg_hub/inst/BSCANID.u_xsdbm_id/SWITCH_N_EXT_BSCAN.bscan_inst/SERIES7_BSCAN.bscan_inst/TCK rise edge)
                                                      0.000     0.000 r  
    BSCAN_X0Y0           BSCANE2                      0.000     0.000 r  dbg_hub/inst/BSCANID.u_xsdbm_id/SWITCH_N_EXT_BSCAN.bscan_inst/SERIES7_BSCAN.bscan_inst/TCK
                         net (fo=1, routed)           0.794     0.794    dbg_hub/inst/BSCANID.u_xsdbm_id/tck_bs
    BUFGCTRL_X0Y0        BUFG (Prop_bufg_I_O)         0.029     0.823 r  dbg_hub/inst/BSCANID.u_xsdbm_id/SWITCH_N_EXT_BSCAN.u_bufg_icon_tck/O
                         net (fo=486, routed)         0.825     1.648    dbg_hub/inst/BSCANID.u_xsdbm_id/CORE_XSDB.UUT_MASTER/U_ICON_INTERFACE/U_CMD6_RD/U_RD_FIFO/SUBCORE_FIFO.xsdbm_v3_0_0_rdfifo_inst/inst_fifo_gen/gconvfifo.rf/grf.rf/gntv_or_sync_fifo.gcx.clkx/rd_clk
    SLICE_X6Y82          FDCE                                         r  dbg_hub/inst/BSCANID.u_xsdbm_id/CORE_XSDB.UUT_MASTER/U_ICON_INTERFACE/U_CMD6_RD/U_RD_FIFO/SUBCORE_FIFO.xsdbm_v3_0_0_rdfifo_inst/inst_fifo_gen/gconvfifo.rf/grf.rf/gntv_or_sync_fifo.gcx.clkx/gnxpm_cdc.rd_pntr_gc_reg[3]/C
                         clock pessimism             -0.362     1.286    
    SLICE_X6Y82          FDCE (Remov_fdce_C_CLR)     -0.067     1.219    dbg_hub/inst/BSCANID.u_xsdbm_id/CORE_XSDB.UUT_MASTER/U_ICON_INTERFACE/U_CMD6_RD/U_RD_FIFO/SUBCORE_FIFO.xsdbm_v3_0_0_rdfifo_inst/inst_fifo_gen/gconvfifo.rf/grf.rf/gntv_or_sync_fifo.gcx.clkx/gnxpm_cdc.rd_pntr_gc_reg[3]
  -------------------------------------------------------------------
                         required time                         -1.219    
                         arrival time                           1.577    
  -------------------------------------------------------------------
                         slack                                  0.359    

Slack (MET) :             0.359ns  (arrival time - required time)
  Source:                 dbg_hub/inst/BSCANID.u_xsdbm_id/CORE_XSDB.UUT_MASTER/U_ICON_INTERFACE/U_CMD6_RD/U_RD_FIFO/SUBCORE_FIFO.xsdbm_v3_0_0_rdfifo_inst/inst_fifo_gen/gconvfifo.rf/grf.rf/rstblk/ngwrdrst.grst.g7serrst.rd_rst_reg_reg[1]/C
                            (rising edge-triggered cell FDPE clocked by dbg_hub/inst/BSCANID.u_xsdbm_id/SWITCH_N_EXT_BSCAN.bscan_inst/SERIES7_BSCAN.bscan_inst/TCK  {rise@0.000ns fall@16.500ns period=33.000ns})
  Destination:            dbg_hub/inst/BSCANID.u_xsdbm_id/CORE_XSDB.UUT_MASTER/U_ICON_INTERFACE/U_CMD6_RD/U_RD_FIFO/SUBCORE_FIFO.xsdbm_v3_0_0_rdfifo_inst/inst_fifo_gen/gconvfifo.rf/grf.rf/gntv_or_sync_fifo.gcx.clkx/gnxpm_cdc.wr_pntr_bin_reg[0]/CLR
                            (removal check against rising-edge clock dbg_hub/inst/BSCANID.u_xsdbm_id/SWITCH_N_EXT_BSCAN.bscan_inst/SERIES7_BSCAN.bscan_inst/TCK  {rise@0.000ns fall@16.500ns period=33.000ns})
  Path Group:             **async_default**
  Path Type:              Removal (Min at Fast Process Corner)
  Requirement:            0.000ns  (dbg_hub/inst/BSCANID.u_xsdbm_id/SWITCH_N_EXT_BSCAN.bscan_inst/SERIES7_BSCAN.bscan_inst/TCK rise@0.000ns - dbg_hub/inst/BSCANID.u_xsdbm_id/SWITCH_N_EXT_BSCAN.bscan_inst/SERIES7_BSCAN.bscan_inst/TCK rise@0.000ns)
  Data Path Delay:        0.305ns  (logic 0.164ns (53.803%)  route 0.141ns (46.197%))
  Logic Levels:           0  
  Clock Path Skew:        0.013ns (DCD - SCD - CPR)
    Destination Clock Delay (DCD):    1.648ns
    Source Clock Delay      (SCD):    1.273ns
    Clock Pessimism Removal (CPR):    0.362ns

    Location             Delay type                Incr(ns)  Path(ns)    Netlist Resource(s)
  -------------------------------------------------------------------    -------------------
                         (clock dbg_hub/inst/BSCANID.u_xsdbm_id/SWITCH_N_EXT_BSCAN.bscan_inst/SERIES7_BSCAN.bscan_inst/TCK rise edge)
                                                      0.000     0.000 r  
    BSCAN_X0Y0           BSCANE2                      0.000     0.000 r  dbg_hub/inst/BSCANID.u_xsdbm_id/SWITCH_N_EXT_BSCAN.bscan_inst/SERIES7_BSCAN.bscan_inst/TCK
                         net (fo=1, routed)           0.688     0.688    dbg_hub/inst/BSCANID.u_xsdbm_id/tck_bs
    BUFGCTRL_X0Y0        BUFG (Prop_bufg_I_O)         0.026     0.714 r  dbg_hub/inst/BSCANID.u_xsdbm_id/SWITCH_N_EXT_BSCAN.u_bufg_icon_tck/O
                         net (fo=486, routed)         0.559     1.273    dbg_hub/inst/BSCANID.u_xsdbm_id/CORE_XSDB.UUT_MASTER/U_ICON_INTERFACE/U_CMD6_RD/U_RD_FIFO/SUBCORE_FIFO.xsdbm_v3_0_0_rdfifo_inst/inst_fifo_gen/gconvfifo.rf/grf.rf/rstblk/rd_clk
    SLICE_X6Y83          FDPE                                         r  dbg_hub/inst/BSCANID.u_xsdbm_id/CORE_XSDB.UUT_MASTER/U_ICON_INTERFACE/U_CMD6_RD/U_RD_FIFO/SUBCORE_FIFO.xsdbm_v3_0_0_rdfifo_inst/inst_fifo_gen/gconvfifo.rf/grf.rf/rstblk/ngwrdrst.grst.g7serrst.rd_rst_reg_reg[1]/C
  -------------------------------------------------------------------    -------------------
    SLICE_X6Y83          FDPE (Prop_fdpe_C_Q)         0.164     1.437 f  dbg_hub/inst/BSCANID.u_xsdbm_id/CORE_XSDB.UUT_MASTER/U_ICON_INTERFACE/U_CMD6_RD/U_RD_FIFO/SUBCORE_FIFO.xsdbm_v3_0_0_rdfifo_inst/inst_fifo_gen/gconvfifo.rf/grf.rf/rstblk/ngwrdrst.grst.g7serrst.rd_rst_reg_reg[1]/Q
                         net (fo=16, routed)          0.141     1.577    dbg_hub/inst/BSCANID.u_xsdbm_id/CORE_XSDB.UUT_MASTER/U_ICON_INTERFACE/U_CMD6_RD/U_RD_FIFO/SUBCORE_FIFO.xsdbm_v3_0_0_rdfifo_inst/inst_fifo_gen/gconvfifo.rf/grf.rf/gntv_or_sync_fifo.gcx.clkx/Q_reg_reg[0][0]
    SLICE_X6Y82          FDCE                                         f  dbg_hub/inst/BSCANID.u_xsdbm_id/CORE_XSDB.UUT_MASTER/U_ICON_INTERFACE/U_CMD6_RD/U_RD_FIFO/SUBCORE_FIFO.xsdbm_v3_0_0_rdfifo_inst/inst_fifo_gen/gconvfifo.rf/grf.rf/gntv_or_sync_fifo.gcx.clkx/gnxpm_cdc.wr_pntr_bin_reg[0]/CLR
  -------------------------------------------------------------------    -------------------

                         (clock dbg_hub/inst/BSCANID.u_xsdbm_id/SWITCH_N_EXT_BSCAN.bscan_inst/SERIES7_BSCAN.bscan_inst/TCK rise edge)
                                                      0.000     0.000 r  
    BSCAN_X0Y0           BSCANE2                      0.000     0.000 r  dbg_hub/inst/BSCANID.u_xsdbm_id/SWITCH_N_EXT_BSCAN.bscan_inst/SERIES7_BSCAN.bscan_inst/TCK
                         net (fo=1, routed)           0.794     0.794    dbg_hub/inst/BSCANID.u_xsdbm_id/tck_bs
    BUFGCTRL_X0Y0        BUFG (Prop_bufg_I_O)         0.029     0.823 r  dbg_hub/inst/BSCANID.u_xsdbm_id/SWITCH_N_EXT_BSCAN.u_bufg_icon_tck/O
                         net (fo=486, routed)         0.825     1.648    dbg_hub/inst/BSCANID.u_xsdbm_id/CORE_XSDB.UUT_MASTER/U_ICON_INTERFACE/U_CMD6_RD/U_RD_FIFO/SUBCORE_FIFO.xsdbm_v3_0_0_rdfifo_inst/inst_fifo_gen/gconvfifo.rf/grf.rf/gntv_or_sync_fifo.gcx.clkx/rd_clk
    SLICE_X6Y82          FDCE                                         r  dbg_hub/inst/BSCANID.u_xsdbm_id/CORE_XSDB.UUT_MASTER/U_ICON_INTERFACE/U_CMD6_RD/U_RD_FIFO/SUBCORE_FIFO.xsdbm_v3_0_0_rdfifo_inst/inst_fifo_gen/gconvfifo.rf/grf.rf/gntv_or_sync_fifo.gcx.clkx/gnxpm_cdc.wr_pntr_bin_reg[0]/C
                         clock pessimism             -0.362     1.286    
    SLICE_X6Y82          FDCE (Remov_fdce_C_CLR)     -0.067     1.219    dbg_hub/inst/BSCANID.u_xsdbm_id/CORE_XSDB.UUT_MASTER/U_ICON_INTERFACE/U_CMD6_RD/U_RD_FIFO/SUBCORE_FIFO.xsdbm_v3_0_0_rdfifo_inst/inst_fifo_gen/gconvfifo.rf/grf.rf/gntv_or_sync_fifo.gcx.clkx/gnxpm_cdc.wr_pntr_bin_reg[0]
  -------------------------------------------------------------------
                         required time                         -1.219    
                         arrival time                           1.577    
  -------------------------------------------------------------------
                         slack                                  0.359    

Slack (MET) :             0.359ns  (arrival time - required time)
  Source:                 dbg_hub/inst/BSCANID.u_xsdbm_id/CORE_XSDB.UUT_MASTER/U_ICON_INTERFACE/U_CMD6_RD/U_RD_FIFO/SUBCORE_FIFO.xsdbm_v3_0_0_rdfifo_inst/inst_fifo_gen/gconvfifo.rf/grf.rf/rstblk/ngwrdrst.grst.g7serrst.rd_rst_reg_reg[1]/C
                            (rising edge-triggered cell FDPE clocked by dbg_hub/inst/BSCANID.u_xsdbm_id/SWITCH_N_EXT_BSCAN.bscan_inst/SERIES7_BSCAN.bscan_inst/TCK  {rise@0.000ns fall@16.500ns period=33.000ns})
  Destination:            dbg_hub/inst/BSCANID.u_xsdbm_id/CORE_XSDB.UUT_MASTER/U_ICON_INTERFACE/U_CMD6_RD/U_RD_FIFO/SUBCORE_FIFO.xsdbm_v3_0_0_rdfifo_inst/inst_fifo_gen/gconvfifo.rf/grf.rf/gntv_or_sync_fifo.gcx.clkx/gnxpm_cdc.wr_pntr_bin_reg[1]/CLR
                            (removal check against rising-edge clock dbg_hub/inst/BSCANID.u_xsdbm_id/SWITCH_N_EXT_BSCAN.bscan_inst/SERIES7_BSCAN.bscan_inst/TCK  {rise@0.000ns fall@16.500ns period=33.000ns})
  Path Group:             **async_default**
  Path Type:              Removal (Min at Fast Process Corner)
  Requirement:            0.000ns  (dbg_hub/inst/BSCANID.u_xsdbm_id/SWITCH_N_EXT_BSCAN.bscan_inst/SERIES7_BSCAN.bscan_inst/TCK rise@0.000ns - dbg_hub/inst/BSCANID.u_xsdbm_id/SWITCH_N_EXT_BSCAN.bscan_inst/SERIES7_BSCAN.bscan_inst/TCK rise@0.000ns)
  Data Path Delay:        0.305ns  (logic 0.164ns (53.803%)  route 0.141ns (46.197%))
  Logic Levels:           0  
  Clock Path Skew:        0.013ns (DCD - SCD - CPR)
    Destination Clock Delay (DCD):    1.648ns
    Source Clock Delay      (SCD):    1.273ns
    Clock Pessimism Removal (CPR):    0.362ns

    Location             Delay type                Incr(ns)  Path(ns)    Netlist Resource(s)
  -------------------------------------------------------------------    -------------------
                         (clock dbg_hub/inst/BSCANID.u_xsdbm_id/SWITCH_N_EXT_BSCAN.bscan_inst/SERIES7_BSCAN.bscan_inst/TCK rise edge)
                                                      0.000     0.000 r  
    BSCAN_X0Y0           BSCANE2                      0.000     0.000 r  dbg_hub/inst/BSCANID.u_xsdbm_id/SWITCH_N_EXT_BSCAN.bscan_inst/SERIES7_BSCAN.bscan_inst/TCK
                         net (fo=1, routed)           0.688     0.688    dbg_hub/inst/BSCANID.u_xsdbm_id/tck_bs
    BUFGCTRL_X0Y0        BUFG (Prop_bufg_I_O)         0.026     0.714 r  dbg_hub/inst/BSCANID.u_xsdbm_id/SWITCH_N_EXT_BSCAN.u_bufg_icon_tck/O
                         net (fo=486, routed)         0.559     1.273    dbg_hub/inst/BSCANID.u_xsdbm_id/CORE_XSDB.UUT_MASTER/U_ICON_INTERFACE/U_CMD6_RD/U_RD_FIFO/SUBCORE_FIFO.xsdbm_v3_0_0_rdfifo_inst/inst_fifo_gen/gconvfifo.rf/grf.rf/rstblk/rd_clk
    SLICE_X6Y83          FDPE                                         r  dbg_hub/inst/BSCANID.u_xsdbm_id/CORE_XSDB.UUT_MASTER/U_ICON_INTERFACE/U_CMD6_RD/U_RD_FIFO/SUBCORE_FIFO.xsdbm_v3_0_0_rdfifo_inst/inst_fifo_gen/gconvfifo.rf/grf.rf/rstblk/ngwrdrst.grst.g7serrst.rd_rst_reg_reg[1]/C
  -------------------------------------------------------------------    -------------------
    SLICE_X6Y83          FDPE (Prop_fdpe_C_Q)         0.164     1.437 f  dbg_hub/inst/BSCANID.u_xsdbm_id/CORE_XSDB.UUT_MASTER/U_ICON_INTERFACE/U_CMD6_RD/U_RD_FIFO/SUBCORE_FIFO.xsdbm_v3_0_0_rdfifo_inst/inst_fifo_gen/gconvfifo.rf/grf.rf/rstblk/ngwrdrst.grst.g7serrst.rd_rst_reg_reg[1]/Q
                         net (fo=16, routed)          0.141     1.577    dbg_hub/inst/BSCANID.u_xsdbm_id/CORE_XSDB.UUT_MASTER/U_ICON_INTERFACE/U_CMD6_RD/U_RD_FIFO/SUBCORE_FIFO.xsdbm_v3_0_0_rdfifo_inst/inst_fifo_gen/gconvfifo.rf/grf.rf/gntv_or_sync_fifo.gcx.clkx/Q_reg_reg[0][0]
    SLICE_X6Y82          FDCE                                         f  dbg_hub/inst/BSCANID.u_xsdbm_id/CORE_XSDB.UUT_MASTER/U_ICON_INTERFACE/U_CMD6_RD/U_RD_FIFO/SUBCORE_FIFO.xsdbm_v3_0_0_rdfifo_inst/inst_fifo_gen/gconvfifo.rf/grf.rf/gntv_or_sync_fifo.gcx.clkx/gnxpm_cdc.wr_pntr_bin_reg[1]/CLR
  -------------------------------------------------------------------    -------------------

                         (clock dbg_hub/inst/BSCANID.u_xsdbm_id/SWITCH_N_EXT_BSCAN.bscan_inst/SERIES7_BSCAN.bscan_inst/TCK rise edge)
                                                      0.000     0.000 r  
    BSCAN_X0Y0           BSCANE2                      0.000     0.000 r  dbg_hub/inst/BSCANID.u_xsdbm_id/SWITCH_N_EXT_BSCAN.bscan_inst/SERIES7_BSCAN.bscan_inst/TCK
                         net (fo=1, routed)           0.794     0.794    dbg_hub/inst/BSCANID.u_xsdbm_id/tck_bs
    BUFGCTRL_X0Y0        BUFG (Prop_bufg_I_O)         0.029     0.823 r  dbg_hub/inst/BSCANID.u_xsdbm_id/SWITCH_N_EXT_BSCAN.u_bufg_icon_tck/O
                         net (fo=486, routed)         0.825     1.648    dbg_hub/inst/BSCANID.u_xsdbm_id/CORE_XSDB.UUT_MASTER/U_ICON_INTERFACE/U_CMD6_RD/U_RD_FIFO/SUBCORE_FIFO.xsdbm_v3_0_0_rdfifo_inst/inst_fifo_gen/gconvfifo.rf/grf.rf/gntv_or_sync_fifo.gcx.clkx/rd_clk
    SLICE_X6Y82          FDCE                                         r  dbg_hub/inst/BSCANID.u_xsdbm_id/CORE_XSDB.UUT_MASTER/U_ICON_INTERFACE/U_CMD6_RD/U_RD_FIFO/SUBCORE_FIFO.xsdbm_v3_0_0_rdfifo_inst/inst_fifo_gen/gconvfifo.rf/grf.rf/gntv_or_sync_fifo.gcx.clkx/gnxpm_cdc.wr_pntr_bin_reg[1]/C
                         clock pessimism             -0.362     1.286    
    SLICE_X6Y82          FDCE (Remov_fdce_C_CLR)     -0.067     1.219    dbg_hub/inst/BSCANID.u_xsdbm_id/CORE_XSDB.UUT_MASTER/U_ICON_INTERFACE/U_CMD6_RD/U_RD_FIFO/SUBCORE_FIFO.xsdbm_v3_0_0_rdfifo_inst/inst_fifo_gen/gconvfifo.rf/grf.rf/gntv_or_sync_fifo.gcx.clkx/gnxpm_cdc.wr_pntr_bin_reg[1]
  -------------------------------------------------------------------
                         required time                         -1.219    
                         arrival time                           1.577    
  -------------------------------------------------------------------
                         slack                                  0.359    

Slack (MET) :             0.359ns  (arrival time - required time)
  Source:                 dbg_hub/inst/BSCANID.u_xsdbm_id/CORE_XSDB.UUT_MASTER/U_ICON_INTERFACE/U_CMD6_RD/U_RD_FIFO/SUBCORE_FIFO.xsdbm_v3_0_0_rdfifo_inst/inst_fifo_gen/gconvfifo.rf/grf.rf/rstblk/ngwrdrst.grst.g7serrst.rd_rst_reg_reg[1]/C
                            (rising edge-triggered cell FDPE clocked by dbg_hub/inst/BSCANID.u_xsdbm_id/SWITCH_N_EXT_BSCAN.bscan_inst/SERIES7_BSCAN.bscan_inst/TCK  {rise@0.000ns fall@16.500ns period=33.000ns})
  Destination:            dbg_hub/inst/BSCANID.u_xsdbm_id/CORE_XSDB.UUT_MASTER/U_ICON_INTERFACE/U_CMD6_RD/U_RD_FIFO/SUBCORE_FIFO.xsdbm_v3_0_0_rdfifo_inst/inst_fifo_gen/gconvfifo.rf/grf.rf/gntv_or_sync_fifo.gcx.clkx/gnxpm_cdc.wr_pntr_bin_reg[2]/CLR
                            (removal check against rising-edge clock dbg_hub/inst/BSCANID.u_xsdbm_id/SWITCH_N_EXT_BSCAN.bscan_inst/SERIES7_BSCAN.bscan_inst/TCK  {rise@0.000ns fall@16.500ns period=33.000ns})
  Path Group:             **async_default**
  Path Type:              Removal (Min at Fast Process Corner)
  Requirement:            0.000ns  (dbg_hub/inst/BSCANID.u_xsdbm_id/SWITCH_N_EXT_BSCAN.bscan_inst/SERIES7_BSCAN.bscan_inst/TCK rise@0.000ns - dbg_hub/inst/BSCANID.u_xsdbm_id/SWITCH_N_EXT_BSCAN.bscan_inst/SERIES7_BSCAN.bscan_inst/TCK rise@0.000ns)
  Data Path Delay:        0.305ns  (logic 0.164ns (53.803%)  route 0.141ns (46.197%))
  Logic Levels:           0  
  Clock Path Skew:        0.013ns (DCD - SCD - CPR)
    Destination Clock Delay (DCD):    1.648ns
    Source Clock Delay      (SCD):    1.273ns
    Clock Pessimism Removal (CPR):    0.362ns

    Location             Delay type                Incr(ns)  Path(ns)    Netlist Resource(s)
  -------------------------------------------------------------------    -------------------
                         (clock dbg_hub/inst/BSCANID.u_xsdbm_id/SWITCH_N_EXT_BSCAN.bscan_inst/SERIES7_BSCAN.bscan_inst/TCK rise edge)
                                                      0.000     0.000 r  
    BSCAN_X0Y0           BSCANE2                      0.000     0.000 r  dbg_hub/inst/BSCANID.u_xsdbm_id/SWITCH_N_EXT_BSCAN.bscan_inst/SERIES7_BSCAN.bscan_inst/TCK
                         net (fo=1, routed)           0.688     0.688    dbg_hub/inst/BSCANID.u_xsdbm_id/tck_bs
    BUFGCTRL_X0Y0        BUFG (Prop_bufg_I_O)         0.026     0.714 r  dbg_hub/inst/BSCANID.u_xsdbm_id/SWITCH_N_EXT_BSCAN.u_bufg_icon_tck/O
                         net (fo=486, routed)         0.559     1.273    dbg_hub/inst/BSCANID.u_xsdbm_id/CORE_XSDB.UUT_MASTER/U_ICON_INTERFACE/U_CMD6_RD/U_RD_FIFO/SUBCORE_FIFO.xsdbm_v3_0_0_rdfifo_inst/inst_fifo_gen/gconvfifo.rf/grf.rf/rstblk/rd_clk
    SLICE_X6Y83          FDPE                                         r  dbg_hub/inst/BSCANID.u_xsdbm_id/CORE_XSDB.UUT_MASTER/U_ICON_INTERFACE/U_CMD6_RD/U_RD_FIFO/SUBCORE_FIFO.xsdbm_v3_0_0_rdfifo_inst/inst_fifo_gen/gconvfifo.rf/grf.rf/rstblk/ngwrdrst.grst.g7serrst.rd_rst_reg_reg[1]/C
  -------------------------------------------------------------------    -------------------
    SLICE_X6Y83          FDPE (Prop_fdpe_C_Q)         0.164     1.437 f  dbg_hub/inst/BSCANID.u_xsdbm_id/CORE_XSDB.UUT_MASTER/U_ICON_INTERFACE/U_CMD6_RD/U_RD_FIFO/SUBCORE_FIFO.xsdbm_v3_0_0_rdfifo_inst/inst_fifo_gen/gconvfifo.rf/grf.rf/rstblk/ngwrdrst.grst.g7serrst.rd_rst_reg_reg[1]/Q
                         net (fo=16, routed)          0.141     1.577    dbg_hub/inst/BSCANID.u_xsdbm_id/CORE_XSDB.UUT_MASTER/U_ICON_INTERFACE/U_CMD6_RD/U_RD_FIFO/SUBCORE_FIFO.xsdbm_v3_0_0_rdfifo_inst/inst_fifo_gen/gconvfifo.rf/grf.rf/gntv_or_sync_fifo.gcx.clkx/Q_reg_reg[0][0]
    SLICE_X6Y82          FDCE                                         f  dbg_hub/inst/BSCANID.u_xsdbm_id/CORE_XSDB.UUT_MASTER/U_ICON_INTERFACE/U_CMD6_RD/U_RD_FIFO/SUBCORE_FIFO.xsdbm_v3_0_0_rdfifo_inst/inst_fifo_gen/gconvfifo.rf/grf.rf/gntv_or_sync_fifo.gcx.clkx/gnxpm_cdc.wr_pntr_bin_reg[2]/CLR
  -------------------------------------------------------------------    -------------------

                         (clock dbg_hub/inst/BSCANID.u_xsdbm_id/SWITCH_N_EXT_BSCAN.bscan_inst/SERIES7_BSCAN.bscan_inst/TCK rise edge)
                                                      0.000     0.000 r  
    BSCAN_X0Y0           BSCANE2                      0.000     0.000 r  dbg_hub/inst/BSCANID.u_xsdbm_id/SWITCH_N_EXT_BSCAN.bscan_inst/SERIES7_BSCAN.bscan_inst/TCK
                         net (fo=1, routed)           0.794     0.794    dbg_hub/inst/BSCANID.u_xsdbm_id/tck_bs
    BUFGCTRL_X0Y0        BUFG (Prop_bufg_I_O)         0.029     0.823 r  dbg_hub/inst/BSCANID.u_xsdbm_id/SWITCH_N_EXT_BSCAN.u_bufg_icon_tck/O
                         net (fo=486, routed)         0.825     1.648    dbg_hub/inst/BSCANID.u_xsdbm_id/CORE_XSDB.UUT_MASTER/U_ICON_INTERFACE/U_CMD6_RD/U_RD_FIFO/SUBCORE_FIFO.xsdbm_v3_0_0_rdfifo_inst/inst_fifo_gen/gconvfifo.rf/grf.rf/gntv_or_sync_fifo.gcx.clkx/rd_clk
    SLICE_X6Y82          FDCE                                         r  dbg_hub/inst/BSCANID.u_xsdbm_id/CORE_XSDB.UUT_MASTER/U_ICON_INTERFACE/U_CMD6_RD/U_RD_FIFO/SUBCORE_FIFO.xsdbm_v3_0_0_rdfifo_inst/inst_fifo_gen/gconvfifo.rf/grf.rf/gntv_or_sync_fifo.gcx.clkx/gnxpm_cdc.wr_pntr_bin_reg[2]/C
                         clock pessimism             -0.362     1.286    
    SLICE_X6Y82          FDCE (Remov_fdce_C_CLR)     -0.067     1.219    dbg_hub/inst/BSCANID.u_xsdbm_id/CORE_XSDB.UUT_MASTER/U_ICON_INTERFACE/U_CMD6_RD/U_RD_FIFO/SUBCORE_FIFO.xsdbm_v3_0_0_rdfifo_inst/inst_fifo_gen/gconvfifo.rf/grf.rf/gntv_or_sync_fifo.gcx.clkx/gnxpm_cdc.wr_pntr_bin_reg[2]
  -------------------------------------------------------------------
                         required time                         -1.219    
                         arrival time                           1.577    
  -------------------------------------------------------------------
                         slack                                  0.359    

Slack (MET) :             0.359ns  (arrival time - required time)
  Source:                 dbg_hub/inst/BSCANID.u_xsdbm_id/CORE_XSDB.UUT_MASTER/U_ICON_INTERFACE/U_CMD6_RD/U_RD_FIFO/SUBCORE_FIFO.xsdbm_v3_0_0_rdfifo_inst/inst_fifo_gen/gconvfifo.rf/grf.rf/rstblk/ngwrdrst.grst.g7serrst.rd_rst_reg_reg[1]/C
                            (rising edge-triggered cell FDPE clocked by dbg_hub/inst/BSCANID.u_xsdbm_id/SWITCH_N_EXT_BSCAN.bscan_inst/SERIES7_BSCAN.bscan_inst/TCK  {rise@0.000ns fall@16.500ns period=33.000ns})
  Destination:            dbg_hub/inst/BSCANID.u_xsdbm_id/CORE_XSDB.UUT_MASTER/U_ICON_INTERFACE/U_CMD6_RD/U_RD_FIFO/SUBCORE_FIFO.xsdbm_v3_0_0_rdfifo_inst/inst_fifo_gen/gconvfifo.rf/grf.rf/gntv_or_sync_fifo.gcx.clkx/gnxpm_cdc.wr_pntr_bin_reg[3]/CLR
                            (removal check against rising-edge clock dbg_hub/inst/BSCANID.u_xsdbm_id/SWITCH_N_EXT_BSCAN.bscan_inst/SERIES7_BSCAN.bscan_inst/TCK  {rise@0.000ns fall@16.500ns period=33.000ns})
  Path Group:             **async_default**
  Path Type:              Removal (Min at Fast Process Corner)
  Requirement:            0.000ns  (dbg_hub/inst/BSCANID.u_xsdbm_id/SWITCH_N_EXT_BSCAN.bscan_inst/SERIES7_BSCAN.bscan_inst/TCK rise@0.000ns - dbg_hub/inst/BSCANID.u_xsdbm_id/SWITCH_N_EXT_BSCAN.bscan_inst/SERIES7_BSCAN.bscan_inst/TCK rise@0.000ns)
  Data Path Delay:        0.305ns  (logic 0.164ns (53.803%)  route 0.141ns (46.197%))
  Logic Levels:           0  
  Clock Path Skew:        0.013ns (DCD - SCD - CPR)
    Destination Clock Delay (DCD):    1.648ns
    Source Clock Delay      (SCD):    1.273ns
    Clock Pessimism Removal (CPR):    0.362ns

    Location             Delay type                Incr(ns)  Path(ns)    Netlist Resource(s)
  -------------------------------------------------------------------    -------------------
                         (clock dbg_hub/inst/BSCANID.u_xsdbm_id/SWITCH_N_EXT_BSCAN.bscan_inst/SERIES7_BSCAN.bscan_inst/TCK rise edge)
                                                      0.000     0.000 r  
    BSCAN_X0Y0           BSCANE2                      0.000     0.000 r  dbg_hub/inst/BSCANID.u_xsdbm_id/SWITCH_N_EXT_BSCAN.bscan_inst/SERIES7_BSCAN.bscan_inst/TCK
                         net (fo=1, routed)           0.688     0.688    dbg_hub/inst/BSCANID.u_xsdbm_id/tck_bs
    BUFGCTRL_X0Y0        BUFG (Prop_bufg_I_O)         0.026     0.714 r  dbg_hub/inst/BSCANID.u_xsdbm_id/SWITCH_N_EXT_BSCAN.u_bufg_icon_tck/O
                         net (fo=486, routed)         0.559     1.273    dbg_hub/inst/BSCANID.u_xsdbm_id/CORE_XSDB.UUT_MASTER/U_ICON_INTERFACE/U_CMD6_RD/U_RD_FIFO/SUBCORE_FIFO.xsdbm_v3_0_0_rdfifo_inst/inst_fifo_gen/gconvfifo.rf/grf.rf/rstblk/rd_clk
    SLICE_X6Y83          FDPE                                         r  dbg_hub/inst/BSCANID.u_xsdbm_id/CORE_XSDB.UUT_MASTER/U_ICON_INTERFACE/U_CMD6_RD/U_RD_FIFO/SUBCORE_FIFO.xsdbm_v3_0_0_rdfifo_inst/inst_fifo_gen/gconvfifo.rf/grf.rf/rstblk/ngwrdrst.grst.g7serrst.rd_rst_reg_reg[1]/C
  -------------------------------------------------------------------    -------------------
    SLICE_X6Y83          FDPE (Prop_fdpe_C_Q)         0.164     1.437 f  dbg_hub/inst/BSCANID.u_xsdbm_id/CORE_XSDB.UUT_MASTER/U_ICON_INTERFACE/U_CMD6_RD/U_RD_FIFO/SUBCORE_FIFO.xsdbm_v3_0_0_rdfifo_inst/inst_fifo_gen/gconvfifo.rf/grf.rf/rstblk/ngwrdrst.grst.g7serrst.rd_rst_reg_reg[1]/Q
                         net (fo=16, routed)          0.141     1.577    dbg_hub/inst/BSCANID.u_xsdbm_id/CORE_XSDB.UUT_MASTER/U_ICON_INTERFACE/U_CMD6_RD/U_RD_FIFO/SUBCORE_FIFO.xsdbm_v3_0_0_rdfifo_inst/inst_fifo_gen/gconvfifo.rf/grf.rf/gntv_or_sync_fifo.gcx.clkx/Q_reg_reg[0][0]
    SLICE_X6Y82          FDCE                                         f  dbg_hub/inst/BSCANID.u_xsdbm_id/CORE_XSDB.UUT_MASTER/U_ICON_INTERFACE/U_CMD6_RD/U_RD_FIFO/SUBCORE_FIFO.xsdbm_v3_0_0_rdfifo_inst/inst_fifo_gen/gconvfifo.rf/grf.rf/gntv_or_sync_fifo.gcx.clkx/gnxpm_cdc.wr_pntr_bin_reg[3]/CLR
  -------------------------------------------------------------------    -------------------

                         (clock dbg_hub/inst/BSCANID.u_xsdbm_id/SWITCH_N_EXT_BSCAN.bscan_inst/SERIES7_BSCAN.bscan_inst/TCK rise edge)
                                                      0.000     0.000 r  
    BSCAN_X0Y0           BSCANE2                      0.000     0.000 r  dbg_hub/inst/BSCANID.u_xsdbm_id/SWITCH_N_EXT_BSCAN.bscan_inst/SERIES7_BSCAN.bscan_inst/TCK
                         net (fo=1, routed)           0.794     0.794    dbg_hub/inst/BSCANID.u_xsdbm_id/tck_bs
    BUFGCTRL_X0Y0        BUFG (Prop_bufg_I_O)         0.029     0.823 r  dbg_hub/inst/BSCANID.u_xsdbm_id/SWITCH_N_EXT_BSCAN.u_bufg_icon_tck/O
                         net (fo=486, routed)         0.825     1.648    dbg_hub/inst/BSCANID.u_xsdbm_id/CORE_XSDB.UUT_MASTER/U_ICON_INTERFACE/U_CMD6_RD/U_RD_FIFO/SUBCORE_FIFO.xsdbm_v3_0_0_rdfifo_inst/inst_fifo_gen/gconvfifo.rf/grf.rf/gntv_or_sync_fifo.gcx.clkx/rd_clk
    SLICE_X6Y82          FDCE                                         r  dbg_hub/inst/BSCANID.u_xsdbm_id/CORE_XSDB.UUT_MASTER/U_ICON_INTERFACE/U_CMD6_RD/U_RD_FIFO/SUBCORE_FIFO.xsdbm_v3_0_0_rdfifo_inst/inst_fifo_gen/gconvfifo.rf/grf.rf/gntv_or_sync_fifo.gcx.clkx/gnxpm_cdc.wr_pntr_bin_reg[3]/C
                         clock pessimism             -0.362     1.286    
    SLICE_X6Y82          FDCE (Remov_fdce_C_CLR)     -0.067     1.219    dbg_hub/inst/BSCANID.u_xsdbm_id/CORE_XSDB.UUT_MASTER/U_ICON_INTERFACE/U_CMD6_RD/U_RD_FIFO/SUBCORE_FIFO.xsdbm_v3_0_0_rdfifo_inst/inst_fifo_gen/gconvfifo.rf/grf.rf/gntv_or_sync_fifo.gcx.clkx/gnxpm_cdc.wr_pntr_bin_reg[3]
  -------------------------------------------------------------------
                         required time                         -1.219    
                         arrival time                           1.577    
  -------------------------------------------------------------------
                         slack                                  0.359    

Slack (MET) :             0.414ns  (arrival time - required time)
  Source:                 dbg_hub/inst/BSCANID.u_xsdbm_id/CORE_XSDB.UUT_MASTER/U_ICON_INTERFACE/U_CMD6_RD/U_RD_FIFO/SUBCORE_FIFO.xsdbm_v3_0_0_rdfifo_inst/inst_fifo_gen/gconvfifo.rf/grf.rf/rstblk/ngwrdrst.grst.g7serrst.rd_rst_reg_reg[1]/C
                            (rising edge-triggered cell FDPE clocked by dbg_hub/inst/BSCANID.u_xsdbm_id/SWITCH_N_EXT_BSCAN.bscan_inst/SERIES7_BSCAN.bscan_inst/TCK  {rise@0.000ns fall@16.500ns period=33.000ns})
  Destination:            dbg_hub/inst/BSCANID.u_xsdbm_id/CORE_XSDB.UUT_MASTER/U_ICON_INTERFACE/U_CMD6_RD/U_RD_FIFO/SUBCORE_FIFO.xsdbm_v3_0_0_rdfifo_inst/inst_fifo_gen/gconvfifo.rf/grf.rf/gntv_or_sync_fifo.gcx.clkx/gnxpm_cdc.rd_pntr_gc_reg[1]/CLR
                            (removal check against rising-edge clock dbg_hub/inst/BSCANID.u_xsdbm_id/SWITCH_N_EXT_BSCAN.bscan_inst/SERIES7_BSCAN.bscan_inst/TCK  {rise@0.000ns fall@16.500ns period=33.000ns})
  Path Group:             **async_default**
  Path Type:              Removal (Min at Fast Process Corner)
  Requirement:            0.000ns  (dbg_hub/inst/BSCANID.u_xsdbm_id/SWITCH_N_EXT_BSCAN.bscan_inst/SERIES7_BSCAN.bscan_inst/TCK rise@0.000ns - dbg_hub/inst/BSCANID.u_xsdbm_id/SWITCH_N_EXT_BSCAN.bscan_inst/SERIES7_BSCAN.bscan_inst/TCK rise@0.000ns)
  Data Path Delay:        0.359ns  (logic 0.164ns (45.722%)  route 0.195ns (54.278%))
  Logic Levels:           0  
  Clock Path Skew:        0.012ns (DCD - SCD - CPR)
    Destination Clock Delay (DCD):    1.647ns
    Source Clock Delay      (SCD):    1.273ns
    Clock Pessimism Removal (CPR):    0.362ns

    Location             Delay type                Incr(ns)  Path(ns)    Netlist Resource(s)
  -------------------------------------------------------------------    -------------------
                         (clock dbg_hub/inst/BSCANID.u_xsdbm_id/SWITCH_N_EXT_BSCAN.bscan_inst/SERIES7_BSCAN.bscan_inst/TCK rise edge)
                                                      0.000     0.000 r  
    BSCAN_X0Y0           BSCANE2                      0.000     0.000 r  dbg_hub/inst/BSCANID.u_xsdbm_id/SWITCH_N_EXT_BSCAN.bscan_inst/SERIES7_BSCAN.bscan_inst/TCK
                         net (fo=1, routed)           0.688     0.688    dbg_hub/inst/BSCANID.u_xsdbm_id/tck_bs
    BUFGCTRL_X0Y0        BUFG (Prop_bufg_I_O)         0.026     0.714 r  dbg_hub/inst/BSCANID.u_xsdbm_id/SWITCH_N_EXT_BSCAN.u_bufg_icon_tck/O
                         net (fo=486, routed)         0.559     1.273    dbg_hub/inst/BSCANID.u_xsdbm_id/CORE_XSDB.UUT_MASTER/U_ICON_INTERFACE/U_CMD6_RD/U_RD_FIFO/SUBCORE_FIFO.xsdbm_v3_0_0_rdfifo_inst/inst_fifo_gen/gconvfifo.rf/grf.rf/rstblk/rd_clk
    SLICE_X6Y83          FDPE                                         r  dbg_hub/inst/BSCANID.u_xsdbm_id/CORE_XSDB.UUT_MASTER/U_ICON_INTERFACE/U_CMD6_RD/U_RD_FIFO/SUBCORE_FIFO.xsdbm_v3_0_0_rdfifo_inst/inst_fifo_gen/gconvfifo.rf/grf.rf/rstblk/ngwrdrst.grst.g7serrst.rd_rst_reg_reg[1]/C
  -------------------------------------------------------------------    -------------------
    SLICE_X6Y83          FDPE (Prop_fdpe_C_Q)         0.164     1.437 f  dbg_hub/inst/BSCANID.u_xsdbm_id/CORE_XSDB.UUT_MASTER/U_ICON_INTERFACE/U_CMD6_RD/U_RD_FIFO/SUBCORE_FIFO.xsdbm_v3_0_0_rdfifo_inst/inst_fifo_gen/gconvfifo.rf/grf.rf/rstblk/ngwrdrst.grst.g7serrst.rd_rst_reg_reg[1]/Q
                         net (fo=16, routed)          0.195     1.631    dbg_hub/inst/BSCANID.u_xsdbm_id/CORE_XSDB.UUT_MASTER/U_ICON_INTERFACE/U_CMD6_RD/U_RD_FIFO/SUBCORE_FIFO.xsdbm_v3_0_0_rdfifo_inst/inst_fifo_gen/gconvfifo.rf/grf.rf/gntv_or_sync_fifo.gcx.clkx/Q_reg_reg[0][0]
    SLICE_X6Y81          FDCE                                         f  dbg_hub/inst/BSCANID.u_xsdbm_id/CORE_XSDB.UUT_MASTER/U_ICON_INTERFACE/U_CMD6_RD/U_RD_FIFO/SUBCORE_FIFO.xsdbm_v3_0_0_rdfifo_inst/inst_fifo_gen/gconvfifo.rf/grf.rf/gntv_or_sync_fifo.gcx.clkx/gnxpm_cdc.rd_pntr_gc_reg[1]/CLR
  -------------------------------------------------------------------    -------------------

                         (clock dbg_hub/inst/BSCANID.u_xsdbm_id/SWITCH_N_EXT_BSCAN.bscan_inst/SERIES7_BSCAN.bscan_inst/TCK rise edge)
                                                      0.000     0.000 r  
    BSCAN_X0Y0           BSCANE2                      0.000     0.000 r  dbg_hub/inst/BSCANID.u_xsdbm_id/SWITCH_N_EXT_BSCAN.bscan_inst/SERIES7_BSCAN.bscan_inst/TCK
                         net (fo=1, routed)           0.794     0.794    dbg_hub/inst/BSCANID.u_xsdbm_id/tck_bs
    BUFGCTRL_X0Y0        BUFG (Prop_bufg_I_O)         0.029     0.823 r  dbg_hub/inst/BSCANID.u_xsdbm_id/SWITCH_N_EXT_BSCAN.u_bufg_icon_tck/O
                         net (fo=486, routed)         0.824     1.647    dbg_hub/inst/BSCANID.u_xsdbm_id/CORE_XSDB.UUT_MASTER/U_ICON_INTERFACE/U_CMD6_RD/U_RD_FIFO/SUBCORE_FIFO.xsdbm_v3_0_0_rdfifo_inst/inst_fifo_gen/gconvfifo.rf/grf.rf/gntv_or_sync_fifo.gcx.clkx/rd_clk
    SLICE_X6Y81          FDCE                                         r  dbg_hub/inst/BSCANID.u_xsdbm_id/CORE_XSDB.UUT_MASTER/U_ICON_INTERFACE/U_CMD6_RD/U_RD_FIFO/SUBCORE_FIFO.xsdbm_v3_0_0_rdfifo_inst/inst_fifo_gen/gconvfifo.rf/grf.rf/gntv_or_sync_fifo.gcx.clkx/gnxpm_cdc.rd_pntr_gc_reg[1]/C
                         clock pessimism             -0.362     1.285    
    SLICE_X6Y81          FDCE (Remov_fdce_C_CLR)     -0.067     1.218    dbg_hub/inst/BSCANID.u_xsdbm_id/CORE_XSDB.UUT_MASTER/U_ICON_INTERFACE/U_CMD6_RD/U_RD_FIFO/SUBCORE_FIFO.xsdbm_v3_0_0_rdfifo_inst/inst_fifo_gen/gconvfifo.rf/grf.rf/gntv_or_sync_fifo.gcx.clkx/gnxpm_cdc.rd_pntr_gc_reg[1]
  -------------------------------------------------------------------
                         required time                         -1.218    
                         arrival time                           1.631    
  -------------------------------------------------------------------
                         slack                                  0.414    

Slack (MET) :             0.423ns  (arrival time - required time)
  Source:                 dbg_hub/inst/BSCANID.u_xsdbm_id/CORE_XSDB.UUT_MASTER/U_ICON_INTERFACE/U_CMD6_WR/U_WR_FIFO/SUBCORE_FIFO.xsdbm_v3_0_0_wrfifo_inst/inst_fifo_gen/gconvfifo.rf/grf.rf/rstblk/ngwrdrst.grst.g7serrst.wr_rst_reg_reg[0]/C
                            (rising edge-triggered cell FDPE clocked by dbg_hub/inst/BSCANID.u_xsdbm_id/SWITCH_N_EXT_BSCAN.bscan_inst/SERIES7_BSCAN.bscan_inst/TCK  {rise@0.000ns fall@16.500ns period=33.000ns})
  Destination:            dbg_hub/inst/BSCANID.u_xsdbm_id/CORE_XSDB.UUT_MASTER/U_ICON_INTERFACE/U_CMD6_WR/U_WR_FIFO/SUBCORE_FIFO.xsdbm_v3_0_0_wrfifo_inst/inst_fifo_gen/gconvfifo.rf/grf.rf/gntv_or_sync_fifo.gcx.clkx/gnxpm_cdc.wr_pntr_gc_reg[0]/CLR
                            (removal check against rising-edge clock dbg_hub/inst/BSCANID.u_xsdbm_id/SWITCH_N_EXT_BSCAN.bscan_inst/SERIES7_BSCAN.bscan_inst/TCK  {rise@0.000ns fall@16.500ns period=33.000ns})
  Path Group:             **async_default**
  Path Type:              Removal (Min at Fast Process Corner)
  Requirement:            0.000ns  (dbg_hub/inst/BSCANID.u_xsdbm_id/SWITCH_N_EXT_BSCAN.bscan_inst/SERIES7_BSCAN.bscan_inst/TCK rise@0.000ns - dbg_hub/inst/BSCANID.u_xsdbm_id/SWITCH_N_EXT_BSCAN.bscan_inst/SERIES7_BSCAN.bscan_inst/TCK rise@0.000ns)
  Data Path Delay:        0.343ns  (logic 0.141ns (41.051%)  route 0.202ns (58.949%))
  Logic Levels:           0  
  Clock Path Skew:        0.012ns (DCD - SCD - CPR)
    Destination Clock Delay (DCD):    1.664ns
    Source Clock Delay      (SCD):    1.290ns
    Clock Pessimism Removal (CPR):    0.362ns

    Location             Delay type                Incr(ns)  Path(ns)    Netlist Resource(s)
  -------------------------------------------------------------------    -------------------
                         (clock dbg_hub/inst/BSCANID.u_xsdbm_id/SWITCH_N_EXT_BSCAN.bscan_inst/SERIES7_BSCAN.bscan_inst/TCK rise edge)
                                                      0.000     0.000 r  
    BSCAN_X0Y0           BSCANE2                      0.000     0.000 r  dbg_hub/inst/BSCANID.u_xsdbm_id/SWITCH_N_EXT_BSCAN.bscan_inst/SERIES7_BSCAN.bscan_inst/TCK
                         net (fo=1, routed)           0.688     0.688    dbg_hub/inst/BSCANID.u_xsdbm_id/tck_bs
    BUFGCTRL_X0Y0        BUFG (Prop_bufg_I_O)         0.026     0.714 r  dbg_hub/inst/BSCANID.u_xsdbm_id/SWITCH_N_EXT_BSCAN.u_bufg_icon_tck/O
                         net (fo=486, routed)         0.576     1.290    dbg_hub/inst/BSCANID.u_xsdbm_id/CORE_XSDB.UUT_MASTER/U_ICON_INTERFACE/U_CMD6_WR/U_WR_FIFO/SUBCORE_FIFO.xsdbm_v3_0_0_wrfifo_inst/inst_fifo_gen/gconvfifo.rf/grf.rf/rstblk/wr_clk
    SLICE_X2Y81          FDPE                                         r  dbg_hub/inst/BSCANID.u_xsdbm_id/CORE_XSDB.UUT_MASTER/U_ICON_INTERFACE/U_CMD6_WR/U_WR_FIFO/SUBCORE_FIFO.xsdbm_v3_0_0_wrfifo_inst/inst_fifo_gen/gconvfifo.rf/grf.rf/rstblk/ngwrdrst.grst.g7serrst.wr_rst_reg_reg[0]/C
  -------------------------------------------------------------------    -------------------
    SLICE_X2Y81          FDPE (Prop_fdpe_C_Q)         0.141     1.431 f  dbg_hub/inst/BSCANID.u_xsdbm_id/CORE_XSDB.UUT_MASTER/U_ICON_INTERFACE/U_CMD6_WR/U_WR_FIFO/SUBCORE_FIFO.xsdbm_v3_0_0_wrfifo_inst/inst_fifo_gen/gconvfifo.rf/grf.rf/rstblk/ngwrdrst.grst.g7serrst.wr_rst_reg_reg[0]/Q
                         net (fo=18, routed)          0.202     1.633    dbg_hub/inst/BSCANID.u_xsdbm_id/CORE_XSDB.UUT_MASTER/U_ICON_INTERFACE/U_CMD6_WR/U_WR_FIFO/SUBCORE_FIFO.xsdbm_v3_0_0_wrfifo_inst/inst_fifo_gen/gconvfifo.rf/grf.rf/gntv_or_sync_fifo.gcx.clkx/AR[0]
    SLICE_X2Y79          FDCE                                         f  dbg_hub/inst/BSCANID.u_xsdbm_id/CORE_XSDB.UUT_MASTER/U_ICON_INTERFACE/U_CMD6_WR/U_WR_FIFO/SUBCORE_FIFO.xsdbm_v3_0_0_wrfifo_inst/inst_fifo_gen/gconvfifo.rf/grf.rf/gntv_or_sync_fifo.gcx.clkx/gnxpm_cdc.wr_pntr_gc_reg[0]/CLR
  -------------------------------------------------------------------    -------------------

                         (clock dbg_hub/inst/BSCANID.u_xsdbm_id/SWITCH_N_EXT_BSCAN.bscan_inst/SERIES7_BSCAN.bscan_inst/TCK rise edge)
                                                      0.000     0.000 r  
    BSCAN_X0Y0           BSCANE2                      0.000     0.000 r  dbg_hub/inst/BSCANID.u_xsdbm_id/SWITCH_N_EXT_BSCAN.bscan_inst/SERIES7_BSCAN.bscan_inst/TCK
                         net (fo=1, routed)           0.794     0.794    dbg_hub/inst/BSCANID.u_xsdbm_id/tck_bs
    BUFGCTRL_X0Y0        BUFG (Prop_bufg_I_O)         0.029     0.823 r  dbg_hub/inst/BSCANID.u_xsdbm_id/SWITCH_N_EXT_BSCAN.u_bufg_icon_tck/O
                         net (fo=486, routed)         0.841     1.664    dbg_hub/inst/BSCANID.u_xsdbm_id/CORE_XSDB.UUT_MASTER/U_ICON_INTERFACE/U_CMD6_WR/U_WR_FIFO/SUBCORE_FIFO.xsdbm_v3_0_0_wrfifo_inst/inst_fifo_gen/gconvfifo.rf/grf.rf/gntv_or_sync_fifo.gcx.clkx/wr_clk
    SLICE_X2Y79          FDCE                                         r  dbg_hub/inst/BSCANID.u_xsdbm_id/CORE_XSDB.UUT_MASTER/U_ICON_INTERFACE/U_CMD6_WR/U_WR_FIFO/SUBCORE_FIFO.xsdbm_v3_0_0_wrfifo_inst/inst_fifo_gen/gconvfifo.rf/grf.rf/gntv_or_sync_fifo.gcx.clkx/gnxpm_cdc.wr_pntr_gc_reg[0]/C
                         clock pessimism             -0.362     1.302    
    SLICE_X2Y79          FDCE (Remov_fdce_C_CLR)     -0.092     1.210    dbg_hub/inst/BSCANID.u_xsdbm_id/CORE_XSDB.UUT_MASTER/U_ICON_INTERFACE/U_CMD6_WR/U_WR_FIFO/SUBCORE_FIFO.xsdbm_v3_0_0_wrfifo_inst/inst_fifo_gen/gconvfifo.rf/grf.rf/gntv_or_sync_fifo.gcx.clkx/gnxpm_cdc.wr_pntr_gc_reg[0]
  -------------------------------------------------------------------
                         required time                         -1.210    
                         arrival time                           1.633    
  -------------------------------------------------------------------
                         slack                                  0.423    

Slack (MET) :             0.423ns  (arrival time - required time)
  Source:                 dbg_hub/inst/BSCANID.u_xsdbm_id/CORE_XSDB.UUT_MASTER/U_ICON_INTERFACE/U_CMD6_WR/U_WR_FIFO/SUBCORE_FIFO.xsdbm_v3_0_0_wrfifo_inst/inst_fifo_gen/gconvfifo.rf/grf.rf/rstblk/ngwrdrst.grst.g7serrst.wr_rst_reg_reg[0]/C
                            (rising edge-triggered cell FDPE clocked by dbg_hub/inst/BSCANID.u_xsdbm_id/SWITCH_N_EXT_BSCAN.bscan_inst/SERIES7_BSCAN.bscan_inst/TCK  {rise@0.000ns fall@16.500ns period=33.000ns})
  Destination:            dbg_hub/inst/BSCANID.u_xsdbm_id/CORE_XSDB.UUT_MASTER/U_ICON_INTERFACE/U_CMD6_WR/U_WR_FIFO/SUBCORE_FIFO.xsdbm_v3_0_0_wrfifo_inst/inst_fifo_gen/gconvfifo.rf/grf.rf/gntv_or_sync_fifo.gcx.clkx/gnxpm_cdc.wr_pntr_gc_reg[1]/CLR
                            (removal check against rising-edge clock dbg_hub/inst/BSCANID.u_xsdbm_id/SWITCH_N_EXT_BSCAN.bscan_inst/SERIES7_BSCAN.bscan_inst/TCK  {rise@0.000ns fall@16.500ns period=33.000ns})
  Path Group:             **async_default**
  Path Type:              Removal (Min at Fast Process Corner)
  Requirement:            0.000ns  (dbg_hub/inst/BSCANID.u_xsdbm_id/SWITCH_N_EXT_BSCAN.bscan_inst/SERIES7_BSCAN.bscan_inst/TCK rise@0.000ns - dbg_hub/inst/BSCANID.u_xsdbm_id/SWITCH_N_EXT_BSCAN.bscan_inst/SERIES7_BSCAN.bscan_inst/TCK rise@0.000ns)
  Data Path Delay:        0.343ns  (logic 0.141ns (41.051%)  route 0.202ns (58.949%))
  Logic Levels:           0  
  Clock Path Skew:        0.012ns (DCD - SCD - CPR)
    Destination Clock Delay (DCD):    1.664ns
    Source Clock Delay      (SCD):    1.290ns
    Clock Pessimism Removal (CPR):    0.362ns

    Location             Delay type                Incr(ns)  Path(ns)    Netlist Resource(s)
  -------------------------------------------------------------------    -------------------
                         (clock dbg_hub/inst/BSCANID.u_xsdbm_id/SWITCH_N_EXT_BSCAN.bscan_inst/SERIES7_BSCAN.bscan_inst/TCK rise edge)
                                                      0.000     0.000 r  
    BSCAN_X0Y0           BSCANE2                      0.000     0.000 r  dbg_hub/inst/BSCANID.u_xsdbm_id/SWITCH_N_EXT_BSCAN.bscan_inst/SERIES7_BSCAN.bscan_inst/TCK
                         net (fo=1, routed)           0.688     0.688    dbg_hub/inst/BSCANID.u_xsdbm_id/tck_bs
    BUFGCTRL_X0Y0        BUFG (Prop_bufg_I_O)         0.026     0.714 r  dbg_hub/inst/BSCANID.u_xsdbm_id/SWITCH_N_EXT_BSCAN.u_bufg_icon_tck/O
                         net (fo=486, routed)         0.576     1.290    dbg_hub/inst/BSCANID.u_xsdbm_id/CORE_XSDB.UUT_MASTER/U_ICON_INTERFACE/U_CMD6_WR/U_WR_FIFO/SUBCORE_FIFO.xsdbm_v3_0_0_wrfifo_inst/inst_fifo_gen/gconvfifo.rf/grf.rf/rstblk/wr_clk
    SLICE_X2Y81          FDPE                                         r  dbg_hub/inst/BSCANID.u_xsdbm_id/CORE_XSDB.UUT_MASTER/U_ICON_INTERFACE/U_CMD6_WR/U_WR_FIFO/SUBCORE_FIFO.xsdbm_v3_0_0_wrfifo_inst/inst_fifo_gen/gconvfifo.rf/grf.rf/rstblk/ngwrdrst.grst.g7serrst.wr_rst_reg_reg[0]/C
  -------------------------------------------------------------------    -------------------
    SLICE_X2Y81          FDPE (Prop_fdpe_C_Q)         0.141     1.431 f  dbg_hub/inst/BSCANID.u_xsdbm_id/CORE_XSDB.UUT_MASTER/U_ICON_INTERFACE/U_CMD6_WR/U_WR_FIFO/SUBCORE_FIFO.xsdbm_v3_0_0_wrfifo_inst/inst_fifo_gen/gconvfifo.rf/grf.rf/rstblk/ngwrdrst.grst.g7serrst.wr_rst_reg_reg[0]/Q
                         net (fo=18, routed)          0.202     1.633    dbg_hub/inst/BSCANID.u_xsdbm_id/CORE_XSDB.UUT_MASTER/U_ICON_INTERFACE/U_CMD6_WR/U_WR_FIFO/SUBCORE_FIFO.xsdbm_v3_0_0_wrfifo_inst/inst_fifo_gen/gconvfifo.rf/grf.rf/gntv_or_sync_fifo.gcx.clkx/AR[0]
    SLICE_X2Y79          FDCE                                         f  dbg_hub/inst/BSCANID.u_xsdbm_id/CORE_XSDB.UUT_MASTER/U_ICON_INTERFACE/U_CMD6_WR/U_WR_FIFO/SUBCORE_FIFO.xsdbm_v3_0_0_wrfifo_inst/inst_fifo_gen/gconvfifo.rf/grf.rf/gntv_or_sync_fifo.gcx.clkx/gnxpm_cdc.wr_pntr_gc_reg[1]/CLR
  -------------------------------------------------------------------    -------------------

                         (clock dbg_hub/inst/BSCANID.u_xsdbm_id/SWITCH_N_EXT_BSCAN.bscan_inst/SERIES7_BSCAN.bscan_inst/TCK rise edge)
                                                      0.000     0.000 r  
    BSCAN_X0Y0           BSCANE2                      0.000     0.000 r  dbg_hub/inst/BSCANID.u_xsdbm_id/SWITCH_N_EXT_BSCAN.bscan_inst/SERIES7_BSCAN.bscan_inst/TCK
                         net (fo=1, routed)           0.794     0.794    dbg_hub/inst/BSCANID.u_xsdbm_id/tck_bs
    BUFGCTRL_X0Y0        BUFG (Prop_bufg_I_O)         0.029     0.823 r  dbg_hub/inst/BSCANID.u_xsdbm_id/SWITCH_N_EXT_BSCAN.u_bufg_icon_tck/O
                         net (fo=486, routed)         0.841     1.664    dbg_hub/inst/BSCANID.u_xsdbm_id/CORE_XSDB.UUT_MASTER/U_ICON_INTERFACE/U_CMD6_WR/U_WR_FIFO/SUBCORE_FIFO.xsdbm_v3_0_0_wrfifo_inst/inst_fifo_gen/gconvfifo.rf/grf.rf/gntv_or_sync_fifo.gcx.clkx/wr_clk
    SLICE_X2Y79          FDCE                                         r  dbg_hub/inst/BSCANID.u_xsdbm_id/CORE_XSDB.UUT_MASTER/U_ICON_INTERFACE/U_CMD6_WR/U_WR_FIFO/SUBCORE_FIFO.xsdbm_v3_0_0_wrfifo_inst/inst_fifo_gen/gconvfifo.rf/grf.rf/gntv_or_sync_fifo.gcx.clkx/gnxpm_cdc.wr_pntr_gc_reg[1]/C
                         clock pessimism             -0.362     1.302    
    SLICE_X2Y79          FDCE (Remov_fdce_C_CLR)     -0.092     1.210    dbg_hub/inst/BSCANID.u_xsdbm_id/CORE_XSDB.UUT_MASTER/U_ICON_INTERFACE/U_CMD6_WR/U_WR_FIFO/SUBCORE_FIFO.xsdbm_v3_0_0_wrfifo_inst/inst_fifo_gen/gconvfifo.rf/grf.rf/gntv_or_sync_fifo.gcx.clkx/gnxpm_cdc.wr_pntr_gc_reg[1]
  -------------------------------------------------------------------
                         required time                         -1.210    
                         arrival time                           1.633    
  -------------------------------------------------------------------
                         slack                                  0.423    





---------------------------------------------------------------------------------------------------
Path Group:  **async_default**
From Clock:  sys_clk_pin
  To Clock:  sys_clk_pin

Setup :            0  Failing Endpoints,  Worst Slack        5.131ns,  Total Violation        0.000ns
Hold  :            0  Failing Endpoints,  Worst Slack        0.330ns,  Total Violation        0.000ns
---------------------------------------------------------------------------------------------------


Max Delay Paths
--------------------------------------------------------------------------------------
Slack (MET) :             5.131ns  (required time - arrival time)
  Source:                 dbg_hub/inst/BSCANID.u_xsdbm_id/CORE_XSDB.UUT_MASTER/U_ICON_INTERFACE/U_CMD6_WR/U_WR_FIFO/SUBCORE_FIFO.xsdbm_v3_0_0_wrfifo_inst/inst_fifo_gen/gconvfifo.rf/grf.rf/rstblk/ngwrdrst.grst.g7serrst.gwrrd_rst_sync_stage[2].rrst_inst/Q_reg_reg[0]/C
                            (rising edge-triggered cell FDRE clocked by sys_clk_pin  {rise@0.000ns fall@4.000ns period=8.000ns})
  Destination:            dbg_hub/inst/BSCANID.u_xsdbm_id/CORE_XSDB.UUT_MASTER/U_ICON_INTERFACE/U_CMD6_WR/U_WR_FIFO/SUBCORE_FIFO.xsdbm_v3_0_0_wrfifo_inst/inst_fifo_gen/gconvfifo.rf/grf.rf/rstblk/ngwrdrst.grst.g7serrst.rd_rst_reg_reg[2]/PRE
                            (recovery check against rising-edge clock sys_clk_pin  {rise@0.000ns fall@4.000ns period=8.000ns})
  Path Group:             **async_default**
  Path Type:              Recovery (Max at Slow Process Corner)
  Requirement:            8.000ns  (sys_clk_pin rise@8.000ns - sys_clk_pin rise@0.000ns)
  Data Path Delay:        2.416ns  (logic 0.773ns (32.001%)  route 1.643ns (67.999%))
  Logic Levels:           1  (LUT2=1)
  Clock Path Skew:        -0.059ns (DCD - SCD + CPR)
    Destination Clock Delay (DCD):    4.920ns = ( 12.920 - 8.000 ) 
    Source Clock Delay      (SCD):    5.370ns
    Clock Pessimism Removal (CPR):    0.391ns
  Clock Uncertainty:      0.035ns  ((TSJ^2 + TIJ^2)^1/2 + DJ) / 2 + PE
    Total System Jitter     (TSJ):    0.071ns
    Total Input Jitter      (TIJ):    0.000ns
    Discrete Jitter          (DJ):    0.000ns
    Phase Error              (PE):    0.000ns

    Location             Delay type                Incr(ns)  Path(ns)    Netlist Resource(s)
  -------------------------------------------------------------------    -------------------
                         (clock sys_clk_pin rise edge)
                                                      0.000     0.000 r  
    K17                                               0.000     0.000 r  clk (IN)
                         net (fo=0)                   0.000     0.000    clk
    K17                  IBUF (Prop_ibuf_I_O)         1.492     1.492 r  clk_IBUF_inst/O
                         net (fo=1, routed)           2.076     3.568    clk_IBUF
    BUFGCTRL_X0Y16       BUFG (Prop_bufg_I_O)         0.101     3.669 r  clk_IBUF_BUFG_inst/O
                         net (fo=2463, routed)        1.701     5.370    dbg_hub/inst/BSCANID.u_xsdbm_id/CORE_XSDB.UUT_MASTER/U_ICON_INTERFACE/U_CMD6_WR/U_WR_FIFO/SUBCORE_FIFO.xsdbm_v3_0_0_wrfifo_inst/inst_fifo_gen/gconvfifo.rf/grf.rf/rstblk/ngwrdrst.grst.g7serrst.gwrrd_rst_sync_stage[2].rrst_inst/rd_clk
    SLICE_X0Y83          FDRE                                         r  dbg_hub/inst/BSCANID.u_xsdbm_id/CORE_XSDB.UUT_MASTER/U_ICON_INTERFACE/U_CMD6_WR/U_WR_FIFO/SUBCORE_FIFO.xsdbm_v3_0_0_wrfifo_inst/inst_fifo_gen/gconvfifo.rf/grf.rf/rstblk/ngwrdrst.grst.g7serrst.gwrrd_rst_sync_stage[2].rrst_inst/Q_reg_reg[0]/C
  -------------------------------------------------------------------    -------------------
    SLICE_X0Y83          FDRE (Prop_fdre_C_Q)         0.478     5.848 r  dbg_hub/inst/BSCANID.u_xsdbm_id/CORE_XSDB.UUT_MASTER/U_ICON_INTERFACE/U_CMD6_WR/U_WR_FIFO/SUBCORE_FIFO.xsdbm_v3_0_0_wrfifo_inst/inst_fifo_gen/gconvfifo.rf/grf.rf/rstblk/ngwrdrst.grst.g7serrst.gwrrd_rst_sync_stage[2].rrst_inst/Q_reg_reg[0]/Q
                         net (fo=1, routed)           0.853     6.701    dbg_hub/inst/BSCANID.u_xsdbm_id/CORE_XSDB.UUT_MASTER/U_ICON_INTERFACE/U_CMD6_WR/U_WR_FIFO/SUBCORE_FIFO.xsdbm_v3_0_0_wrfifo_inst/inst_fifo_gen/gconvfifo.rf/grf.rf/rstblk/ngwrdrst.grst.g7serrst.gwrrd_rst_sync_stage[2].rrst_inst/Q_reg
    SLICE_X0Y83          LUT2 (Prop_lut2_I1_O)        0.295     6.996 f  dbg_hub/inst/BSCANID.u_xsdbm_id/CORE_XSDB.UUT_MASTER/U_ICON_INTERFACE/U_CMD6_WR/U_WR_FIFO/SUBCORE_FIFO.xsdbm_v3_0_0_wrfifo_inst/inst_fifo_gen/gconvfifo.rf/grf.rf/rstblk/ngwrdrst.grst.g7serrst.gwrrd_rst_sync_stage[2].rrst_inst/ngwrdrst.grst.g7serrst.rd_rst_reg[2]_i_1/O
                         net (fo=3, routed)           0.789     7.785    dbg_hub/inst/BSCANID.u_xsdbm_id/CORE_XSDB.UUT_MASTER/U_ICON_INTERFACE/U_CMD6_WR/U_WR_FIFO/SUBCORE_FIFO.xsdbm_v3_0_0_wrfifo_inst/inst_fifo_gen/gconvfifo.rf/grf.rf/rstblk/rd_rst_comb
    SLICE_X3Y81          FDPE                                         f  dbg_hub/inst/BSCANID.u_xsdbm_id/CORE_XSDB.UUT_MASTER/U_ICON_INTERFACE/U_CMD6_WR/U_WR_FIFO/SUBCORE_FIFO.xsdbm_v3_0_0_wrfifo_inst/inst_fifo_gen/gconvfifo.rf/grf.rf/rstblk/ngwrdrst.grst.g7serrst.rd_rst_reg_reg[2]/PRE
  -------------------------------------------------------------------    -------------------

                         (clock sys_clk_pin rise edge)
                                                      8.000     8.000 r  
    K17                                               0.000     8.000 r  clk (IN)
                         net (fo=0)                   0.000     8.000    clk
    K17                  IBUF (Prop_ibuf_I_O)         1.421     9.421 r  clk_IBUF_inst/O
                         net (fo=1, routed)           1.880    11.301    clk_IBUF
    BUFGCTRL_X0Y16       BUFG (Prop_bufg_I_O)         0.091    11.392 r  clk_IBUF_BUFG_inst/O
                         net (fo=2463, routed)        1.528    12.920    dbg_hub/inst/BSCANID.u_xsdbm_id/CORE_XSDB.UUT_MASTER/U_ICON_INTERFACE/U_CMD6_WR/U_WR_FIFO/SUBCORE_FIFO.xsdbm_v3_0_0_wrfifo_inst/inst_fifo_gen/gconvfifo.rf/grf.rf/rstblk/rd_clk
    SLICE_X3Y81          FDPE                                         r  dbg_hub/inst/BSCANID.u_xsdbm_id/CORE_XSDB.UUT_MASTER/U_ICON_INTERFACE/U_CMD6_WR/U_WR_FIFO/SUBCORE_FIFO.xsdbm_v3_0_0_wrfifo_inst/inst_fifo_gen/gconvfifo.rf/grf.rf/rstblk/ngwrdrst.grst.g7serrst.rd_rst_reg_reg[2]/C
                         clock pessimism              0.391    13.311    
                         clock uncertainty           -0.035    13.275    
    SLICE_X3Y81          FDPE (Recov_fdpe_C_PRE)     -0.359    12.916    dbg_hub/inst/BSCANID.u_xsdbm_id/CORE_XSDB.UUT_MASTER/U_ICON_INTERFACE/U_CMD6_WR/U_WR_FIFO/SUBCORE_FIFO.xsdbm_v3_0_0_wrfifo_inst/inst_fifo_gen/gconvfifo.rf/grf.rf/rstblk/ngwrdrst.grst.g7serrst.rd_rst_reg_reg[2]
  -------------------------------------------------------------------
                         required time                         12.916    
                         arrival time                          -7.785    
  -------------------------------------------------------------------
                         slack                                  5.131    

Slack (MET) :             5.183ns  (required time - arrival time)
  Source:                 dbg_hub/inst/BSCANID.u_xsdbm_id/CORE_XSDB.UUT_MASTER/U_ICON_INTERFACE/U_CMD6_WR/U_WR_FIFO/SUBCORE_FIFO.xsdbm_v3_0_0_wrfifo_inst/inst_fifo_gen/gconvfifo.rf/grf.rf/rstblk/ngwrdrst.grst.g7serrst.gwrrd_rst_sync_stage[2].rrst_inst/Q_reg_reg[0]/C
                            (rising edge-triggered cell FDRE clocked by sys_clk_pin  {rise@0.000ns fall@4.000ns period=8.000ns})
  Destination:            dbg_hub/inst/BSCANID.u_xsdbm_id/CORE_XSDB.UUT_MASTER/U_ICON_INTERFACE/U_CMD6_WR/U_WR_FIFO/SUBCORE_FIFO.xsdbm_v3_0_0_wrfifo_inst/inst_fifo_gen/gconvfifo.rf/grf.rf/rstblk/ngwrdrst.grst.g7serrst.rd_rst_reg_reg[1]/PRE
                            (recovery check against rising-edge clock sys_clk_pin  {rise@0.000ns fall@4.000ns period=8.000ns})
  Path Group:             **async_default**
  Path Type:              Recovery (Max at Slow Process Corner)
  Requirement:            8.000ns  (sys_clk_pin rise@8.000ns - sys_clk_pin rise@0.000ns)
  Data Path Delay:        2.394ns  (logic 0.773ns (32.292%)  route 1.621ns (67.708%))
  Logic Levels:           1  (LUT2=1)
  Clock Path Skew:        -0.027ns (DCD - SCD + CPR)
    Destination Clock Delay (DCD):    4.916ns = ( 12.916 - 8.000 ) 
    Source Clock Delay      (SCD):    5.370ns
    Clock Pessimism Removal (CPR):    0.427ns
  Clock Uncertainty:      0.035ns  ((TSJ^2 + TIJ^2)^1/2 + DJ) / 2 + PE
    Total System Jitter     (TSJ):    0.071ns
    Total Input Jitter      (TIJ):    0.000ns
    Discrete Jitter          (DJ):    0.000ns
    Phase Error              (PE):    0.000ns

    Location             Delay type                Incr(ns)  Path(ns)    Netlist Resource(s)
  -------------------------------------------------------------------    -------------------
                         (clock sys_clk_pin rise edge)
                                                      0.000     0.000 r  
    K17                                               0.000     0.000 r  clk (IN)
                         net (fo=0)                   0.000     0.000    clk
    K17                  IBUF (Prop_ibuf_I_O)         1.492     1.492 r  clk_IBUF_inst/O
                         net (fo=1, routed)           2.076     3.568    clk_IBUF
    BUFGCTRL_X0Y16       BUFG (Prop_bufg_I_O)         0.101     3.669 r  clk_IBUF_BUFG_inst/O
                         net (fo=2463, routed)        1.701     5.370    dbg_hub/inst/BSCANID.u_xsdbm_id/CORE_XSDB.UUT_MASTER/U_ICON_INTERFACE/U_CMD6_WR/U_WR_FIFO/SUBCORE_FIFO.xsdbm_v3_0_0_wrfifo_inst/inst_fifo_gen/gconvfifo.rf/grf.rf/rstblk/ngwrdrst.grst.g7serrst.gwrrd_rst_sync_stage[2].rrst_inst/rd_clk
    SLICE_X0Y83          FDRE                                         r  dbg_hub/inst/BSCANID.u_xsdbm_id/CORE_XSDB.UUT_MASTER/U_ICON_INTERFACE/U_CMD6_WR/U_WR_FIFO/SUBCORE_FIFO.xsdbm_v3_0_0_wrfifo_inst/inst_fifo_gen/gconvfifo.rf/grf.rf/rstblk/ngwrdrst.grst.g7serrst.gwrrd_rst_sync_stage[2].rrst_inst/Q_reg_reg[0]/C
  -------------------------------------------------------------------    -------------------
    SLICE_X0Y83          FDRE (Prop_fdre_C_Q)         0.478     5.848 r  dbg_hub/inst/BSCANID.u_xsdbm_id/CORE_XSDB.UUT_MASTER/U_ICON_INTERFACE/U_CMD6_WR/U_WR_FIFO/SUBCORE_FIFO.xsdbm_v3_0_0_wrfifo_inst/inst_fifo_gen/gconvfifo.rf/grf.rf/rstblk/ngwrdrst.grst.g7serrst.gwrrd_rst_sync_stage[2].rrst_inst/Q_reg_reg[0]/Q
                         net (fo=1, routed)           0.853     6.701    dbg_hub/inst/BSCANID.u_xsdbm_id/CORE_XSDB.UUT_MASTER/U_ICON_INTERFACE/U_CMD6_WR/U_WR_FIFO/SUBCORE_FIFO.xsdbm_v3_0_0_wrfifo_inst/inst_fifo_gen/gconvfifo.rf/grf.rf/rstblk/ngwrdrst.grst.g7serrst.gwrrd_rst_sync_stage[2].rrst_inst/Q_reg
    SLICE_X0Y83          LUT2 (Prop_lut2_I1_O)        0.295     6.996 f  dbg_hub/inst/BSCANID.u_xsdbm_id/CORE_XSDB.UUT_MASTER/U_ICON_INTERFACE/U_CMD6_WR/U_WR_FIFO/SUBCORE_FIFO.xsdbm_v3_0_0_wrfifo_inst/inst_fifo_gen/gconvfifo.rf/grf.rf/rstblk/ngwrdrst.grst.g7serrst.gwrrd_rst_sync_stage[2].rrst_inst/ngwrdrst.grst.g7serrst.rd_rst_reg[2]_i_1/O
                         net (fo=3, routed)           0.767     7.764    dbg_hub/inst/BSCANID.u_xsdbm_id/CORE_XSDB.UUT_MASTER/U_ICON_INTERFACE/U_CMD6_WR/U_WR_FIFO/SUBCORE_FIFO.xsdbm_v3_0_0_wrfifo_inst/inst_fifo_gen/gconvfifo.rf/grf.rf/rstblk/rd_rst_comb
    SLICE_X0Y81          FDPE                                         f  dbg_hub/inst/BSCANID.u_xsdbm_id/CORE_XSDB.UUT_MASTER/U_ICON_INTERFACE/U_CMD6_WR/U_WR_FIFO/SUBCORE_FIFO.xsdbm_v3_0_0_wrfifo_inst/inst_fifo_gen/gconvfifo.rf/grf.rf/rstblk/ngwrdrst.grst.g7serrst.rd_rst_reg_reg[1]/PRE
  -------------------------------------------------------------------    -------------------

                         (clock sys_clk_pin rise edge)
                                                      8.000     8.000 r  
    K17                                               0.000     8.000 r  clk (IN)
                         net (fo=0)                   0.000     8.000    clk
    K17                  IBUF (Prop_ibuf_I_O)         1.421     9.421 r  clk_IBUF_inst/O
                         net (fo=1, routed)           1.880    11.301    clk_IBUF
    BUFGCTRL_X0Y16       BUFG (Prop_bufg_I_O)         0.091    11.392 r  clk_IBUF_BUFG_inst/O
                         net (fo=2463, routed)        1.524    12.916    dbg_hub/inst/BSCANID.u_xsdbm_id/CORE_XSDB.UUT_MASTER/U_ICON_INTERFACE/U_CMD6_WR/U_WR_FIFO/SUBCORE_FIFO.xsdbm_v3_0_0_wrfifo_inst/inst_fifo_gen/gconvfifo.rf/grf.rf/rstblk/rd_clk
    SLICE_X0Y81          FDPE                                         r  dbg_hub/inst/BSCANID.u_xsdbm_id/CORE_XSDB.UUT_MASTER/U_ICON_INTERFACE/U_CMD6_WR/U_WR_FIFO/SUBCORE_FIFO.xsdbm_v3_0_0_wrfifo_inst/inst_fifo_gen/gconvfifo.rf/grf.rf/rstblk/ngwrdrst.grst.g7serrst.rd_rst_reg_reg[1]/C
                         clock pessimism              0.427    13.343    
                         clock uncertainty           -0.035    13.307    
    SLICE_X0Y81          FDPE (Recov_fdpe_C_PRE)     -0.361    12.946    dbg_hub/inst/BSCANID.u_xsdbm_id/CORE_XSDB.UUT_MASTER/U_ICON_INTERFACE/U_CMD6_WR/U_WR_FIFO/SUBCORE_FIFO.xsdbm_v3_0_0_wrfifo_inst/inst_fifo_gen/gconvfifo.rf/grf.rf/rstblk/ngwrdrst.grst.g7serrst.rd_rst_reg_reg[1]
  -------------------------------------------------------------------
                         required time                         12.946    
                         arrival time                          -7.764    
  -------------------------------------------------------------------
                         slack                                  5.183    

Slack (MET) :             5.272ns  (required time - arrival time)
  Source:                 dbg_hub/inst/BSCANID.u_xsdbm_id/CORE_XSDB.UUT_MASTER/U_ICON_INTERFACE/U_CMD1/ctl_reg_reg[0]/C
                            (rising edge-triggered cell FDRE clocked by sys_clk_pin  {rise@0.000ns fall@4.000ns period=8.000ns})
  Destination:            dbg_hub/inst/BSCANID.u_xsdbm_id/CORE_XSDB.UUT_MASTER/U_XSDB_BUS_CONTROLLER/dec_wdc_r_reg/CLR
                            (recovery check against rising-edge clock sys_clk_pin  {rise@0.000ns fall@4.000ns period=8.000ns})
  Path Group:             **async_default**
  Path Type:              Recovery (Max at Slow Process Corner)
  Requirement:            8.000ns  (sys_clk_pin rise@8.000ns - sys_clk_pin rise@0.000ns)
  Data Path Delay:        2.210ns  (logic 0.456ns (20.636%)  route 1.754ns (79.364%))
  Logic Levels:           0  
  Clock Path Skew:        -0.164ns (DCD - SCD + CPR)
    Destination Clock Delay (DCD):    4.869ns = ( 12.869 - 8.000 ) 
    Source Clock Delay      (SCD):    5.324ns
    Clock Pessimism Removal (CPR):    0.291ns
  Clock Uncertainty:      0.035ns  ((TSJ^2 + TIJ^2)^1/2 + DJ) / 2 + PE
    Total System Jitter     (TSJ):    0.071ns
    Total Input Jitter      (TIJ):    0.000ns
    Discrete Jitter          (DJ):    0.000ns
    Phase Error              (PE):    0.000ns

    Location             Delay type                Incr(ns)  Path(ns)    Netlist Resource(s)
  -------------------------------------------------------------------    -------------------
                         (clock sys_clk_pin rise edge)
                                                      0.000     0.000 r  
    K17                                               0.000     0.000 r  clk (IN)
                         net (fo=0)                   0.000     0.000    clk
    K17                  IBUF (Prop_ibuf_I_O)         1.492     1.492 r  clk_IBUF_inst/O
                         net (fo=1, routed)           2.076     3.568    clk_IBUF
    BUFGCTRL_X0Y16       BUFG (Prop_bufg_I_O)         0.101     3.669 r  clk_IBUF_BUFG_inst/O
                         net (fo=2463, routed)        1.655     5.324    dbg_hub/inst/BSCANID.u_xsdbm_id/CORE_XSDB.UUT_MASTER/U_ICON_INTERFACE/U_CMD1/clk
    SLICE_X19Y86         FDRE                                         r  dbg_hub/inst/BSCANID.u_xsdbm_id/CORE_XSDB.UUT_MASTER/U_ICON_INTERFACE/U_CMD1/ctl_reg_reg[0]/C
  -------------------------------------------------------------------    -------------------
    SLICE_X19Y86         FDRE (Prop_fdre_C_Q)         0.456     5.780 f  dbg_hub/inst/BSCANID.u_xsdbm_id/CORE_XSDB.UUT_MASTER/U_ICON_INTERFACE/U_CMD1/ctl_reg_reg[0]/Q
                         net (fo=168, routed)         1.754     7.534    dbg_hub/inst/BSCANID.u_xsdbm_id/CORE_XSDB.UUT_MASTER/U_XSDB_BUS_CONTROLLER/out[0]
    SLICE_X24Y86         FDCE                                         f  dbg_hub/inst/BSCANID.u_xsdbm_id/CORE_XSDB.UUT_MASTER/U_XSDB_BUS_CONTROLLER/dec_wdc_r_reg/CLR
  -------------------------------------------------------------------    -------------------

                         (clock sys_clk_pin rise edge)
                                                      8.000     8.000 r  
    K17                                               0.000     8.000 r  clk (IN)
                         net (fo=0)                   0.000     8.000    clk
    K17                  IBUF (Prop_ibuf_I_O)         1.421     9.421 r  clk_IBUF_inst/O
                         net (fo=1, routed)           1.880    11.301    clk_IBUF
    BUFGCTRL_X0Y16       BUFG (Prop_bufg_I_O)         0.091    11.392 r  clk_IBUF_BUFG_inst/O
                         net (fo=2463, routed)        1.477    12.869    dbg_hub/inst/BSCANID.u_xsdbm_id/CORE_XSDB.UUT_MASTER/U_XSDB_BUS_CONTROLLER/clk
    SLICE_X24Y86         FDCE                                         r  dbg_hub/inst/BSCANID.u_xsdbm_id/CORE_XSDB.UUT_MASTER/U_XSDB_BUS_CONTROLLER/dec_wdc_r_reg/C
                         clock pessimism              0.291    13.159    
                         clock uncertainty           -0.035    13.124    
    SLICE_X24Y86         FDCE (Recov_fdce_C_CLR)     -0.319    12.805    dbg_hub/inst/BSCANID.u_xsdbm_id/CORE_XSDB.UUT_MASTER/U_XSDB_BUS_CONTROLLER/dec_wdc_r_reg
  -------------------------------------------------------------------
                         required time                         12.805    
                         arrival time                          -7.534    
  -------------------------------------------------------------------
                         slack                                  5.272    

Slack (MET) :             5.289ns  (required time - arrival time)
  Source:                 dbg_hub/inst/BSCANID.u_xsdbm_id/CORE_XSDB.UUT_MASTER/U_ICON_INTERFACE/U_CMD6_RD/U_RD_FIFO/SUBCORE_FIFO.xsdbm_v3_0_0_rdfifo_inst/inst_fifo_gen/gconvfifo.rf/grf.rf/rstblk/ngwrdrst.grst.g7serrst.gwrrd_rst_sync_stage[2].wrst_inst/Q_reg_reg[0]/C
                            (rising edge-triggered cell FDRE clocked by sys_clk_pin  {rise@0.000ns fall@4.000ns period=8.000ns})
  Destination:            dbg_hub/inst/BSCANID.u_xsdbm_id/CORE_XSDB.UUT_MASTER/U_ICON_INTERFACE/U_CMD6_RD/U_RD_FIFO/SUBCORE_FIFO.xsdbm_v3_0_0_rdfifo_inst/inst_fifo_gen/gconvfifo.rf/grf.rf/rstblk/ngwrdrst.grst.g7serrst.wr_rst_reg_reg[0]/PRE
                            (recovery check against rising-edge clock sys_clk_pin  {rise@0.000ns fall@4.000ns period=8.000ns})
  Path Group:             **async_default**
  Path Type:              Recovery (Max at Slow Process Corner)
  Requirement:            8.000ns  (sys_clk_pin rise@8.000ns - sys_clk_pin rise@0.000ns)
  Data Path Delay:        2.259ns  (logic 0.718ns (31.791%)  route 1.541ns (68.209%))
  Logic Levels:           1  (LUT2=1)
  Clock Path Skew:        -0.058ns (DCD - SCD + CPR)
    Destination Clock Delay (DCD):    4.880ns = ( 12.880 - 8.000 ) 
    Source Clock Delay      (SCD):    5.329ns
    Clock Pessimism Removal (CPR):    0.391ns
  Clock Uncertainty:      0.035ns  ((TSJ^2 + TIJ^2)^1/2 + DJ) / 2 + PE
    Total System Jitter     (TSJ):    0.071ns
    Total Input Jitter      (TIJ):    0.000ns
    Discrete Jitter          (DJ):    0.000ns
    Phase Error              (PE):    0.000ns

    Location             Delay type                Incr(ns)  Path(ns)    Netlist Resource(s)
  -------------------------------------------------------------------    -------------------
                         (clock sys_clk_pin rise edge)
                                                      0.000     0.000 r  
    K17                                               0.000     0.000 r  clk (IN)
                         net (fo=0)                   0.000     0.000    clk
    K17                  IBUF (Prop_ibuf_I_O)         1.492     1.492 r  clk_IBUF_inst/O
                         net (fo=1, routed)           2.076     3.568    clk_IBUF
    BUFGCTRL_X0Y16       BUFG (Prop_bufg_I_O)         0.101     3.669 r  clk_IBUF_BUFG_inst/O
                         net (fo=2463, routed)        1.660     5.329    dbg_hub/inst/BSCANID.u_xsdbm_id/CORE_XSDB.UUT_MASTER/U_ICON_INTERFACE/U_CMD6_RD/U_RD_FIFO/SUBCORE_FIFO.xsdbm_v3_0_0_rdfifo_inst/inst_fifo_gen/gconvfifo.rf/grf.rf/rstblk/ngwrdrst.grst.g7serrst.gwrrd_rst_sync_stage[2].wrst_inst/wr_clk
    SLICE_X11Y84         FDRE                                         r  dbg_hub/inst/BSCANID.u_xsdbm_id/CORE_XSDB.UUT_MASTER/U_ICON_INTERFACE/U_CMD6_RD/U_RD_FIFO/SUBCORE_FIFO.xsdbm_v3_0_0_rdfifo_inst/inst_fifo_gen/gconvfifo.rf/grf.rf/rstblk/ngwrdrst.grst.g7serrst.gwrrd_rst_sync_stage[2].wrst_inst/Q_reg_reg[0]/C
  -------------------------------------------------------------------    -------------------
    SLICE_X11Y84         FDRE (Prop_fdre_C_Q)         0.419     5.748 r  dbg_hub/inst/BSCANID.u_xsdbm_id/CORE_XSDB.UUT_MASTER/U_ICON_INTERFACE/U_CMD6_RD/U_RD_FIFO/SUBCORE_FIFO.xsdbm_v3_0_0_rdfifo_inst/inst_fifo_gen/gconvfifo.rf/grf.rf/rstblk/ngwrdrst.grst.g7serrst.gwrrd_rst_sync_stage[2].wrst_inst/Q_reg_reg[0]/Q
                         net (fo=1, routed)           0.805     6.553    dbg_hub/inst/BSCANID.u_xsdbm_id/CORE_XSDB.UUT_MASTER/U_ICON_INTERFACE/U_CMD6_RD/U_RD_FIFO/SUBCORE_FIFO.xsdbm_v3_0_0_rdfifo_inst/inst_fifo_gen/gconvfifo.rf/grf.rf/rstblk/ngwrdrst.grst.g7serrst.gwrrd_rst_sync_stage[2].wrst_inst/Q_reg
    SLICE_X10Y85         LUT2 (Prop_lut2_I1_O)        0.299     6.852 f  dbg_hub/inst/BSCANID.u_xsdbm_id/CORE_XSDB.UUT_MASTER/U_ICON_INTERFACE/U_CMD6_RD/U_RD_FIFO/SUBCORE_FIFO.xsdbm_v3_0_0_rdfifo_inst/inst_fifo_gen/gconvfifo.rf/grf.rf/rstblk/ngwrdrst.grst.g7serrst.gwrrd_rst_sync_stage[2].wrst_inst/ngwrdrst.grst.g7serrst.wr_rst_reg[2]_i_1/O
                         net (fo=3, routed)           0.736     7.587    dbg_hub/inst/BSCANID.u_xsdbm_id/CORE_XSDB.UUT_MASTER/U_ICON_INTERFACE/U_CMD6_RD/U_RD_FIFO/SUBCORE_FIFO.xsdbm_v3_0_0_rdfifo_inst/inst_fifo_gen/gconvfifo.rf/grf.rf/rstblk/wr_rst_comb
    SLICE_X7Y85          FDPE                                         f  dbg_hub/inst/BSCANID.u_xsdbm_id/CORE_XSDB.UUT_MASTER/U_ICON_INTERFACE/U_CMD6_RD/U_RD_FIFO/SUBCORE_FIFO.xsdbm_v3_0_0_rdfifo_inst/inst_fifo_gen/gconvfifo.rf/grf.rf/rstblk/ngwrdrst.grst.g7serrst.wr_rst_reg_reg[0]/PRE
  -------------------------------------------------------------------    -------------------

                         (clock sys_clk_pin rise edge)
                                                      8.000     8.000 r  
    K17                                               0.000     8.000 r  clk (IN)
                         net (fo=0)                   0.000     8.000    clk
    K17                  IBUF (Prop_ibuf_I_O)         1.421     9.421 r  clk_IBUF_inst/O
                         net (fo=1, routed)           1.880    11.301    clk_IBUF
    BUFGCTRL_X0Y16       BUFG (Prop_bufg_I_O)         0.091    11.392 r  clk_IBUF_BUFG_inst/O
                         net (fo=2463, routed)        1.488    12.880    dbg_hub/inst/BSCANID.u_xsdbm_id/CORE_XSDB.UUT_MASTER/U_ICON_INTERFACE/U_CMD6_RD/U_RD_FIFO/SUBCORE_FIFO.xsdbm_v3_0_0_rdfifo_inst/inst_fifo_gen/gconvfifo.rf/grf.rf/rstblk/wr_clk
    SLICE_X7Y85          FDPE                                         r  dbg_hub/inst/BSCANID.u_xsdbm_id/CORE_XSDB.UUT_MASTER/U_ICON_INTERFACE/U_CMD6_RD/U_RD_FIFO/SUBCORE_FIFO.xsdbm_v3_0_0_rdfifo_inst/inst_fifo_gen/gconvfifo.rf/grf.rf/rstblk/ngwrdrst.grst.g7serrst.wr_rst_reg_reg[0]/C
                         clock pessimism              0.391    13.271    
                         clock uncertainty           -0.035    13.235    
    SLICE_X7Y85          FDPE (Recov_fdpe_C_PRE)     -0.359    12.876    dbg_hub/inst/BSCANID.u_xsdbm_id/CORE_XSDB.UUT_MASTER/U_ICON_INTERFACE/U_CMD6_RD/U_RD_FIFO/SUBCORE_FIFO.xsdbm_v3_0_0_rdfifo_inst/inst_fifo_gen/gconvfifo.rf/grf.rf/rstblk/ngwrdrst.grst.g7serrst.wr_rst_reg_reg[0]
  -------------------------------------------------------------------
                         required time                         12.876    
                         arrival time                          -7.587    
  -------------------------------------------------------------------
                         slack                                  5.289    

Slack (MET) :             5.289ns  (required time - arrival time)
  Source:                 dbg_hub/inst/BSCANID.u_xsdbm_id/CORE_XSDB.UUT_MASTER/U_ICON_INTERFACE/U_CMD6_RD/U_RD_FIFO/SUBCORE_FIFO.xsdbm_v3_0_0_rdfifo_inst/inst_fifo_gen/gconvfifo.rf/grf.rf/rstblk/ngwrdrst.grst.g7serrst.gwrrd_rst_sync_stage[2].wrst_inst/Q_reg_reg[0]/C
                            (rising edge-triggered cell FDRE clocked by sys_clk_pin  {rise@0.000ns fall@4.000ns period=8.000ns})
  Destination:            dbg_hub/inst/BSCANID.u_xsdbm_id/CORE_XSDB.UUT_MASTER/U_ICON_INTERFACE/U_CMD6_RD/U_RD_FIFO/SUBCORE_FIFO.xsdbm_v3_0_0_rdfifo_inst/inst_fifo_gen/gconvfifo.rf/grf.rf/rstblk/ngwrdrst.grst.g7serrst.wr_rst_reg_reg[1]/PRE
                            (recovery check against rising-edge clock sys_clk_pin  {rise@0.000ns fall@4.000ns period=8.000ns})
  Path Group:             **async_default**
  Path Type:              Recovery (Max at Slow Process Corner)
  Requirement:            8.000ns  (sys_clk_pin rise@8.000ns - sys_clk_pin rise@0.000ns)
  Data Path Delay:        2.259ns  (logic 0.718ns (31.791%)  route 1.541ns (68.209%))
  Logic Levels:           1  (LUT2=1)
  Clock Path Skew:        -0.058ns (DCD - SCD + CPR)
    Destination Clock Delay (DCD):    4.880ns = ( 12.880 - 8.000 ) 
    Source Clock Delay      (SCD):    5.329ns
    Clock Pessimism Removal (CPR):    0.391ns
  Clock Uncertainty:      0.035ns  ((TSJ^2 + TIJ^2)^1/2 + DJ) / 2 + PE
    Total System Jitter     (TSJ):    0.071ns
    Total Input Jitter      (TIJ):    0.000ns
    Discrete Jitter          (DJ):    0.000ns
    Phase Error              (PE):    0.000ns

    Location             Delay type                Incr(ns)  Path(ns)    Netlist Resource(s)
  -------------------------------------------------------------------    -------------------
                         (clock sys_clk_pin rise edge)
                                                      0.000     0.000 r  
    K17                                               0.000     0.000 r  clk (IN)
                         net (fo=0)                   0.000     0.000    clk
    K17                  IBUF (Prop_ibuf_I_O)         1.492     1.492 r  clk_IBUF_inst/O
                         net (fo=1, routed)           2.076     3.568    clk_IBUF
    BUFGCTRL_X0Y16       BUFG (Prop_bufg_I_O)         0.101     3.669 r  clk_IBUF_BUFG_inst/O
                         net (fo=2463, routed)        1.660     5.329    dbg_hub/inst/BSCANID.u_xsdbm_id/CORE_XSDB.UUT_MASTER/U_ICON_INTERFACE/U_CMD6_RD/U_RD_FIFO/SUBCORE_FIFO.xsdbm_v3_0_0_rdfifo_inst/inst_fifo_gen/gconvfifo.rf/grf.rf/rstblk/ngwrdrst.grst.g7serrst.gwrrd_rst_sync_stage[2].wrst_inst/wr_clk
    SLICE_X11Y84         FDRE                                         r  dbg_hub/inst/BSCANID.u_xsdbm_id/CORE_XSDB.UUT_MASTER/U_ICON_INTERFACE/U_CMD6_RD/U_RD_FIFO/SUBCORE_FIFO.xsdbm_v3_0_0_rdfifo_inst/inst_fifo_gen/gconvfifo.rf/grf.rf/rstblk/ngwrdrst.grst.g7serrst.gwrrd_rst_sync_stage[2].wrst_inst/Q_reg_reg[0]/C
  -------------------------------------------------------------------    -------------------
    SLICE_X11Y84         FDRE (Prop_fdre_C_Q)         0.419     5.748 r  dbg_hub/inst/BSCANID.u_xsdbm_id/CORE_XSDB.UUT_MASTER/U_ICON_INTERFACE/U_CMD6_RD/U_RD_FIFO/SUBCORE_FIFO.xsdbm_v3_0_0_rdfifo_inst/inst_fifo_gen/gconvfifo.rf/grf.rf/rstblk/ngwrdrst.grst.g7serrst.gwrrd_rst_sync_stage[2].wrst_inst/Q_reg_reg[0]/Q
                         net (fo=1, routed)           0.805     6.553    dbg_hub/inst/BSCANID.u_xsdbm_id/CORE_XSDB.UUT_MASTER/U_ICON_INTERFACE/U_CMD6_RD/U_RD_FIFO/SUBCORE_FIFO.xsdbm_v3_0_0_rdfifo_inst/inst_fifo_gen/gconvfifo.rf/grf.rf/rstblk/ngwrdrst.grst.g7serrst.gwrrd_rst_sync_stage[2].wrst_inst/Q_reg
    SLICE_X10Y85         LUT2 (Prop_lut2_I1_O)        0.299     6.852 f  dbg_hub/inst/BSCANID.u_xsdbm_id/CORE_XSDB.UUT_MASTER/U_ICON_INTERFACE/U_CMD6_RD/U_RD_FIFO/SUBCORE_FIFO.xsdbm_v3_0_0_rdfifo_inst/inst_fifo_gen/gconvfifo.rf/grf.rf/rstblk/ngwrdrst.grst.g7serrst.gwrrd_rst_sync_stage[2].wrst_inst/ngwrdrst.grst.g7serrst.wr_rst_reg[2]_i_1/O
                         net (fo=3, routed)           0.736     7.587    dbg_hub/inst/BSCANID.u_xsdbm_id/CORE_XSDB.UUT_MASTER/U_ICON_INTERFACE/U_CMD6_RD/U_RD_FIFO/SUBCORE_FIFO.xsdbm_v3_0_0_rdfifo_inst/inst_fifo_gen/gconvfifo.rf/grf.rf/rstblk/wr_rst_comb
    SLICE_X7Y85          FDPE                                         f  dbg_hub/inst/BSCANID.u_xsdbm_id/CORE_XSDB.UUT_MASTER/U_ICON_INTERFACE/U_CMD6_RD/U_RD_FIFO/SUBCORE_FIFO.xsdbm_v3_0_0_rdfifo_inst/inst_fifo_gen/gconvfifo.rf/grf.rf/rstblk/ngwrdrst.grst.g7serrst.wr_rst_reg_reg[1]/PRE
  -------------------------------------------------------------------    -------------------

                         (clock sys_clk_pin rise edge)
                                                      8.000     8.000 r  
    K17                                               0.000     8.000 r  clk (IN)
                         net (fo=0)                   0.000     8.000    clk
    K17                  IBUF (Prop_ibuf_I_O)         1.421     9.421 r  clk_IBUF_inst/O
                         net (fo=1, routed)           1.880    11.301    clk_IBUF
    BUFGCTRL_X0Y16       BUFG (Prop_bufg_I_O)         0.091    11.392 r  clk_IBUF_BUFG_inst/O
                         net (fo=2463, routed)        1.488    12.880    dbg_hub/inst/BSCANID.u_xsdbm_id/CORE_XSDB.UUT_MASTER/U_ICON_INTERFACE/U_CMD6_RD/U_RD_FIFO/SUBCORE_FIFO.xsdbm_v3_0_0_rdfifo_inst/inst_fifo_gen/gconvfifo.rf/grf.rf/rstblk/wr_clk
    SLICE_X7Y85          FDPE                                         r  dbg_hub/inst/BSCANID.u_xsdbm_id/CORE_XSDB.UUT_MASTER/U_ICON_INTERFACE/U_CMD6_RD/U_RD_FIFO/SUBCORE_FIFO.xsdbm_v3_0_0_rdfifo_inst/inst_fifo_gen/gconvfifo.rf/grf.rf/rstblk/ngwrdrst.grst.g7serrst.wr_rst_reg_reg[1]/C
                         clock pessimism              0.391    13.271    
                         clock uncertainty           -0.035    13.235    
    SLICE_X7Y85          FDPE (Recov_fdpe_C_PRE)     -0.359    12.876    dbg_hub/inst/BSCANID.u_xsdbm_id/CORE_XSDB.UUT_MASTER/U_ICON_INTERFACE/U_CMD6_RD/U_RD_FIFO/SUBCORE_FIFO.xsdbm_v3_0_0_rdfifo_inst/inst_fifo_gen/gconvfifo.rf/grf.rf/rstblk/ngwrdrst.grst.g7serrst.wr_rst_reg_reg[1]
  -------------------------------------------------------------------
                         required time                         12.876    
                         arrival time                          -7.587    
  -------------------------------------------------------------------
                         slack                                  5.289    

Slack (MET) :             5.289ns  (required time - arrival time)
  Source:                 dbg_hub/inst/BSCANID.u_xsdbm_id/CORE_XSDB.UUT_MASTER/U_ICON_INTERFACE/U_CMD6_RD/U_RD_FIFO/SUBCORE_FIFO.xsdbm_v3_0_0_rdfifo_inst/inst_fifo_gen/gconvfifo.rf/grf.rf/rstblk/ngwrdrst.grst.g7serrst.gwrrd_rst_sync_stage[2].wrst_inst/Q_reg_reg[0]/C
                            (rising edge-triggered cell FDRE clocked by sys_clk_pin  {rise@0.000ns fall@4.000ns period=8.000ns})
  Destination:            dbg_hub/inst/BSCANID.u_xsdbm_id/CORE_XSDB.UUT_MASTER/U_ICON_INTERFACE/U_CMD6_RD/U_RD_FIFO/SUBCORE_FIFO.xsdbm_v3_0_0_rdfifo_inst/inst_fifo_gen/gconvfifo.rf/grf.rf/rstblk/ngwrdrst.grst.g7serrst.wr_rst_reg_reg[2]/PRE
                            (recovery check against rising-edge clock sys_clk_pin  {rise@0.000ns fall@4.000ns period=8.000ns})
  Path Group:             **async_default**
  Path Type:              Recovery (Max at Slow Process Corner)
  Requirement:            8.000ns  (sys_clk_pin rise@8.000ns - sys_clk_pin rise@0.000ns)
  Data Path Delay:        2.259ns  (logic 0.718ns (31.791%)  route 1.541ns (68.209%))
  Logic Levels:           1  (LUT2=1)
  Clock Path Skew:        -0.058ns (DCD - SCD + CPR)
    Destination Clock Delay (DCD):    4.880ns = ( 12.880 - 8.000 ) 
    Source Clock Delay      (SCD):    5.329ns
    Clock Pessimism Removal (CPR):    0.391ns
  Clock Uncertainty:      0.035ns  ((TSJ^2 + TIJ^2)^1/2 + DJ) / 2 + PE
    Total System Jitter     (TSJ):    0.071ns
    Total Input Jitter      (TIJ):    0.000ns
    Discrete Jitter          (DJ):    0.000ns
    Phase Error              (PE):    0.000ns

    Location             Delay type                Incr(ns)  Path(ns)    Netlist Resource(s)
  -------------------------------------------------------------------    -------------------
                         (clock sys_clk_pin rise edge)
                                                      0.000     0.000 r  
    K17                                               0.000     0.000 r  clk (IN)
                         net (fo=0)                   0.000     0.000    clk
    K17                  IBUF (Prop_ibuf_I_O)         1.492     1.492 r  clk_IBUF_inst/O
                         net (fo=1, routed)           2.076     3.568    clk_IBUF
    BUFGCTRL_X0Y16       BUFG (Prop_bufg_I_O)         0.101     3.669 r  clk_IBUF_BUFG_inst/O
                         net (fo=2463, routed)        1.660     5.329    dbg_hub/inst/BSCANID.u_xsdbm_id/CORE_XSDB.UUT_MASTER/U_ICON_INTERFACE/U_CMD6_RD/U_RD_FIFO/SUBCORE_FIFO.xsdbm_v3_0_0_rdfifo_inst/inst_fifo_gen/gconvfifo.rf/grf.rf/rstblk/ngwrdrst.grst.g7serrst.gwrrd_rst_sync_stage[2].wrst_inst/wr_clk
    SLICE_X11Y84         FDRE                                         r  dbg_hub/inst/BSCANID.u_xsdbm_id/CORE_XSDB.UUT_MASTER/U_ICON_INTERFACE/U_CMD6_RD/U_RD_FIFO/SUBCORE_FIFO.xsdbm_v3_0_0_rdfifo_inst/inst_fifo_gen/gconvfifo.rf/grf.rf/rstblk/ngwrdrst.grst.g7serrst.gwrrd_rst_sync_stage[2].wrst_inst/Q_reg_reg[0]/C
  -------------------------------------------------------------------    -------------------
    SLICE_X11Y84         FDRE (Prop_fdre_C_Q)         0.419     5.748 r  dbg_hub/inst/BSCANID.u_xsdbm_id/CORE_XSDB.UUT_MASTER/U_ICON_INTERFACE/U_CMD6_RD/U_RD_FIFO/SUBCORE_FIFO.xsdbm_v3_0_0_rdfifo_inst/inst_fifo_gen/gconvfifo.rf/grf.rf/rstblk/ngwrdrst.grst.g7serrst.gwrrd_rst_sync_stage[2].wrst_inst/Q_reg_reg[0]/Q
                         net (fo=1, routed)           0.805     6.553    dbg_hub/inst/BSCANID.u_xsdbm_id/CORE_XSDB.UUT_MASTER/U_ICON_INTERFACE/U_CMD6_RD/U_RD_FIFO/SUBCORE_FIFO.xsdbm_v3_0_0_rdfifo_inst/inst_fifo_gen/gconvfifo.rf/grf.rf/rstblk/ngwrdrst.grst.g7serrst.gwrrd_rst_sync_stage[2].wrst_inst/Q_reg
    SLICE_X10Y85         LUT2 (Prop_lut2_I1_O)        0.299     6.852 f  dbg_hub/inst/BSCANID.u_xsdbm_id/CORE_XSDB.UUT_MASTER/U_ICON_INTERFACE/U_CMD6_RD/U_RD_FIFO/SUBCORE_FIFO.xsdbm_v3_0_0_rdfifo_inst/inst_fifo_gen/gconvfifo.rf/grf.rf/rstblk/ngwrdrst.grst.g7serrst.gwrrd_rst_sync_stage[2].wrst_inst/ngwrdrst.grst.g7serrst.wr_rst_reg[2]_i_1/O
                         net (fo=3, routed)           0.736     7.587    dbg_hub/inst/BSCANID.u_xsdbm_id/CORE_XSDB.UUT_MASTER/U_ICON_INTERFACE/U_CMD6_RD/U_RD_FIFO/SUBCORE_FIFO.xsdbm_v3_0_0_rdfifo_inst/inst_fifo_gen/gconvfifo.rf/grf.rf/rstblk/wr_rst_comb
    SLICE_X7Y85          FDPE                                         f  dbg_hub/inst/BSCANID.u_xsdbm_id/CORE_XSDB.UUT_MASTER/U_ICON_INTERFACE/U_CMD6_RD/U_RD_FIFO/SUBCORE_FIFO.xsdbm_v3_0_0_rdfifo_inst/inst_fifo_gen/gconvfifo.rf/grf.rf/rstblk/ngwrdrst.grst.g7serrst.wr_rst_reg_reg[2]/PRE
  -------------------------------------------------------------------    -------------------

                         (clock sys_clk_pin rise edge)
                                                      8.000     8.000 r  
    K17                                               0.000     8.000 r  clk (IN)
                         net (fo=0)                   0.000     8.000    clk
    K17                  IBUF (Prop_ibuf_I_O)         1.421     9.421 r  clk_IBUF_inst/O
                         net (fo=1, routed)           1.880    11.301    clk_IBUF
    BUFGCTRL_X0Y16       BUFG (Prop_bufg_I_O)         0.091    11.392 r  clk_IBUF_BUFG_inst/O
                         net (fo=2463, routed)        1.488    12.880    dbg_hub/inst/BSCANID.u_xsdbm_id/CORE_XSDB.UUT_MASTER/U_ICON_INTERFACE/U_CMD6_RD/U_RD_FIFO/SUBCORE_FIFO.xsdbm_v3_0_0_rdfifo_inst/inst_fifo_gen/gconvfifo.rf/grf.rf/rstblk/wr_clk
    SLICE_X7Y85          FDPE                                         r  dbg_hub/inst/BSCANID.u_xsdbm_id/CORE_XSDB.UUT_MASTER/U_ICON_INTERFACE/U_CMD6_RD/U_RD_FIFO/SUBCORE_FIFO.xsdbm_v3_0_0_rdfifo_inst/inst_fifo_gen/gconvfifo.rf/grf.rf/rstblk/ngwrdrst.grst.g7serrst.wr_rst_reg_reg[2]/C
                         clock pessimism              0.391    13.271    
                         clock uncertainty           -0.035    13.235    
    SLICE_X7Y85          FDPE (Recov_fdpe_C_PRE)     -0.359    12.876    dbg_hub/inst/BSCANID.u_xsdbm_id/CORE_XSDB.UUT_MASTER/U_ICON_INTERFACE/U_CMD6_RD/U_RD_FIFO/SUBCORE_FIFO.xsdbm_v3_0_0_rdfifo_inst/inst_fifo_gen/gconvfifo.rf/grf.rf/rstblk/ngwrdrst.grst.g7serrst.wr_rst_reg_reg[2]
  -------------------------------------------------------------------
                         required time                         12.876    
                         arrival time                          -7.587    
  -------------------------------------------------------------------
                         slack                                  5.289    

Slack (MET) :             5.328ns  (required time - arrival time)
  Source:                 dbg_hub/inst/BSCANID.u_xsdbm_id/CORE_XSDB.UUT_MASTER/U_ICON_INTERFACE/U_CMD6_WR/U_WR_FIFO/SUBCORE_FIFO.xsdbm_v3_0_0_wrfifo_inst/inst_fifo_gen/gconvfifo.rf/grf.rf/rstblk/ngwrdrst.grst.g7serrst.gwrrd_rst_sync_stage[2].rrst_inst/Q_reg_reg[0]/C
                            (rising edge-triggered cell FDRE clocked by sys_clk_pin  {rise@0.000ns fall@4.000ns period=8.000ns})
  Destination:            dbg_hub/inst/BSCANID.u_xsdbm_id/CORE_XSDB.UUT_MASTER/U_ICON_INTERFACE/U_CMD6_WR/U_WR_FIFO/SUBCORE_FIFO.xsdbm_v3_0_0_wrfifo_inst/inst_fifo_gen/gconvfifo.rf/grf.rf/rstblk/ngwrdrst.grst.g7serrst.rd_rst_reg_reg[0]/PRE
                            (recovery check against rising-edge clock sys_clk_pin  {rise@0.000ns fall@4.000ns period=8.000ns})
  Path Group:             **async_default**
  Path Type:              Recovery (Max at Slow Process Corner)
  Requirement:            8.000ns  (sys_clk_pin rise@8.000ns - sys_clk_pin rise@0.000ns)
  Data Path Delay:        2.253ns  (logic 0.773ns (34.312%)  route 1.480ns (65.688%))
  Logic Levels:           1  (LUT2=1)
  Clock Path Skew:        -0.025ns (DCD - SCD + CPR)
    Destination Clock Delay (DCD):    4.918ns = ( 12.918 - 8.000 ) 
    Source Clock Delay      (SCD):    5.370ns
    Clock Pessimism Removal (CPR):    0.427ns
  Clock Uncertainty:      0.035ns  ((TSJ^2 + TIJ^2)^1/2 + DJ) / 2 + PE
    Total System Jitter     (TSJ):    0.071ns
    Total Input Jitter      (TIJ):    0.000ns
    Discrete Jitter          (DJ):    0.000ns
    Phase Error              (PE):    0.000ns

    Location             Delay type                Incr(ns)  Path(ns)    Netlist Resource(s)
  -------------------------------------------------------------------    -------------------
                         (clock sys_clk_pin rise edge)
                                                      0.000     0.000 r  
    K17                                               0.000     0.000 r  clk (IN)
                         net (fo=0)                   0.000     0.000    clk
    K17                  IBUF (Prop_ibuf_I_O)         1.492     1.492 r  clk_IBUF_inst/O
                         net (fo=1, routed)           2.076     3.568    clk_IBUF
    BUFGCTRL_X0Y16       BUFG (Prop_bufg_I_O)         0.101     3.669 r  clk_IBUF_BUFG_inst/O
                         net (fo=2463, routed)        1.701     5.370    dbg_hub/inst/BSCANID.u_xsdbm_id/CORE_XSDB.UUT_MASTER/U_ICON_INTERFACE/U_CMD6_WR/U_WR_FIFO/SUBCORE_FIFO.xsdbm_v3_0_0_wrfifo_inst/inst_fifo_gen/gconvfifo.rf/grf.rf/rstblk/ngwrdrst.grst.g7serrst.gwrrd_rst_sync_stage[2].rrst_inst/rd_clk
    SLICE_X0Y83          FDRE                                         r  dbg_hub/inst/BSCANID.u_xsdbm_id/CORE_XSDB.UUT_MASTER/U_ICON_INTERFACE/U_CMD6_WR/U_WR_FIFO/SUBCORE_FIFO.xsdbm_v3_0_0_wrfifo_inst/inst_fifo_gen/gconvfifo.rf/grf.rf/rstblk/ngwrdrst.grst.g7serrst.gwrrd_rst_sync_stage[2].rrst_inst/Q_reg_reg[0]/C
  -------------------------------------------------------------------    -------------------
    SLICE_X0Y83          FDRE (Prop_fdre_C_Q)         0.478     5.848 r  dbg_hub/inst/BSCANID.u_xsdbm_id/CORE_XSDB.UUT_MASTER/U_ICON_INTERFACE/U_CMD6_WR/U_WR_FIFO/SUBCORE_FIFO.xsdbm_v3_0_0_wrfifo_inst/inst_fifo_gen/gconvfifo.rf/grf.rf/rstblk/ngwrdrst.grst.g7serrst.gwrrd_rst_sync_stage[2].rrst_inst/Q_reg_reg[0]/Q
                         net (fo=1, routed)           0.853     6.701    dbg_hub/inst/BSCANID.u_xsdbm_id/CORE_XSDB.UUT_MASTER/U_ICON_INTERFACE/U_CMD6_WR/U_WR_FIFO/SUBCORE_FIFO.xsdbm_v3_0_0_wrfifo_inst/inst_fifo_gen/gconvfifo.rf/grf.rf/rstblk/ngwrdrst.grst.g7serrst.gwrrd_rst_sync_stage[2].rrst_inst/Q_reg
    SLICE_X0Y83          LUT2 (Prop_lut2_I1_O)        0.295     6.996 f  dbg_hub/inst/BSCANID.u_xsdbm_id/CORE_XSDB.UUT_MASTER/U_ICON_INTERFACE/U_CMD6_WR/U_WR_FIFO/SUBCORE_FIFO.xsdbm_v3_0_0_wrfifo_inst/inst_fifo_gen/gconvfifo.rf/grf.rf/rstblk/ngwrdrst.grst.g7serrst.gwrrd_rst_sync_stage[2].rrst_inst/ngwrdrst.grst.g7serrst.rd_rst_reg[2]_i_1/O
                         net (fo=3, routed)           0.626     7.623    dbg_hub/inst/BSCANID.u_xsdbm_id/CORE_XSDB.UUT_MASTER/U_ICON_INTERFACE/U_CMD6_WR/U_WR_FIFO/SUBCORE_FIFO.xsdbm_v3_0_0_wrfifo_inst/inst_fifo_gen/gconvfifo.rf/grf.rf/rstblk/rd_rst_comb
    SLICE_X1Y82          FDPE                                         f  dbg_hub/inst/BSCANID.u_xsdbm_id/CORE_XSDB.UUT_MASTER/U_ICON_INTERFACE/U_CMD6_WR/U_WR_FIFO/SUBCORE_FIFO.xsdbm_v3_0_0_wrfifo_inst/inst_fifo_gen/gconvfifo.rf/grf.rf/rstblk/ngwrdrst.grst.g7serrst.rd_rst_reg_reg[0]/PRE
  -------------------------------------------------------------------    -------------------

                         (clock sys_clk_pin rise edge)
                                                      8.000     8.000 r  
    K17                                               0.000     8.000 r  clk (IN)
                         net (fo=0)                   0.000     8.000    clk
    K17                  IBUF (Prop_ibuf_I_O)         1.421     9.421 r  clk_IBUF_inst/O
                         net (fo=1, routed)           1.880    11.301    clk_IBUF
    BUFGCTRL_X0Y16       BUFG (Prop_bufg_I_O)         0.091    11.392 r  clk_IBUF_BUFG_inst/O
                         net (fo=2463, routed)        1.526    12.918    dbg_hub/inst/BSCANID.u_xsdbm_id/CORE_XSDB.UUT_MASTER/U_ICON_INTERFACE/U_CMD6_WR/U_WR_FIFO/SUBCORE_FIFO.xsdbm_v3_0_0_wrfifo_inst/inst_fifo_gen/gconvfifo.rf/grf.rf/rstblk/rd_clk
    SLICE_X1Y82          FDPE                                         r  dbg_hub/inst/BSCANID.u_xsdbm_id/CORE_XSDB.UUT_MASTER/U_ICON_INTERFACE/U_CMD6_WR/U_WR_FIFO/SUBCORE_FIFO.xsdbm_v3_0_0_wrfifo_inst/inst_fifo_gen/gconvfifo.rf/grf.rf/rstblk/ngwrdrst.grst.g7serrst.rd_rst_reg_reg[0]/C
                         clock pessimism              0.427    13.345    
                         clock uncertainty           -0.035    13.309    
    SLICE_X1Y82          FDPE (Recov_fdpe_C_PRE)     -0.359    12.950    dbg_hub/inst/BSCANID.u_xsdbm_id/CORE_XSDB.UUT_MASTER/U_ICON_INTERFACE/U_CMD6_WR/U_WR_FIFO/SUBCORE_FIFO.xsdbm_v3_0_0_wrfifo_inst/inst_fifo_gen/gconvfifo.rf/grf.rf/rstblk/ngwrdrst.grst.g7serrst.rd_rst_reg_reg[0]
  -------------------------------------------------------------------
                         required time                         12.950    
                         arrival time                          -7.623    
  -------------------------------------------------------------------
                         slack                                  5.328    

Slack (MET) :             5.637ns  (required time - arrival time)
  Source:                 dbg_hub/inst/BSCANID.u_xsdbm_id/CORE_XSDB.UUT_MASTER/U_ICON_INTERFACE/U_CMD1/ctl_reg_reg[0]/C
                            (rising edge-triggered cell FDRE clocked by sys_clk_pin  {rise@0.000ns fall@4.000ns period=8.000ns})
  Destination:            dbg_hub/inst/BSCANID.u_xsdbm_id/CORE_XSDB.UUT_MASTER/U_XSDB_BUS_CONTROLLER/clr_rd_req_reg/CLR
                            (recovery check against rising-edge clock sys_clk_pin  {rise@0.000ns fall@4.000ns period=8.000ns})
  Path Group:             **async_default**
  Path Type:              Recovery (Max at Slow Process Corner)
  Requirement:            8.000ns  (sys_clk_pin rise@8.000ns - sys_clk_pin rise@0.000ns)
  Data Path Delay:        1.898ns  (logic 0.456ns (24.027%)  route 1.442ns (75.973%))
  Logic Levels:           0  
  Clock Path Skew:        -0.025ns (DCD - SCD + CPR)
    Destination Clock Delay (DCD):    4.874ns = ( 12.874 - 8.000 ) 
    Source Clock Delay      (SCD):    5.324ns
    Clock Pessimism Removal (CPR):    0.425ns
  Clock Uncertainty:      0.035ns  ((TSJ^2 + TIJ^2)^1/2 + DJ) / 2 + PE
    Total System Jitter     (TSJ):    0.071ns
    Total Input Jitter      (TIJ):    0.000ns
    Discrete Jitter          (DJ):    0.000ns
    Phase Error              (PE):    0.000ns

    Location             Delay type                Incr(ns)  Path(ns)    Netlist Resource(s)
  -------------------------------------------------------------------    -------------------
                         (clock sys_clk_pin rise edge)
                                                      0.000     0.000 r  
    K17                                               0.000     0.000 r  clk (IN)
                         net (fo=0)                   0.000     0.000    clk
    K17                  IBUF (Prop_ibuf_I_O)         1.492     1.492 r  clk_IBUF_inst/O
                         net (fo=1, routed)           2.076     3.568    clk_IBUF
    BUFGCTRL_X0Y16       BUFG (Prop_bufg_I_O)         0.101     3.669 r  clk_IBUF_BUFG_inst/O
                         net (fo=2463, routed)        1.655     5.324    dbg_hub/inst/BSCANID.u_xsdbm_id/CORE_XSDB.UUT_MASTER/U_ICON_INTERFACE/U_CMD1/clk
    SLICE_X19Y86         FDRE                                         r  dbg_hub/inst/BSCANID.u_xsdbm_id/CORE_XSDB.UUT_MASTER/U_ICON_INTERFACE/U_CMD1/ctl_reg_reg[0]/C
  -------------------------------------------------------------------    -------------------
    SLICE_X19Y86         FDRE (Prop_fdre_C_Q)         0.456     5.780 f  dbg_hub/inst/BSCANID.u_xsdbm_id/CORE_XSDB.UUT_MASTER/U_ICON_INTERFACE/U_CMD1/ctl_reg_reg[0]/Q
                         net (fo=168, routed)         1.442     7.222    dbg_hub/inst/BSCANID.u_xsdbm_id/CORE_XSDB.UUT_MASTER/U_XSDB_BUS_CONTROLLER/out[0]
    SLICE_X17Y85         FDCE                                         f  dbg_hub/inst/BSCANID.u_xsdbm_id/CORE_XSDB.UUT_MASTER/U_XSDB_BUS_CONTROLLER/clr_rd_req_reg/CLR
  -------------------------------------------------------------------    -------------------

                         (clock sys_clk_pin rise edge)
                                                      8.000     8.000 r  
    K17                                               0.000     8.000 r  clk (IN)
                         net (fo=0)                   0.000     8.000    clk
    K17                  IBUF (Prop_ibuf_I_O)         1.421     9.421 r  clk_IBUF_inst/O
                         net (fo=1, routed)           1.880    11.301    clk_IBUF
    BUFGCTRL_X0Y16       BUFG (Prop_bufg_I_O)         0.091    11.392 r  clk_IBUF_BUFG_inst/O
                         net (fo=2463, routed)        1.482    12.874    dbg_hub/inst/BSCANID.u_xsdbm_id/CORE_XSDB.UUT_MASTER/U_XSDB_BUS_CONTROLLER/clk
    SLICE_X17Y85         FDCE                                         r  dbg_hub/inst/BSCANID.u_xsdbm_id/CORE_XSDB.UUT_MASTER/U_XSDB_BUS_CONTROLLER/clr_rd_req_reg/C
                         clock pessimism              0.425    13.299    
                         clock uncertainty           -0.035    13.263    
    SLICE_X17Y85         FDCE (Recov_fdce_C_CLR)     -0.405    12.858    dbg_hub/inst/BSCANID.u_xsdbm_id/CORE_XSDB.UUT_MASTER/U_XSDB_BUS_CONTROLLER/clr_rd_req_reg
  -------------------------------------------------------------------
                         required time                         12.858    
                         arrival time                          -7.222    
  -------------------------------------------------------------------
                         slack                                  5.637    

Slack (MET) :             5.637ns  (required time - arrival time)
  Source:                 dbg_hub/inst/BSCANID.u_xsdbm_id/CORE_XSDB.UUT_MASTER/U_ICON_INTERFACE/U_CMD1/ctl_reg_reg[0]/C
                            (rising edge-triggered cell FDRE clocked by sys_clk_pin  {rise@0.000ns fall@4.000ns period=8.000ns})
  Destination:            dbg_hub/inst/BSCANID.u_xsdbm_id/CORE_XSDB.UUT_MASTER/U_XSDB_BUS_CONTROLLER/current_state_reg[2]/CLR
                            (recovery check against rising-edge clock sys_clk_pin  {rise@0.000ns fall@4.000ns period=8.000ns})
  Path Group:             **async_default**
  Path Type:              Recovery (Max at Slow Process Corner)
  Requirement:            8.000ns  (sys_clk_pin rise@8.000ns - sys_clk_pin rise@0.000ns)
  Data Path Delay:        1.898ns  (logic 0.456ns (24.027%)  route 1.442ns (75.973%))
  Logic Levels:           0  
  Clock Path Skew:        -0.025ns (DCD - SCD + CPR)
    Destination Clock Delay (DCD):    4.874ns = ( 12.874 - 8.000 ) 
    Source Clock Delay      (SCD):    5.324ns
    Clock Pessimism Removal (CPR):    0.425ns
  Clock Uncertainty:      0.035ns  ((TSJ^2 + TIJ^2)^1/2 + DJ) / 2 + PE
    Total System Jitter     (TSJ):    0.071ns
    Total Input Jitter      (TIJ):    0.000ns
    Discrete Jitter          (DJ):    0.000ns
    Phase Error              (PE):    0.000ns

    Location             Delay type                Incr(ns)  Path(ns)    Netlist Resource(s)
  -------------------------------------------------------------------    -------------------
                         (clock sys_clk_pin rise edge)
                                                      0.000     0.000 r  
    K17                                               0.000     0.000 r  clk (IN)
                         net (fo=0)                   0.000     0.000    clk
    K17                  IBUF (Prop_ibuf_I_O)         1.492     1.492 r  clk_IBUF_inst/O
                         net (fo=1, routed)           2.076     3.568    clk_IBUF
    BUFGCTRL_X0Y16       BUFG (Prop_bufg_I_O)         0.101     3.669 r  clk_IBUF_BUFG_inst/O
                         net (fo=2463, routed)        1.655     5.324    dbg_hub/inst/BSCANID.u_xsdbm_id/CORE_XSDB.UUT_MASTER/U_ICON_INTERFACE/U_CMD1/clk
    SLICE_X19Y86         FDRE                                         r  dbg_hub/inst/BSCANID.u_xsdbm_id/CORE_XSDB.UUT_MASTER/U_ICON_INTERFACE/U_CMD1/ctl_reg_reg[0]/C
  -------------------------------------------------------------------    -------------------
    SLICE_X19Y86         FDRE (Prop_fdre_C_Q)         0.456     5.780 f  dbg_hub/inst/BSCANID.u_xsdbm_id/CORE_XSDB.UUT_MASTER/U_ICON_INTERFACE/U_CMD1/ctl_reg_reg[0]/Q
                         net (fo=168, routed)         1.442     7.222    dbg_hub/inst/BSCANID.u_xsdbm_id/CORE_XSDB.UUT_MASTER/U_XSDB_BUS_CONTROLLER/out[0]
    SLICE_X17Y85         FDCE                                         f  dbg_hub/inst/BSCANID.u_xsdbm_id/CORE_XSDB.UUT_MASTER/U_XSDB_BUS_CONTROLLER/current_state_reg[2]/CLR
  -------------------------------------------------------------------    -------------------

                         (clock sys_clk_pin rise edge)
                                                      8.000     8.000 r  
    K17                                               0.000     8.000 r  clk (IN)
                         net (fo=0)                   0.000     8.000    clk
    K17                  IBUF (Prop_ibuf_I_O)         1.421     9.421 r  clk_IBUF_inst/O
                         net (fo=1, routed)           1.880    11.301    clk_IBUF
    BUFGCTRL_X0Y16       BUFG (Prop_bufg_I_O)         0.091    11.392 r  clk_IBUF_BUFG_inst/O
                         net (fo=2463, routed)        1.482    12.874    dbg_hub/inst/BSCANID.u_xsdbm_id/CORE_XSDB.UUT_MASTER/U_XSDB_BUS_CONTROLLER/clk
    SLICE_X17Y85         FDCE                                         r  dbg_hub/inst/BSCANID.u_xsdbm_id/CORE_XSDB.UUT_MASTER/U_XSDB_BUS_CONTROLLER/current_state_reg[2]/C
                         clock pessimism              0.425    13.299    
                         clock uncertainty           -0.035    13.263    
    SLICE_X17Y85         FDCE (Recov_fdce_C_CLR)     -0.405    12.858    dbg_hub/inst/BSCANID.u_xsdbm_id/CORE_XSDB.UUT_MASTER/U_XSDB_BUS_CONTROLLER/current_state_reg[2]
  -------------------------------------------------------------------
                         required time                         12.858    
                         arrival time                          -7.222    
  -------------------------------------------------------------------
                         slack                                  5.637    

Slack (MET) :             5.637ns  (required time - arrival time)
  Source:                 dbg_hub/inst/BSCANID.u_xsdbm_id/CORE_XSDB.UUT_MASTER/U_ICON_INTERFACE/U_CMD1/ctl_reg_reg[0]/C
                            (rising edge-triggered cell FDRE clocked by sys_clk_pin  {rise@0.000ns fall@4.000ns period=8.000ns})
  Destination:            dbg_hub/inst/BSCANID.u_xsdbm_id/CORE_XSDB.UUT_MASTER/U_XSDB_BUS_CONTROLLER/current_state_reg[3]/CLR
                            (recovery check against rising-edge clock sys_clk_pin  {rise@0.000ns fall@4.000ns period=8.000ns})
  Path Group:             **async_default**
  Path Type:              Recovery (Max at Slow Process Corner)
  Requirement:            8.000ns  (sys_clk_pin rise@8.000ns - sys_clk_pin rise@0.000ns)
  Data Path Delay:        1.898ns  (logic 0.456ns (24.027%)  route 1.442ns (75.973%))
  Logic Levels:           0  
  Clock Path Skew:        -0.025ns (DCD - SCD + CPR)
    Destination Clock Delay (DCD):    4.874ns = ( 12.874 - 8.000 ) 
    Source Clock Delay      (SCD):    5.324ns
    Clock Pessimism Removal (CPR):    0.425ns
  Clock Uncertainty:      0.035ns  ((TSJ^2 + TIJ^2)^1/2 + DJ) / 2 + PE
    Total System Jitter     (TSJ):    0.071ns
    Total Input Jitter      (TIJ):    0.000ns
    Discrete Jitter          (DJ):    0.000ns
    Phase Error              (PE):    0.000ns

    Location             Delay type                Incr(ns)  Path(ns)    Netlist Resource(s)
  -------------------------------------------------------------------    -------------------
                         (clock sys_clk_pin rise edge)
                                                      0.000     0.000 r  
    K17                                               0.000     0.000 r  clk (IN)
                         net (fo=0)                   0.000     0.000    clk
    K17                  IBUF (Prop_ibuf_I_O)         1.492     1.492 r  clk_IBUF_inst/O
                         net (fo=1, routed)           2.076     3.568    clk_IBUF
    BUFGCTRL_X0Y16       BUFG (Prop_bufg_I_O)         0.101     3.669 r  clk_IBUF_BUFG_inst/O
                         net (fo=2463, routed)        1.655     5.324    dbg_hub/inst/BSCANID.u_xsdbm_id/CORE_XSDB.UUT_MASTER/U_ICON_INTERFACE/U_CMD1/clk
    SLICE_X19Y86         FDRE                                         r  dbg_hub/inst/BSCANID.u_xsdbm_id/CORE_XSDB.UUT_MASTER/U_ICON_INTERFACE/U_CMD1/ctl_reg_reg[0]/C
  -------------------------------------------------------------------    -------------------
    SLICE_X19Y86         FDRE (Prop_fdre_C_Q)         0.456     5.780 f  dbg_hub/inst/BSCANID.u_xsdbm_id/CORE_XSDB.UUT_MASTER/U_ICON_INTERFACE/U_CMD1/ctl_reg_reg[0]/Q
                         net (fo=168, routed)         1.442     7.222    dbg_hub/inst/BSCANID.u_xsdbm_id/CORE_XSDB.UUT_MASTER/U_XSDB_BUS_CONTROLLER/out[0]
    SLICE_X17Y85         FDCE                                         f  dbg_hub/inst/BSCANID.u_xsdbm_id/CORE_XSDB.UUT_MASTER/U_XSDB_BUS_CONTROLLER/current_state_reg[3]/CLR
  -------------------------------------------------------------------    -------------------

                         (clock sys_clk_pin rise edge)
                                                      8.000     8.000 r  
    K17                                               0.000     8.000 r  clk (IN)
                         net (fo=0)                   0.000     8.000    clk
    K17                  IBUF (Prop_ibuf_I_O)         1.421     9.421 r  clk_IBUF_inst/O
                         net (fo=1, routed)           1.880    11.301    clk_IBUF
    BUFGCTRL_X0Y16       BUFG (Prop_bufg_I_O)         0.091    11.392 r  clk_IBUF_BUFG_inst/O
                         net (fo=2463, routed)        1.482    12.874    dbg_hub/inst/BSCANID.u_xsdbm_id/CORE_XSDB.UUT_MASTER/U_XSDB_BUS_CONTROLLER/clk
    SLICE_X17Y85         FDCE                                         r  dbg_hub/inst/BSCANID.u_xsdbm_id/CORE_XSDB.UUT_MASTER/U_XSDB_BUS_CONTROLLER/current_state_reg[3]/C
                         clock pessimism              0.425    13.299    
                         clock uncertainty           -0.035    13.263    
    SLICE_X17Y85         FDCE (Recov_fdce_C_CLR)     -0.405    12.858    dbg_hub/inst/BSCANID.u_xsdbm_id/CORE_XSDB.UUT_MASTER/U_XSDB_BUS_CONTROLLER/current_state_reg[3]
  -------------------------------------------------------------------
                         required time                         12.858    
                         arrival time                          -7.222    
  -------------------------------------------------------------------
                         slack                                  5.637    





Min Delay Paths
--------------------------------------------------------------------------------------
Slack (MET) :             0.330ns  (arrival time - required time)
  Source:                 dbg_hub/inst/BSCANID.u_xsdbm_id/CORE_XSDB.UUT_MASTER/U_ICON_INTERFACE/U_CMD6_RD/U_RD_FIFO/SUBCORE_FIFO.xsdbm_v3_0_0_rdfifo_inst/inst_fifo_gen/gconvfifo.rf/grf.rf/rstblk/ngwrdrst.grst.g7serrst.wr_rst_reg_reg[1]/C
                            (rising edge-triggered cell FDPE clocked by sys_clk_pin  {rise@0.000ns fall@4.000ns period=8.000ns})
  Destination:            dbg_hub/inst/BSCANID.u_xsdbm_id/CORE_XSDB.UUT_MASTER/U_ICON_INTERFACE/U_CMD6_RD/U_RD_FIFO/SUBCORE_FIFO.xsdbm_v3_0_0_rdfifo_inst/inst_fifo_gen/gconvfifo.rf/grf.rf/gntv_or_sync_fifo.gl0.wr/wpntr/gic0.gc0.count_d1_reg[2]/CLR
                            (removal check against rising-edge clock sys_clk_pin  {rise@0.000ns fall@4.000ns period=8.000ns})
  Path Group:             **async_default**
  Path Type:              Removal (Min at Fast Process Corner)
  Requirement:            0.000ns  (sys_clk_pin rise@0.000ns - sys_clk_pin rise@0.000ns)
  Data Path Delay:        0.272ns  (logic 0.141ns (51.798%)  route 0.131ns (48.202%))
  Logic Levels:           0  
  Clock Path Skew:        0.034ns (DCD - SCD - CPR)
    Destination Clock Delay (DCD):    1.985ns
    Source Clock Delay      (SCD):    1.470ns
    Clock Pessimism Removal (CPR):    0.481ns

    Location             Delay type                Incr(ns)  Path(ns)    Netlist Resource(s)
  -------------------------------------------------------------------    -------------------
                         (clock sys_clk_pin rise edge)
                                                      0.000     0.000 r  
    K17                                               0.000     0.000 r  clk (IN)
                         net (fo=0)                   0.000     0.000    clk
    K17                  IBUF (Prop_ibuf_I_O)         0.259     0.259 r  clk_IBUF_inst/O
                         net (fo=1, routed)           0.627     0.887    clk_IBUF
    BUFGCTRL_X0Y16       BUFG (Prop_bufg_I_O)         0.026     0.913 r  clk_IBUF_BUFG_inst/O
                         net (fo=2463, routed)        0.558     1.470    dbg_hub/inst/BSCANID.u_xsdbm_id/CORE_XSDB.UUT_MASTER/U_ICON_INTERFACE/U_CMD6_RD/U_RD_FIFO/SUBCORE_FIFO.xsdbm_v3_0_0_rdfifo_inst/inst_fifo_gen/gconvfifo.rf/grf.rf/rstblk/wr_clk
    SLICE_X7Y85          FDPE                                         r  dbg_hub/inst/BSCANID.u_xsdbm_id/CORE_XSDB.UUT_MASTER/U_ICON_INTERFACE/U_CMD6_RD/U_RD_FIFO/SUBCORE_FIFO.xsdbm_v3_0_0_rdfifo_inst/inst_fifo_gen/gconvfifo.rf/grf.rf/rstblk/ngwrdrst.grst.g7serrst.wr_rst_reg_reg[1]/C
  -------------------------------------------------------------------    -------------------
    SLICE_X7Y85          FDPE (Prop_fdpe_C_Q)         0.141     1.611 f  dbg_hub/inst/BSCANID.u_xsdbm_id/CORE_XSDB.UUT_MASTER/U_ICON_INTERFACE/U_CMD6_RD/U_RD_FIFO/SUBCORE_FIFO.xsdbm_v3_0_0_rdfifo_inst/inst_fifo_gen/gconvfifo.rf/grf.rf/rstblk/ngwrdrst.grst.g7serrst.wr_rst_reg_reg[1]/Q
                         net (fo=12, routed)          0.131     1.743    dbg_hub/inst/BSCANID.u_xsdbm_id/CORE_XSDB.UUT_MASTER/U_ICON_INTERFACE/U_CMD6_RD/U_RD_FIFO/SUBCORE_FIFO.xsdbm_v3_0_0_rdfifo_inst/inst_fifo_gen/gconvfifo.rf/grf.rf/gntv_or_sync_fifo.gl0.wr/wpntr/gic0.gc0.count_reg[0]_0[0]
    SLICE_X9Y85          FDCE                                         f  dbg_hub/inst/BSCANID.u_xsdbm_id/CORE_XSDB.UUT_MASTER/U_ICON_INTERFACE/U_CMD6_RD/U_RD_FIFO/SUBCORE_FIFO.xsdbm_v3_0_0_rdfifo_inst/inst_fifo_gen/gconvfifo.rf/grf.rf/gntv_or_sync_fifo.gl0.wr/wpntr/gic0.gc0.count_d1_reg[2]/CLR
  -------------------------------------------------------------------    -------------------

                         (clock sys_clk_pin rise edge)
                                                      0.000     0.000 r  
    K17                                               0.000     0.000 r  clk (IN)
                         net (fo=0)                   0.000     0.000    clk
    K17                  IBUF (Prop_ibuf_I_O)         0.447     0.447 r  clk_IBUF_inst/O
                         net (fo=1, routed)           0.683     1.130    clk_IBUF
    BUFGCTRL_X0Y16       BUFG (Prop_bufg_I_O)         0.029     1.159 r  clk_IBUF_BUFG_inst/O
                         net (fo=2463, routed)        0.826     1.985    dbg_hub/inst/BSCANID.u_xsdbm_id/CORE_XSDB.UUT_MASTER/U_ICON_INTERFACE/U_CMD6_RD/U_RD_FIFO/SUBCORE_FIFO.xsdbm_v3_0_0_rdfifo_inst/inst_fifo_gen/gconvfifo.rf/grf.rf/gntv_or_sync_fifo.gl0.wr/wpntr/wr_clk
    SLICE_X9Y85          FDCE                                         r  dbg_hub/inst/BSCANID.u_xsdbm_id/CORE_XSDB.UUT_MASTER/U_ICON_INTERFACE/U_CMD6_RD/U_RD_FIFO/SUBCORE_FIFO.xsdbm_v3_0_0_rdfifo_inst/inst_fifo_gen/gconvfifo.rf/grf.rf/gntv_or_sync_fifo.gl0.wr/wpntr/gic0.gc0.count_d1_reg[2]/C
                         clock pessimism             -0.481     1.504    
    SLICE_X9Y85          FDCE (Remov_fdce_C_CLR)     -0.092     1.412    dbg_hub/inst/BSCANID.u_xsdbm_id/CORE_XSDB.UUT_MASTER/U_ICON_INTERFACE/U_CMD6_RD/U_RD_FIFO/SUBCORE_FIFO.xsdbm_v3_0_0_rdfifo_inst/inst_fifo_gen/gconvfifo.rf/grf.rf/gntv_or_sync_fifo.gl0.wr/wpntr/gic0.gc0.count_d1_reg[2]
  -------------------------------------------------------------------
                         required time                         -1.412    
                         arrival time                           1.743    
  -------------------------------------------------------------------
                         slack                                  0.330    

Slack (MET) :             0.330ns  (arrival time - required time)
  Source:                 dbg_hub/inst/BSCANID.u_xsdbm_id/CORE_XSDB.UUT_MASTER/U_ICON_INTERFACE/U_CMD6_RD/U_RD_FIFO/SUBCORE_FIFO.xsdbm_v3_0_0_rdfifo_inst/inst_fifo_gen/gconvfifo.rf/grf.rf/rstblk/ngwrdrst.grst.g7serrst.wr_rst_reg_reg[1]/C
                            (rising edge-triggered cell FDPE clocked by sys_clk_pin  {rise@0.000ns fall@4.000ns period=8.000ns})
  Destination:            dbg_hub/inst/BSCANID.u_xsdbm_id/CORE_XSDB.UUT_MASTER/U_ICON_INTERFACE/U_CMD6_RD/U_RD_FIFO/SUBCORE_FIFO.xsdbm_v3_0_0_rdfifo_inst/inst_fifo_gen/gconvfifo.rf/grf.rf/gntv_or_sync_fifo.gl0.wr/wpntr/gic0.gc0.count_d1_reg[3]/CLR
                            (removal check against rising-edge clock sys_clk_pin  {rise@0.000ns fall@4.000ns period=8.000ns})
  Path Group:             **async_default**
  Path Type:              Removal (Min at Fast Process Corner)
  Requirement:            0.000ns  (sys_clk_pin rise@0.000ns - sys_clk_pin rise@0.000ns)
  Data Path Delay:        0.272ns  (logic 0.141ns (51.798%)  route 0.131ns (48.202%))
  Logic Levels:           0  
  Clock Path Skew:        0.034ns (DCD - SCD - CPR)
    Destination Clock Delay (DCD):    1.985ns
    Source Clock Delay      (SCD):    1.470ns
    Clock Pessimism Removal (CPR):    0.481ns

    Location             Delay type                Incr(ns)  Path(ns)    Netlist Resource(s)
  -------------------------------------------------------------------    -------------------
                         (clock sys_clk_pin rise edge)
                                                      0.000     0.000 r  
    K17                                               0.000     0.000 r  clk (IN)
                         net (fo=0)                   0.000     0.000    clk
    K17                  IBUF (Prop_ibuf_I_O)         0.259     0.259 r  clk_IBUF_inst/O
                         net (fo=1, routed)           0.627     0.887    clk_IBUF
    BUFGCTRL_X0Y16       BUFG (Prop_bufg_I_O)         0.026     0.913 r  clk_IBUF_BUFG_inst/O
                         net (fo=2463, routed)        0.558     1.470    dbg_hub/inst/BSCANID.u_xsdbm_id/CORE_XSDB.UUT_MASTER/U_ICON_INTERFACE/U_CMD6_RD/U_RD_FIFO/SUBCORE_FIFO.xsdbm_v3_0_0_rdfifo_inst/inst_fifo_gen/gconvfifo.rf/grf.rf/rstblk/wr_clk
    SLICE_X7Y85          FDPE                                         r  dbg_hub/inst/BSCANID.u_xsdbm_id/CORE_XSDB.UUT_MASTER/U_ICON_INTERFACE/U_CMD6_RD/U_RD_FIFO/SUBCORE_FIFO.xsdbm_v3_0_0_rdfifo_inst/inst_fifo_gen/gconvfifo.rf/grf.rf/rstblk/ngwrdrst.grst.g7serrst.wr_rst_reg_reg[1]/C
  -------------------------------------------------------------------    -------------------
    SLICE_X7Y85          FDPE (Prop_fdpe_C_Q)         0.141     1.611 f  dbg_hub/inst/BSCANID.u_xsdbm_id/CORE_XSDB.UUT_MASTER/U_ICON_INTERFACE/U_CMD6_RD/U_RD_FIFO/SUBCORE_FIFO.xsdbm_v3_0_0_rdfifo_inst/inst_fifo_gen/gconvfifo.rf/grf.rf/rstblk/ngwrdrst.grst.g7serrst.wr_rst_reg_reg[1]/Q
                         net (fo=12, routed)          0.131     1.743    dbg_hub/inst/BSCANID.u_xsdbm_id/CORE_XSDB.UUT_MASTER/U_ICON_INTERFACE/U_CMD6_RD/U_RD_FIFO/SUBCORE_FIFO.xsdbm_v3_0_0_rdfifo_inst/inst_fifo_gen/gconvfifo.rf/grf.rf/gntv_or_sync_fifo.gl0.wr/wpntr/gic0.gc0.count_reg[0]_0[0]
    SLICE_X9Y85          FDCE                                         f  dbg_hub/inst/BSCANID.u_xsdbm_id/CORE_XSDB.UUT_MASTER/U_ICON_INTERFACE/U_CMD6_RD/U_RD_FIFO/SUBCORE_FIFO.xsdbm_v3_0_0_rdfifo_inst/inst_fifo_gen/gconvfifo.rf/grf.rf/gntv_or_sync_fifo.gl0.wr/wpntr/gic0.gc0.count_d1_reg[3]/CLR
  -------------------------------------------------------------------    -------------------

                         (clock sys_clk_pin rise edge)
                                                      0.000     0.000 r  
    K17                                               0.000     0.000 r  clk (IN)
                         net (fo=0)                   0.000     0.000    clk
    K17                  IBUF (Prop_ibuf_I_O)         0.447     0.447 r  clk_IBUF_inst/O
                         net (fo=1, routed)           0.683     1.130    clk_IBUF
    BUFGCTRL_X0Y16       BUFG (Prop_bufg_I_O)         0.029     1.159 r  clk_IBUF_BUFG_inst/O
                         net (fo=2463, routed)        0.826     1.985    dbg_hub/inst/BSCANID.u_xsdbm_id/CORE_XSDB.UUT_MASTER/U_ICON_INTERFACE/U_CMD6_RD/U_RD_FIFO/SUBCORE_FIFO.xsdbm_v3_0_0_rdfifo_inst/inst_fifo_gen/gconvfifo.rf/grf.rf/gntv_or_sync_fifo.gl0.wr/wpntr/wr_clk
    SLICE_X9Y85          FDCE                                         r  dbg_hub/inst/BSCANID.u_xsdbm_id/CORE_XSDB.UUT_MASTER/U_ICON_INTERFACE/U_CMD6_RD/U_RD_FIFO/SUBCORE_FIFO.xsdbm_v3_0_0_rdfifo_inst/inst_fifo_gen/gconvfifo.rf/grf.rf/gntv_or_sync_fifo.gl0.wr/wpntr/gic0.gc0.count_d1_reg[3]/C
                         clock pessimism             -0.481     1.504    
    SLICE_X9Y85          FDCE (Remov_fdce_C_CLR)     -0.092     1.412    dbg_hub/inst/BSCANID.u_xsdbm_id/CORE_XSDB.UUT_MASTER/U_ICON_INTERFACE/U_CMD6_RD/U_RD_FIFO/SUBCORE_FIFO.xsdbm_v3_0_0_rdfifo_inst/inst_fifo_gen/gconvfifo.rf/grf.rf/gntv_or_sync_fifo.gl0.wr/wpntr/gic0.gc0.count_d1_reg[3]
  -------------------------------------------------------------------
                         required time                         -1.412    
                         arrival time                           1.743    
  -------------------------------------------------------------------
                         slack                                  0.330    

Slack (MET) :             0.330ns  (arrival time - required time)
  Source:                 dbg_hub/inst/BSCANID.u_xsdbm_id/CORE_XSDB.UUT_MASTER/U_ICON_INTERFACE/U_CMD6_RD/U_RD_FIFO/SUBCORE_FIFO.xsdbm_v3_0_0_rdfifo_inst/inst_fifo_gen/gconvfifo.rf/grf.rf/rstblk/ngwrdrst.grst.g7serrst.wr_rst_reg_reg[1]/C
                            (rising edge-triggered cell FDPE clocked by sys_clk_pin  {rise@0.000ns fall@4.000ns period=8.000ns})
  Destination:            dbg_hub/inst/BSCANID.u_xsdbm_id/CORE_XSDB.UUT_MASTER/U_ICON_INTERFACE/U_CMD6_RD/U_RD_FIFO/SUBCORE_FIFO.xsdbm_v3_0_0_rdfifo_inst/inst_fifo_gen/gconvfifo.rf/grf.rf/gntv_or_sync_fifo.gl0.wr/wpntr/gic0.gc0.count_d2_reg[0]/CLR
                            (removal check against rising-edge clock sys_clk_pin  {rise@0.000ns fall@4.000ns period=8.000ns})
  Path Group:             **async_default**
  Path Type:              Removal (Min at Fast Process Corner)
  Requirement:            0.000ns  (sys_clk_pin rise@0.000ns - sys_clk_pin rise@0.000ns)
  Data Path Delay:        0.272ns  (logic 0.141ns (51.798%)  route 0.131ns (48.202%))
  Logic Levels:           0  
  Clock Path Skew:        0.034ns (DCD - SCD - CPR)
    Destination Clock Delay (DCD):    1.985ns
    Source Clock Delay      (SCD):    1.470ns
    Clock Pessimism Removal (CPR):    0.481ns

    Location             Delay type                Incr(ns)  Path(ns)    Netlist Resource(s)
  -------------------------------------------------------------------    -------------------
                         (clock sys_clk_pin rise edge)
                                                      0.000     0.000 r  
    K17                                               0.000     0.000 r  clk (IN)
                         net (fo=0)                   0.000     0.000    clk
    K17                  IBUF (Prop_ibuf_I_O)         0.259     0.259 r  clk_IBUF_inst/O
                         net (fo=1, routed)           0.627     0.887    clk_IBUF
    BUFGCTRL_X0Y16       BUFG (Prop_bufg_I_O)         0.026     0.913 r  clk_IBUF_BUFG_inst/O
                         net (fo=2463, routed)        0.558     1.470    dbg_hub/inst/BSCANID.u_xsdbm_id/CORE_XSDB.UUT_MASTER/U_ICON_INTERFACE/U_CMD6_RD/U_RD_FIFO/SUBCORE_FIFO.xsdbm_v3_0_0_rdfifo_inst/inst_fifo_gen/gconvfifo.rf/grf.rf/rstblk/wr_clk
    SLICE_X7Y85          FDPE                                         r  dbg_hub/inst/BSCANID.u_xsdbm_id/CORE_XSDB.UUT_MASTER/U_ICON_INTERFACE/U_CMD6_RD/U_RD_FIFO/SUBCORE_FIFO.xsdbm_v3_0_0_rdfifo_inst/inst_fifo_gen/gconvfifo.rf/grf.rf/rstblk/ngwrdrst.grst.g7serrst.wr_rst_reg_reg[1]/C
  -------------------------------------------------------------------    -------------------
    SLICE_X7Y85          FDPE (Prop_fdpe_C_Q)         0.141     1.611 f  dbg_hub/inst/BSCANID.u_xsdbm_id/CORE_XSDB.UUT_MASTER/U_ICON_INTERFACE/U_CMD6_RD/U_RD_FIFO/SUBCORE_FIFO.xsdbm_v3_0_0_rdfifo_inst/inst_fifo_gen/gconvfifo.rf/grf.rf/rstblk/ngwrdrst.grst.g7serrst.wr_rst_reg_reg[1]/Q
                         net (fo=12, routed)          0.131     1.743    dbg_hub/inst/BSCANID.u_xsdbm_id/CORE_XSDB.UUT_MASTER/U_ICON_INTERFACE/U_CMD6_RD/U_RD_FIFO/SUBCORE_FIFO.xsdbm_v3_0_0_rdfifo_inst/inst_fifo_gen/gconvfifo.rf/grf.rf/gntv_or_sync_fifo.gl0.wr/wpntr/gic0.gc0.count_reg[0]_0[0]
    SLICE_X9Y85          FDCE                                         f  dbg_hub/inst/BSCANID.u_xsdbm_id/CORE_XSDB.UUT_MASTER/U_ICON_INTERFACE/U_CMD6_RD/U_RD_FIFO/SUBCORE_FIFO.xsdbm_v3_0_0_rdfifo_inst/inst_fifo_gen/gconvfifo.rf/grf.rf/gntv_or_sync_fifo.gl0.wr/wpntr/gic0.gc0.count_d2_reg[0]/CLR
  -------------------------------------------------------------------    -------------------

                         (clock sys_clk_pin rise edge)
                                                      0.000     0.000 r  
    K17                                               0.000     0.000 r  clk (IN)
                         net (fo=0)                   0.000     0.000    clk
    K17                  IBUF (Prop_ibuf_I_O)         0.447     0.447 r  clk_IBUF_inst/O
                         net (fo=1, routed)           0.683     1.130    clk_IBUF
    BUFGCTRL_X0Y16       BUFG (Prop_bufg_I_O)         0.029     1.159 r  clk_IBUF_BUFG_inst/O
                         net (fo=2463, routed)        0.826     1.985    dbg_hub/inst/BSCANID.u_xsdbm_id/CORE_XSDB.UUT_MASTER/U_ICON_INTERFACE/U_CMD6_RD/U_RD_FIFO/SUBCORE_FIFO.xsdbm_v3_0_0_rdfifo_inst/inst_fifo_gen/gconvfifo.rf/grf.rf/gntv_or_sync_fifo.gl0.wr/wpntr/wr_clk
    SLICE_X9Y85          FDCE                                         r  dbg_hub/inst/BSCANID.u_xsdbm_id/CORE_XSDB.UUT_MASTER/U_ICON_INTERFACE/U_CMD6_RD/U_RD_FIFO/SUBCORE_FIFO.xsdbm_v3_0_0_rdfifo_inst/inst_fifo_gen/gconvfifo.rf/grf.rf/gntv_or_sync_fifo.gl0.wr/wpntr/gic0.gc0.count_d2_reg[0]/C
                         clock pessimism             -0.481     1.504    
    SLICE_X9Y85          FDCE (Remov_fdce_C_CLR)     -0.092     1.412    dbg_hub/inst/BSCANID.u_xsdbm_id/CORE_XSDB.UUT_MASTER/U_ICON_INTERFACE/U_CMD6_RD/U_RD_FIFO/SUBCORE_FIFO.xsdbm_v3_0_0_rdfifo_inst/inst_fifo_gen/gconvfifo.rf/grf.rf/gntv_or_sync_fifo.gl0.wr/wpntr/gic0.gc0.count_d2_reg[0]
  -------------------------------------------------------------------
                         required time                         -1.412    
                         arrival time                           1.743    
  -------------------------------------------------------------------
                         slack                                  0.330    

Slack (MET) :             0.330ns  (arrival time - required time)
  Source:                 dbg_hub/inst/BSCANID.u_xsdbm_id/CORE_XSDB.UUT_MASTER/U_ICON_INTERFACE/U_CMD6_RD/U_RD_FIFO/SUBCORE_FIFO.xsdbm_v3_0_0_rdfifo_inst/inst_fifo_gen/gconvfifo.rf/grf.rf/rstblk/ngwrdrst.grst.g7serrst.wr_rst_reg_reg[1]/C
                            (rising edge-triggered cell FDPE clocked by sys_clk_pin  {rise@0.000ns fall@4.000ns period=8.000ns})
  Destination:            dbg_hub/inst/BSCANID.u_xsdbm_id/CORE_XSDB.UUT_MASTER/U_ICON_INTERFACE/U_CMD6_RD/U_RD_FIFO/SUBCORE_FIFO.xsdbm_v3_0_0_rdfifo_inst/inst_fifo_gen/gconvfifo.rf/grf.rf/gntv_or_sync_fifo.gl0.wr/wpntr/gic0.gc0.count_reg[0]/CLR
                            (removal check against rising-edge clock sys_clk_pin  {rise@0.000ns fall@4.000ns period=8.000ns})
  Path Group:             **async_default**
  Path Type:              Removal (Min at Fast Process Corner)
  Requirement:            0.000ns  (sys_clk_pin rise@0.000ns - sys_clk_pin rise@0.000ns)
  Data Path Delay:        0.272ns  (logic 0.141ns (51.798%)  route 0.131ns (48.202%))
  Logic Levels:           0  
  Clock Path Skew:        0.034ns (DCD - SCD - CPR)
    Destination Clock Delay (DCD):    1.985ns
    Source Clock Delay      (SCD):    1.470ns
    Clock Pessimism Removal (CPR):    0.481ns

    Location             Delay type                Incr(ns)  Path(ns)    Netlist Resource(s)
  -------------------------------------------------------------------    -------------------
                         (clock sys_clk_pin rise edge)
                                                      0.000     0.000 r  
    K17                                               0.000     0.000 r  clk (IN)
                         net (fo=0)                   0.000     0.000    clk
    K17                  IBUF (Prop_ibuf_I_O)         0.259     0.259 r  clk_IBUF_inst/O
                         net (fo=1, routed)           0.627     0.887    clk_IBUF
    BUFGCTRL_X0Y16       BUFG (Prop_bufg_I_O)         0.026     0.913 r  clk_IBUF_BUFG_inst/O
                         net (fo=2463, routed)        0.558     1.470    dbg_hub/inst/BSCANID.u_xsdbm_id/CORE_XSDB.UUT_MASTER/U_ICON_INTERFACE/U_CMD6_RD/U_RD_FIFO/SUBCORE_FIFO.xsdbm_v3_0_0_rdfifo_inst/inst_fifo_gen/gconvfifo.rf/grf.rf/rstblk/wr_clk
    SLICE_X7Y85          FDPE                                         r  dbg_hub/inst/BSCANID.u_xsdbm_id/CORE_XSDB.UUT_MASTER/U_ICON_INTERFACE/U_CMD6_RD/U_RD_FIFO/SUBCORE_FIFO.xsdbm_v3_0_0_rdfifo_inst/inst_fifo_gen/gconvfifo.rf/grf.rf/rstblk/ngwrdrst.grst.g7serrst.wr_rst_reg_reg[1]/C
  -------------------------------------------------------------------    -------------------
    SLICE_X7Y85          FDPE (Prop_fdpe_C_Q)         0.141     1.611 f  dbg_hub/inst/BSCANID.u_xsdbm_id/CORE_XSDB.UUT_MASTER/U_ICON_INTERFACE/U_CMD6_RD/U_RD_FIFO/SUBCORE_FIFO.xsdbm_v3_0_0_rdfifo_inst/inst_fifo_gen/gconvfifo.rf/grf.rf/rstblk/ngwrdrst.grst.g7serrst.wr_rst_reg_reg[1]/Q
                         net (fo=12, routed)          0.131     1.743    dbg_hub/inst/BSCANID.u_xsdbm_id/CORE_XSDB.UUT_MASTER/U_ICON_INTERFACE/U_CMD6_RD/U_RD_FIFO/SUBCORE_FIFO.xsdbm_v3_0_0_rdfifo_inst/inst_fifo_gen/gconvfifo.rf/grf.rf/gntv_or_sync_fifo.gl0.wr/wpntr/gic0.gc0.count_reg[0]_0[0]
    SLICE_X9Y85          FDCE                                         f  dbg_hub/inst/BSCANID.u_xsdbm_id/CORE_XSDB.UUT_MASTER/U_ICON_INTERFACE/U_CMD6_RD/U_RD_FIFO/SUBCORE_FIFO.xsdbm_v3_0_0_rdfifo_inst/inst_fifo_gen/gconvfifo.rf/grf.rf/gntv_or_sync_fifo.gl0.wr/wpntr/gic0.gc0.count_reg[0]/CLR
  -------------------------------------------------------------------    -------------------

                         (clock sys_clk_pin rise edge)
                                                      0.000     0.000 r  
    K17                                               0.000     0.000 r  clk (IN)
                         net (fo=0)                   0.000     0.000    clk
    K17                  IBUF (Prop_ibuf_I_O)         0.447     0.447 r  clk_IBUF_inst/O
                         net (fo=1, routed)           0.683     1.130    clk_IBUF
    BUFGCTRL_X0Y16       BUFG (Prop_bufg_I_O)         0.029     1.159 r  clk_IBUF_BUFG_inst/O
                         net (fo=2463, routed)        0.826     1.985    dbg_hub/inst/BSCANID.u_xsdbm_id/CORE_XSDB.UUT_MASTER/U_ICON_INTERFACE/U_CMD6_RD/U_RD_FIFO/SUBCORE_FIFO.xsdbm_v3_0_0_rdfifo_inst/inst_fifo_gen/gconvfifo.rf/grf.rf/gntv_or_sync_fifo.gl0.wr/wpntr/wr_clk
    SLICE_X9Y85          FDCE                                         r  dbg_hub/inst/BSCANID.u_xsdbm_id/CORE_XSDB.UUT_MASTER/U_ICON_INTERFACE/U_CMD6_RD/U_RD_FIFO/SUBCORE_FIFO.xsdbm_v3_0_0_rdfifo_inst/inst_fifo_gen/gconvfifo.rf/grf.rf/gntv_or_sync_fifo.gl0.wr/wpntr/gic0.gc0.count_reg[0]/C
                         clock pessimism             -0.481     1.504    
    SLICE_X9Y85          FDCE (Remov_fdce_C_CLR)     -0.092     1.412    dbg_hub/inst/BSCANID.u_xsdbm_id/CORE_XSDB.UUT_MASTER/U_ICON_INTERFACE/U_CMD6_RD/U_RD_FIFO/SUBCORE_FIFO.xsdbm_v3_0_0_rdfifo_inst/inst_fifo_gen/gconvfifo.rf/grf.rf/gntv_or_sync_fifo.gl0.wr/wpntr/gic0.gc0.count_reg[0]
  -------------------------------------------------------------------
                         required time                         -1.412    
                         arrival time                           1.743    
  -------------------------------------------------------------------
                         slack                                  0.330    

Slack (MET) :             0.330ns  (arrival time - required time)
  Source:                 dbg_hub/inst/BSCANID.u_xsdbm_id/CORE_XSDB.UUT_MASTER/U_ICON_INTERFACE/U_CMD6_RD/U_RD_FIFO/SUBCORE_FIFO.xsdbm_v3_0_0_rdfifo_inst/inst_fifo_gen/gconvfifo.rf/grf.rf/rstblk/ngwrdrst.grst.g7serrst.wr_rst_reg_reg[1]/C
                            (rising edge-triggered cell FDPE clocked by sys_clk_pin  {rise@0.000ns fall@4.000ns period=8.000ns})
  Destination:            dbg_hub/inst/BSCANID.u_xsdbm_id/CORE_XSDB.UUT_MASTER/U_ICON_INTERFACE/U_CMD6_RD/U_RD_FIFO/SUBCORE_FIFO.xsdbm_v3_0_0_rdfifo_inst/inst_fifo_gen/gconvfifo.rf/grf.rf/gntv_or_sync_fifo.gl0.wr/wpntr/gic0.gc0.count_reg[2]/CLR
                            (removal check against rising-edge clock sys_clk_pin  {rise@0.000ns fall@4.000ns period=8.000ns})
  Path Group:             **async_default**
  Path Type:              Removal (Min at Fast Process Corner)
  Requirement:            0.000ns  (sys_clk_pin rise@0.000ns - sys_clk_pin rise@0.000ns)
  Data Path Delay:        0.272ns  (logic 0.141ns (51.798%)  route 0.131ns (48.202%))
  Logic Levels:           0  
  Clock Path Skew:        0.034ns (DCD - SCD - CPR)
    Destination Clock Delay (DCD):    1.985ns
    Source Clock Delay      (SCD):    1.470ns
    Clock Pessimism Removal (CPR):    0.481ns

    Location             Delay type                Incr(ns)  Path(ns)    Netlist Resource(s)
  -------------------------------------------------------------------    -------------------
                         (clock sys_clk_pin rise edge)
                                                      0.000     0.000 r  
    K17                                               0.000     0.000 r  clk (IN)
                         net (fo=0)                   0.000     0.000    clk
    K17                  IBUF (Prop_ibuf_I_O)         0.259     0.259 r  clk_IBUF_inst/O
                         net (fo=1, routed)           0.627     0.887    clk_IBUF
    BUFGCTRL_X0Y16       BUFG (Prop_bufg_I_O)         0.026     0.913 r  clk_IBUF_BUFG_inst/O
                         net (fo=2463, routed)        0.558     1.470    dbg_hub/inst/BSCANID.u_xsdbm_id/CORE_XSDB.UUT_MASTER/U_ICON_INTERFACE/U_CMD6_RD/U_RD_FIFO/SUBCORE_FIFO.xsdbm_v3_0_0_rdfifo_inst/inst_fifo_gen/gconvfifo.rf/grf.rf/rstblk/wr_clk
    SLICE_X7Y85          FDPE                                         r  dbg_hub/inst/BSCANID.u_xsdbm_id/CORE_XSDB.UUT_MASTER/U_ICON_INTERFACE/U_CMD6_RD/U_RD_FIFO/SUBCORE_FIFO.xsdbm_v3_0_0_rdfifo_inst/inst_fifo_gen/gconvfifo.rf/grf.rf/rstblk/ngwrdrst.grst.g7serrst.wr_rst_reg_reg[1]/C
  -------------------------------------------------------------------    -------------------
    SLICE_X7Y85          FDPE (Prop_fdpe_C_Q)         0.141     1.611 f  dbg_hub/inst/BSCANID.u_xsdbm_id/CORE_XSDB.UUT_MASTER/U_ICON_INTERFACE/U_CMD6_RD/U_RD_FIFO/SUBCORE_FIFO.xsdbm_v3_0_0_rdfifo_inst/inst_fifo_gen/gconvfifo.rf/grf.rf/rstblk/ngwrdrst.grst.g7serrst.wr_rst_reg_reg[1]/Q
                         net (fo=12, routed)          0.131     1.743    dbg_hub/inst/BSCANID.u_xsdbm_id/CORE_XSDB.UUT_MASTER/U_ICON_INTERFACE/U_CMD6_RD/U_RD_FIFO/SUBCORE_FIFO.xsdbm_v3_0_0_rdfifo_inst/inst_fifo_gen/gconvfifo.rf/grf.rf/gntv_or_sync_fifo.gl0.wr/wpntr/gic0.gc0.count_reg[0]_0[0]
    SLICE_X9Y85          FDCE                                         f  dbg_hub/inst/BSCANID.u_xsdbm_id/CORE_XSDB.UUT_MASTER/U_ICON_INTERFACE/U_CMD6_RD/U_RD_FIFO/SUBCORE_FIFO.xsdbm_v3_0_0_rdfifo_inst/inst_fifo_gen/gconvfifo.rf/grf.rf/gntv_or_sync_fifo.gl0.wr/wpntr/gic0.gc0.count_reg[2]/CLR
  -------------------------------------------------------------------    -------------------

                         (clock sys_clk_pin rise edge)
                                                      0.000     0.000 r  
    K17                                               0.000     0.000 r  clk (IN)
                         net (fo=0)                   0.000     0.000    clk
    K17                  IBUF (Prop_ibuf_I_O)         0.447     0.447 r  clk_IBUF_inst/O
                         net (fo=1, routed)           0.683     1.130    clk_IBUF
    BUFGCTRL_X0Y16       BUFG (Prop_bufg_I_O)         0.029     1.159 r  clk_IBUF_BUFG_inst/O
                         net (fo=2463, routed)        0.826     1.985    dbg_hub/inst/BSCANID.u_xsdbm_id/CORE_XSDB.UUT_MASTER/U_ICON_INTERFACE/U_CMD6_RD/U_RD_FIFO/SUBCORE_FIFO.xsdbm_v3_0_0_rdfifo_inst/inst_fifo_gen/gconvfifo.rf/grf.rf/gntv_or_sync_fifo.gl0.wr/wpntr/wr_clk
    SLICE_X9Y85          FDCE                                         r  dbg_hub/inst/BSCANID.u_xsdbm_id/CORE_XSDB.UUT_MASTER/U_ICON_INTERFACE/U_CMD6_RD/U_RD_FIFO/SUBCORE_FIFO.xsdbm_v3_0_0_rdfifo_inst/inst_fifo_gen/gconvfifo.rf/grf.rf/gntv_or_sync_fifo.gl0.wr/wpntr/gic0.gc0.count_reg[2]/C
                         clock pessimism             -0.481     1.504    
    SLICE_X9Y85          FDCE (Remov_fdce_C_CLR)     -0.092     1.412    dbg_hub/inst/BSCANID.u_xsdbm_id/CORE_XSDB.UUT_MASTER/U_ICON_INTERFACE/U_CMD6_RD/U_RD_FIFO/SUBCORE_FIFO.xsdbm_v3_0_0_rdfifo_inst/inst_fifo_gen/gconvfifo.rf/grf.rf/gntv_or_sync_fifo.gl0.wr/wpntr/gic0.gc0.count_reg[2]
  -------------------------------------------------------------------
                         required time                         -1.412    
                         arrival time                           1.743    
  -------------------------------------------------------------------
                         slack                                  0.330    

Slack (MET) :             0.330ns  (arrival time - required time)
  Source:                 dbg_hub/inst/BSCANID.u_xsdbm_id/CORE_XSDB.UUT_MASTER/U_ICON_INTERFACE/U_CMD6_RD/U_RD_FIFO/SUBCORE_FIFO.xsdbm_v3_0_0_rdfifo_inst/inst_fifo_gen/gconvfifo.rf/grf.rf/rstblk/ngwrdrst.grst.g7serrst.wr_rst_reg_reg[1]/C
                            (rising edge-triggered cell FDPE clocked by sys_clk_pin  {rise@0.000ns fall@4.000ns period=8.000ns})
  Destination:            dbg_hub/inst/BSCANID.u_xsdbm_id/CORE_XSDB.UUT_MASTER/U_ICON_INTERFACE/U_CMD6_RD/U_RD_FIFO/SUBCORE_FIFO.xsdbm_v3_0_0_rdfifo_inst/inst_fifo_gen/gconvfifo.rf/grf.rf/gntv_or_sync_fifo.gl0.wr/wpntr/gic0.gc0.count_reg[3]/CLR
                            (removal check against rising-edge clock sys_clk_pin  {rise@0.000ns fall@4.000ns period=8.000ns})
  Path Group:             **async_default**
  Path Type:              Removal (Min at Fast Process Corner)
  Requirement:            0.000ns  (sys_clk_pin rise@0.000ns - sys_clk_pin rise@0.000ns)
  Data Path Delay:        0.272ns  (logic 0.141ns (51.798%)  route 0.131ns (48.202%))
  Logic Levels:           0  
  Clock Path Skew:        0.034ns (DCD - SCD - CPR)
    Destination Clock Delay (DCD):    1.985ns
    Source Clock Delay      (SCD):    1.470ns
    Clock Pessimism Removal (CPR):    0.481ns

    Location             Delay type                Incr(ns)  Path(ns)    Netlist Resource(s)
  -------------------------------------------------------------------    -------------------
                         (clock sys_clk_pin rise edge)
                                                      0.000     0.000 r  
    K17                                               0.000     0.000 r  clk (IN)
                         net (fo=0)                   0.000     0.000    clk
    K17                  IBUF (Prop_ibuf_I_O)         0.259     0.259 r  clk_IBUF_inst/O
                         net (fo=1, routed)           0.627     0.887    clk_IBUF
    BUFGCTRL_X0Y16       BUFG (Prop_bufg_I_O)         0.026     0.913 r  clk_IBUF_BUFG_inst/O
                         net (fo=2463, routed)        0.558     1.470    dbg_hub/inst/BSCANID.u_xsdbm_id/CORE_XSDB.UUT_MASTER/U_ICON_INTERFACE/U_CMD6_RD/U_RD_FIFO/SUBCORE_FIFO.xsdbm_v3_0_0_rdfifo_inst/inst_fifo_gen/gconvfifo.rf/grf.rf/rstblk/wr_clk
    SLICE_X7Y85          FDPE                                         r  dbg_hub/inst/BSCANID.u_xsdbm_id/CORE_XSDB.UUT_MASTER/U_ICON_INTERFACE/U_CMD6_RD/U_RD_FIFO/SUBCORE_FIFO.xsdbm_v3_0_0_rdfifo_inst/inst_fifo_gen/gconvfifo.rf/grf.rf/rstblk/ngwrdrst.grst.g7serrst.wr_rst_reg_reg[1]/C
  -------------------------------------------------------------------    -------------------
    SLICE_X7Y85          FDPE (Prop_fdpe_C_Q)         0.141     1.611 f  dbg_hub/inst/BSCANID.u_xsdbm_id/CORE_XSDB.UUT_MASTER/U_ICON_INTERFACE/U_CMD6_RD/U_RD_FIFO/SUBCORE_FIFO.xsdbm_v3_0_0_rdfifo_inst/inst_fifo_gen/gconvfifo.rf/grf.rf/rstblk/ngwrdrst.grst.g7serrst.wr_rst_reg_reg[1]/Q
                         net (fo=12, routed)          0.131     1.743    dbg_hub/inst/BSCANID.u_xsdbm_id/CORE_XSDB.UUT_MASTER/U_ICON_INTERFACE/U_CMD6_RD/U_RD_FIFO/SUBCORE_FIFO.xsdbm_v3_0_0_rdfifo_inst/inst_fifo_gen/gconvfifo.rf/grf.rf/gntv_or_sync_fifo.gl0.wr/wpntr/gic0.gc0.count_reg[0]_0[0]
    SLICE_X9Y85          FDCE                                         f  dbg_hub/inst/BSCANID.u_xsdbm_id/CORE_XSDB.UUT_MASTER/U_ICON_INTERFACE/U_CMD6_RD/U_RD_FIFO/SUBCORE_FIFO.xsdbm_v3_0_0_rdfifo_inst/inst_fifo_gen/gconvfifo.rf/grf.rf/gntv_or_sync_fifo.gl0.wr/wpntr/gic0.gc0.count_reg[3]/CLR
  -------------------------------------------------------------------    -------------------

                         (clock sys_clk_pin rise edge)
                                                      0.000     0.000 r  
    K17                                               0.000     0.000 r  clk (IN)
                         net (fo=0)                   0.000     0.000    clk
    K17                  IBUF (Prop_ibuf_I_O)         0.447     0.447 r  clk_IBUF_inst/O
                         net (fo=1, routed)           0.683     1.130    clk_IBUF
    BUFGCTRL_X0Y16       BUFG (Prop_bufg_I_O)         0.029     1.159 r  clk_IBUF_BUFG_inst/O
                         net (fo=2463, routed)        0.826     1.985    dbg_hub/inst/BSCANID.u_xsdbm_id/CORE_XSDB.UUT_MASTER/U_ICON_INTERFACE/U_CMD6_RD/U_RD_FIFO/SUBCORE_FIFO.xsdbm_v3_0_0_rdfifo_inst/inst_fifo_gen/gconvfifo.rf/grf.rf/gntv_or_sync_fifo.gl0.wr/wpntr/wr_clk
    SLICE_X9Y85          FDCE                                         r  dbg_hub/inst/BSCANID.u_xsdbm_id/CORE_XSDB.UUT_MASTER/U_ICON_INTERFACE/U_CMD6_RD/U_RD_FIFO/SUBCORE_FIFO.xsdbm_v3_0_0_rdfifo_inst/inst_fifo_gen/gconvfifo.rf/grf.rf/gntv_or_sync_fifo.gl0.wr/wpntr/gic0.gc0.count_reg[3]/C
                         clock pessimism             -0.481     1.504    
    SLICE_X9Y85          FDCE (Remov_fdce_C_CLR)     -0.092     1.412    dbg_hub/inst/BSCANID.u_xsdbm_id/CORE_XSDB.UUT_MASTER/U_ICON_INTERFACE/U_CMD6_RD/U_RD_FIFO/SUBCORE_FIFO.xsdbm_v3_0_0_rdfifo_inst/inst_fifo_gen/gconvfifo.rf/grf.rf/gntv_or_sync_fifo.gl0.wr/wpntr/gic0.gc0.count_reg[3]
  -------------------------------------------------------------------
                         required time                         -1.412    
                         arrival time                           1.743    
  -------------------------------------------------------------------
                         slack                                  0.330    

Slack (MET) :             0.333ns  (arrival time - required time)
  Source:                 dbg_hub/inst/BSCANID.u_xsdbm_id/CORE_XSDB.UUT_MASTER/U_ICON_INTERFACE/U_CMD6_RD/U_RD_FIFO/SUBCORE_FIFO.xsdbm_v3_0_0_rdfifo_inst/inst_fifo_gen/gconvfifo.rf/grf.rf/rstblk/ngwrdrst.grst.g7serrst.wr_rst_reg_reg[1]/C
                            (rising edge-triggered cell FDPE clocked by sys_clk_pin  {rise@0.000ns fall@4.000ns period=8.000ns})
  Destination:            dbg_hub/inst/BSCANID.u_xsdbm_id/CORE_XSDB.UUT_MASTER/U_ICON_INTERFACE/U_CMD6_RD/U_RD_FIFO/SUBCORE_FIFO.xsdbm_v3_0_0_rdfifo_inst/inst_fifo_gen/gconvfifo.rf/grf.rf/gntv_or_sync_fifo.gl0.wr/wpntr/gic0.gc0.count_d1_reg[0]/PRE
                            (removal check against rising-edge clock sys_clk_pin  {rise@0.000ns fall@4.000ns period=8.000ns})
  Path Group:             **async_default**
  Path Type:              Removal (Min at Fast Process Corner)
  Requirement:            0.000ns  (sys_clk_pin rise@0.000ns - sys_clk_pin rise@0.000ns)
  Data Path Delay:        0.272ns  (logic 0.141ns (51.798%)  route 0.131ns (48.202%))
  Logic Levels:           0  
  Clock Path Skew:        0.034ns (DCD - SCD - CPR)
    Destination Clock Delay (DCD):    1.985ns
    Source Clock Delay      (SCD):    1.470ns
    Clock Pessimism Removal (CPR):    0.481ns

    Location             Delay type                Incr(ns)  Path(ns)    Netlist Resource(s)
  -------------------------------------------------------------------    -------------------
                         (clock sys_clk_pin rise edge)
                                                      0.000     0.000 r  
    K17                                               0.000     0.000 r  clk (IN)
                         net (fo=0)                   0.000     0.000    clk
    K17                  IBUF (Prop_ibuf_I_O)         0.259     0.259 r  clk_IBUF_inst/O
                         net (fo=1, routed)           0.627     0.887    clk_IBUF
    BUFGCTRL_X0Y16       BUFG (Prop_bufg_I_O)         0.026     0.913 r  clk_IBUF_BUFG_inst/O
                         net (fo=2463, routed)        0.558     1.470    dbg_hub/inst/BSCANID.u_xsdbm_id/CORE_XSDB.UUT_MASTER/U_ICON_INTERFACE/U_CMD6_RD/U_RD_FIFO/SUBCORE_FIFO.xsdbm_v3_0_0_rdfifo_inst/inst_fifo_gen/gconvfifo.rf/grf.rf/rstblk/wr_clk
    SLICE_X7Y85          FDPE                                         r  dbg_hub/inst/BSCANID.u_xsdbm_id/CORE_XSDB.UUT_MASTER/U_ICON_INTERFACE/U_CMD6_RD/U_RD_FIFO/SUBCORE_FIFO.xsdbm_v3_0_0_rdfifo_inst/inst_fifo_gen/gconvfifo.rf/grf.rf/rstblk/ngwrdrst.grst.g7serrst.wr_rst_reg_reg[1]/C
  -------------------------------------------------------------------    -------------------
    SLICE_X7Y85          FDPE (Prop_fdpe_C_Q)         0.141     1.611 f  dbg_hub/inst/BSCANID.u_xsdbm_id/CORE_XSDB.UUT_MASTER/U_ICON_INTERFACE/U_CMD6_RD/U_RD_FIFO/SUBCORE_FIFO.xsdbm_v3_0_0_rdfifo_inst/inst_fifo_gen/gconvfifo.rf/grf.rf/rstblk/ngwrdrst.grst.g7serrst.wr_rst_reg_reg[1]/Q
                         net (fo=12, routed)          0.131     1.743    dbg_hub/inst/BSCANID.u_xsdbm_id/CORE_XSDB.UUT_MASTER/U_ICON_INTERFACE/U_CMD6_RD/U_RD_FIFO/SUBCORE_FIFO.xsdbm_v3_0_0_rdfifo_inst/inst_fifo_gen/gconvfifo.rf/grf.rf/gntv_or_sync_fifo.gl0.wr/wpntr/gic0.gc0.count_reg[0]_0[0]
    SLICE_X9Y85          FDPE                                         f  dbg_hub/inst/BSCANID.u_xsdbm_id/CORE_XSDB.UUT_MASTER/U_ICON_INTERFACE/U_CMD6_RD/U_RD_FIFO/SUBCORE_FIFO.xsdbm_v3_0_0_rdfifo_inst/inst_fifo_gen/gconvfifo.rf/grf.rf/gntv_or_sync_fifo.gl0.wr/wpntr/gic0.gc0.count_d1_reg[0]/PRE
  -------------------------------------------------------------------    -------------------

                         (clock sys_clk_pin rise edge)
                                                      0.000     0.000 r  
    K17                                               0.000     0.000 r  clk (IN)
                         net (fo=0)                   0.000     0.000    clk
    K17                  IBUF (Prop_ibuf_I_O)         0.447     0.447 r  clk_IBUF_inst/O
                         net (fo=1, routed)           0.683     1.130    clk_IBUF
    BUFGCTRL_X0Y16       BUFG (Prop_bufg_I_O)         0.029     1.159 r  clk_IBUF_BUFG_inst/O
                         net (fo=2463, routed)        0.826     1.985    dbg_hub/inst/BSCANID.u_xsdbm_id/CORE_XSDB.UUT_MASTER/U_ICON_INTERFACE/U_CMD6_RD/U_RD_FIFO/SUBCORE_FIFO.xsdbm_v3_0_0_rdfifo_inst/inst_fifo_gen/gconvfifo.rf/grf.rf/gntv_or_sync_fifo.gl0.wr/wpntr/wr_clk
    SLICE_X9Y85          FDPE                                         r  dbg_hub/inst/BSCANID.u_xsdbm_id/CORE_XSDB.UUT_MASTER/U_ICON_INTERFACE/U_CMD6_RD/U_RD_FIFO/SUBCORE_FIFO.xsdbm_v3_0_0_rdfifo_inst/inst_fifo_gen/gconvfifo.rf/grf.rf/gntv_or_sync_fifo.gl0.wr/wpntr/gic0.gc0.count_d1_reg[0]/C
                         clock pessimism             -0.481     1.504    
    SLICE_X9Y85          FDPE (Remov_fdpe_C_PRE)     -0.095     1.409    dbg_hub/inst/BSCANID.u_xsdbm_id/CORE_XSDB.UUT_MASTER/U_ICON_INTERFACE/U_CMD6_RD/U_RD_FIFO/SUBCORE_FIFO.xsdbm_v3_0_0_rdfifo_inst/inst_fifo_gen/gconvfifo.rf/grf.rf/gntv_or_sync_fifo.gl0.wr/wpntr/gic0.gc0.count_d1_reg[0]
  -------------------------------------------------------------------
                         required time                         -1.409    
                         arrival time                           1.743    
  -------------------------------------------------------------------
                         slack                                  0.333    

Slack (MET) :             0.333ns  (arrival time - required time)
  Source:                 dbg_hub/inst/BSCANID.u_xsdbm_id/CORE_XSDB.UUT_MASTER/U_ICON_INTERFACE/U_CMD6_RD/U_RD_FIFO/SUBCORE_FIFO.xsdbm_v3_0_0_rdfifo_inst/inst_fifo_gen/gconvfifo.rf/grf.rf/rstblk/ngwrdrst.grst.g7serrst.wr_rst_reg_reg[1]/C
                            (rising edge-triggered cell FDPE clocked by sys_clk_pin  {rise@0.000ns fall@4.000ns period=8.000ns})
  Destination:            dbg_hub/inst/BSCANID.u_xsdbm_id/CORE_XSDB.UUT_MASTER/U_ICON_INTERFACE/U_CMD6_RD/U_RD_FIFO/SUBCORE_FIFO.xsdbm_v3_0_0_rdfifo_inst/inst_fifo_gen/gconvfifo.rf/grf.rf/gntv_or_sync_fifo.gl0.wr/wpntr/gic0.gc0.count_reg[1]/PRE
                            (removal check against rising-edge clock sys_clk_pin  {rise@0.000ns fall@4.000ns period=8.000ns})
  Path Group:             **async_default**
  Path Type:              Removal (Min at Fast Process Corner)
  Requirement:            0.000ns  (sys_clk_pin rise@0.000ns - sys_clk_pin rise@0.000ns)
  Data Path Delay:        0.272ns  (logic 0.141ns (51.798%)  route 0.131ns (48.202%))
  Logic Levels:           0  
  Clock Path Skew:        0.034ns (DCD - SCD - CPR)
    Destination Clock Delay (DCD):    1.985ns
    Source Clock Delay      (SCD):    1.470ns
    Clock Pessimism Removal (CPR):    0.481ns

    Location             Delay type                Incr(ns)  Path(ns)    Netlist Resource(s)
  -------------------------------------------------------------------    -------------------
                         (clock sys_clk_pin rise edge)
                                                      0.000     0.000 r  
    K17                                               0.000     0.000 r  clk (IN)
                         net (fo=0)                   0.000     0.000    clk
    K17                  IBUF (Prop_ibuf_I_O)         0.259     0.259 r  clk_IBUF_inst/O
                         net (fo=1, routed)           0.627     0.887    clk_IBUF
    BUFGCTRL_X0Y16       BUFG (Prop_bufg_I_O)         0.026     0.913 r  clk_IBUF_BUFG_inst/O
                         net (fo=2463, routed)        0.558     1.470    dbg_hub/inst/BSCANID.u_xsdbm_id/CORE_XSDB.UUT_MASTER/U_ICON_INTERFACE/U_CMD6_RD/U_RD_FIFO/SUBCORE_FIFO.xsdbm_v3_0_0_rdfifo_inst/inst_fifo_gen/gconvfifo.rf/grf.rf/rstblk/wr_clk
    SLICE_X7Y85          FDPE                                         r  dbg_hub/inst/BSCANID.u_xsdbm_id/CORE_XSDB.UUT_MASTER/U_ICON_INTERFACE/U_CMD6_RD/U_RD_FIFO/SUBCORE_FIFO.xsdbm_v3_0_0_rdfifo_inst/inst_fifo_gen/gconvfifo.rf/grf.rf/rstblk/ngwrdrst.grst.g7serrst.wr_rst_reg_reg[1]/C
  -------------------------------------------------------------------    -------------------
    SLICE_X7Y85          FDPE (Prop_fdpe_C_Q)         0.141     1.611 f  dbg_hub/inst/BSCANID.u_xsdbm_id/CORE_XSDB.UUT_MASTER/U_ICON_INTERFACE/U_CMD6_RD/U_RD_FIFO/SUBCORE_FIFO.xsdbm_v3_0_0_rdfifo_inst/inst_fifo_gen/gconvfifo.rf/grf.rf/rstblk/ngwrdrst.grst.g7serrst.wr_rst_reg_reg[1]/Q
                         net (fo=12, routed)          0.131     1.743    dbg_hub/inst/BSCANID.u_xsdbm_id/CORE_XSDB.UUT_MASTER/U_ICON_INTERFACE/U_CMD6_RD/U_RD_FIFO/SUBCORE_FIFO.xsdbm_v3_0_0_rdfifo_inst/inst_fifo_gen/gconvfifo.rf/grf.rf/gntv_or_sync_fifo.gl0.wr/wpntr/gic0.gc0.count_reg[0]_0[0]
    SLICE_X9Y85          FDPE                                         f  dbg_hub/inst/BSCANID.u_xsdbm_id/CORE_XSDB.UUT_MASTER/U_ICON_INTERFACE/U_CMD6_RD/U_RD_FIFO/SUBCORE_FIFO.xsdbm_v3_0_0_rdfifo_inst/inst_fifo_gen/gconvfifo.rf/grf.rf/gntv_or_sync_fifo.gl0.wr/wpntr/gic0.gc0.count_reg[1]/PRE
  -------------------------------------------------------------------    -------------------

                         (clock sys_clk_pin rise edge)
                                                      0.000     0.000 r  
    K17                                               0.000     0.000 r  clk (IN)
                         net (fo=0)                   0.000     0.000    clk
    K17                  IBUF (Prop_ibuf_I_O)         0.447     0.447 r  clk_IBUF_inst/O
                         net (fo=1, routed)           0.683     1.130    clk_IBUF
    BUFGCTRL_X0Y16       BUFG (Prop_bufg_I_O)         0.029     1.159 r  clk_IBUF_BUFG_inst/O
                         net (fo=2463, routed)        0.826     1.985    dbg_hub/inst/BSCANID.u_xsdbm_id/CORE_XSDB.UUT_MASTER/U_ICON_INTERFACE/U_CMD6_RD/U_RD_FIFO/SUBCORE_FIFO.xsdbm_v3_0_0_rdfifo_inst/inst_fifo_gen/gconvfifo.rf/grf.rf/gntv_or_sync_fifo.gl0.wr/wpntr/wr_clk
    SLICE_X9Y85          FDPE                                         r  dbg_hub/inst/BSCANID.u_xsdbm_id/CORE_XSDB.UUT_MASTER/U_ICON_INTERFACE/U_CMD6_RD/U_RD_FIFO/SUBCORE_FIFO.xsdbm_v3_0_0_rdfifo_inst/inst_fifo_gen/gconvfifo.rf/grf.rf/gntv_or_sync_fifo.gl0.wr/wpntr/gic0.gc0.count_reg[1]/C
                         clock pessimism             -0.481     1.504    
    SLICE_X9Y85          FDPE (Remov_fdpe_C_PRE)     -0.095     1.409    dbg_hub/inst/BSCANID.u_xsdbm_id/CORE_XSDB.UUT_MASTER/U_ICON_INTERFACE/U_CMD6_RD/U_RD_FIFO/SUBCORE_FIFO.xsdbm_v3_0_0_rdfifo_inst/inst_fifo_gen/gconvfifo.rf/grf.rf/gntv_or_sync_fifo.gl0.wr/wpntr/gic0.gc0.count_reg[1]
  -------------------------------------------------------------------
                         required time                         -1.409    
                         arrival time                           1.743    
  -------------------------------------------------------------------
                         slack                                  0.333    

Slack (MET) :             0.373ns  (arrival time - required time)
  Source:                 dbg_hub/inst/BSCANID.u_xsdbm_id/CORE_XSDB.UUT_MASTER/U_ICON_INTERFACE/U_CMD6_RD/U_RD_FIFO/SUBCORE_FIFO.xsdbm_v3_0_0_rdfifo_inst/inst_fifo_gen/gconvfifo.rf/grf.rf/rstblk/ngwrdrst.grst.g7serrst.wr_rst_reg_reg[0]/C
                            (rising edge-triggered cell FDPE clocked by sys_clk_pin  {rise@0.000ns fall@4.000ns period=8.000ns})
  Destination:            dbg_hub/inst/BSCANID.u_xsdbm_id/CORE_XSDB.UUT_MASTER/U_ICON_INTERFACE/U_CMD6_RD/U_RD_FIFO/SUBCORE_FIFO.xsdbm_v3_0_0_rdfifo_inst/inst_fifo_gen/gconvfifo.rf/grf.rf/gntv_or_sync_fifo.gcx.clkx/gnxpm_cdc.rd_pntr_bin_reg[0]/CLR
                            (removal check against rising-edge clock sys_clk_pin  {rise@0.000ns fall@4.000ns period=8.000ns})
  Path Group:             **async_default**
  Path Type:              Removal (Min at Fast Process Corner)
  Requirement:            0.000ns  (sys_clk_pin rise@0.000ns - sys_clk_pin rise@0.000ns)
  Data Path Delay:        0.339ns  (logic 0.141ns (41.590%)  route 0.198ns (58.410%))
  Logic Levels:           0  
  Clock Path Skew:        0.033ns (DCD - SCD - CPR)
    Destination Clock Delay (DCD):    1.984ns
    Source Clock Delay      (SCD):    1.470ns
    Clock Pessimism Removal (CPR):    0.481ns

    Location             Delay type                Incr(ns)  Path(ns)    Netlist Resource(s)
  -------------------------------------------------------------------    -------------------
                         (clock sys_clk_pin rise edge)
                                                      0.000     0.000 r  
    K17                                               0.000     0.000 r  clk (IN)
                         net (fo=0)                   0.000     0.000    clk
    K17                  IBUF (Prop_ibuf_I_O)         0.259     0.259 r  clk_IBUF_inst/O
                         net (fo=1, routed)           0.627     0.887    clk_IBUF
    BUFGCTRL_X0Y16       BUFG (Prop_bufg_I_O)         0.026     0.913 r  clk_IBUF_BUFG_inst/O
                         net (fo=2463, routed)        0.558     1.470    dbg_hub/inst/BSCANID.u_xsdbm_id/CORE_XSDB.UUT_MASTER/U_ICON_INTERFACE/U_CMD6_RD/U_RD_FIFO/SUBCORE_FIFO.xsdbm_v3_0_0_rdfifo_inst/inst_fifo_gen/gconvfifo.rf/grf.rf/rstblk/wr_clk
    SLICE_X7Y85          FDPE                                         r  dbg_hub/inst/BSCANID.u_xsdbm_id/CORE_XSDB.UUT_MASTER/U_ICON_INTERFACE/U_CMD6_RD/U_RD_FIFO/SUBCORE_FIFO.xsdbm_v3_0_0_rdfifo_inst/inst_fifo_gen/gconvfifo.rf/grf.rf/rstblk/ngwrdrst.grst.g7serrst.wr_rst_reg_reg[0]/C
  -------------------------------------------------------------------    -------------------
    SLICE_X7Y85          FDPE (Prop_fdpe_C_Q)         0.141     1.611 f  dbg_hub/inst/BSCANID.u_xsdbm_id/CORE_XSDB.UUT_MASTER/U_ICON_INTERFACE/U_CMD6_RD/U_RD_FIFO/SUBCORE_FIFO.xsdbm_v3_0_0_rdfifo_inst/inst_fifo_gen/gconvfifo.rf/grf.rf/rstblk/ngwrdrst.grst.g7serrst.wr_rst_reg_reg[0]/Q
                         net (fo=18, routed)          0.198     1.809    dbg_hub/inst/BSCANID.u_xsdbm_id/CORE_XSDB.UUT_MASTER/U_ICON_INTERFACE/U_CMD6_RD/U_RD_FIFO/SUBCORE_FIFO.xsdbm_v3_0_0_rdfifo_inst/inst_fifo_gen/gconvfifo.rf/grf.rf/gntv_or_sync_fifo.gcx.clkx/AR[0]
    SLICE_X8Y84          FDCE                                         f  dbg_hub/inst/BSCANID.u_xsdbm_id/CORE_XSDB.UUT_MASTER/U_ICON_INTERFACE/U_CMD6_RD/U_RD_FIFO/SUBCORE_FIFO.xsdbm_v3_0_0_rdfifo_inst/inst_fifo_gen/gconvfifo.rf/grf.rf/gntv_or_sync_fifo.gcx.clkx/gnxpm_cdc.rd_pntr_bin_reg[0]/CLR
  -------------------------------------------------------------------    -------------------

                         (clock sys_clk_pin rise edge)
                                                      0.000     0.000 r  
    K17                                               0.000     0.000 r  clk (IN)
                         net (fo=0)                   0.000     0.000    clk
    K17                  IBUF (Prop_ibuf_I_O)         0.447     0.447 r  clk_IBUF_inst/O
                         net (fo=1, routed)           0.683     1.130    clk_IBUF
    BUFGCTRL_X0Y16       BUFG (Prop_bufg_I_O)         0.029     1.159 r  clk_IBUF_BUFG_inst/O
                         net (fo=2463, routed)        0.825     1.984    dbg_hub/inst/BSCANID.u_xsdbm_id/CORE_XSDB.UUT_MASTER/U_ICON_INTERFACE/U_CMD6_RD/U_RD_FIFO/SUBCORE_FIFO.xsdbm_v3_0_0_rdfifo_inst/inst_fifo_gen/gconvfifo.rf/grf.rf/gntv_or_sync_fifo.gcx.clkx/wr_clk
    SLICE_X8Y84          FDCE                                         r  dbg_hub/inst/BSCANID.u_xsdbm_id/CORE_XSDB.UUT_MASTER/U_ICON_INTERFACE/U_CMD6_RD/U_RD_FIFO/SUBCORE_FIFO.xsdbm_v3_0_0_rdfifo_inst/inst_fifo_gen/gconvfifo.rf/grf.rf/gntv_or_sync_fifo.gcx.clkx/gnxpm_cdc.rd_pntr_bin_reg[0]/C
                         clock pessimism             -0.481     1.503    
    SLICE_X8Y84          FDCE (Remov_fdce_C_CLR)     -0.067     1.436    dbg_hub/inst/BSCANID.u_xsdbm_id/CORE_XSDB.UUT_MASTER/U_ICON_INTERFACE/U_CMD6_RD/U_RD_FIFO/SUBCORE_FIFO.xsdbm_v3_0_0_rdfifo_inst/inst_fifo_gen/gconvfifo.rf/grf.rf/gntv_or_sync_fifo.gcx.clkx/gnxpm_cdc.rd_pntr_bin_reg[0]
  -------------------------------------------------------------------
                         required time                         -1.436    
                         arrival time                           1.809    
  -------------------------------------------------------------------
                         slack                                  0.373    

Slack (MET) :             0.373ns  (arrival time - required time)
  Source:                 dbg_hub/inst/BSCANID.u_xsdbm_id/CORE_XSDB.UUT_MASTER/U_ICON_INTERFACE/U_CMD6_RD/U_RD_FIFO/SUBCORE_FIFO.xsdbm_v3_0_0_rdfifo_inst/inst_fifo_gen/gconvfifo.rf/grf.rf/rstblk/ngwrdrst.grst.g7serrst.wr_rst_reg_reg[0]/C
                            (rising edge-triggered cell FDPE clocked by sys_clk_pin  {rise@0.000ns fall@4.000ns period=8.000ns})
  Destination:            dbg_hub/inst/BSCANID.u_xsdbm_id/CORE_XSDB.UUT_MASTER/U_ICON_INTERFACE/U_CMD6_RD/U_RD_FIFO/SUBCORE_FIFO.xsdbm_v3_0_0_rdfifo_inst/inst_fifo_gen/gconvfifo.rf/grf.rf/gntv_or_sync_fifo.gcx.clkx/gnxpm_cdc.rd_pntr_bin_reg[1]/CLR
                            (removal check against rising-edge clock sys_clk_pin  {rise@0.000ns fall@4.000ns period=8.000ns})
  Path Group:             **async_default**
  Path Type:              Removal (Min at Fast Process Corner)
  Requirement:            0.000ns  (sys_clk_pin rise@0.000ns - sys_clk_pin rise@0.000ns)
  Data Path Delay:        0.339ns  (logic 0.141ns (41.590%)  route 0.198ns (58.410%))
  Logic Levels:           0  
  Clock Path Skew:        0.033ns (DCD - SCD - CPR)
    Destination Clock Delay (DCD):    1.984ns
    Source Clock Delay      (SCD):    1.470ns
    Clock Pessimism Removal (CPR):    0.481ns

    Location             Delay type                Incr(ns)  Path(ns)    Netlist Resource(s)
  -------------------------------------------------------------------    -------------------
                         (clock sys_clk_pin rise edge)
                                                      0.000     0.000 r  
    K17                                               0.000     0.000 r  clk (IN)
                         net (fo=0)                   0.000     0.000    clk
    K17                  IBUF (Prop_ibuf_I_O)         0.259     0.259 r  clk_IBUF_inst/O
                         net (fo=1, routed)           0.627     0.887    clk_IBUF
    BUFGCTRL_X0Y16       BUFG (Prop_bufg_I_O)         0.026     0.913 r  clk_IBUF_BUFG_inst/O
                         net (fo=2463, routed)        0.558     1.470    dbg_hub/inst/BSCANID.u_xsdbm_id/CORE_XSDB.UUT_MASTER/U_ICON_INTERFACE/U_CMD6_RD/U_RD_FIFO/SUBCORE_FIFO.xsdbm_v3_0_0_rdfifo_inst/inst_fifo_gen/gconvfifo.rf/grf.rf/rstblk/wr_clk
    SLICE_X7Y85          FDPE                                         r  dbg_hub/inst/BSCANID.u_xsdbm_id/CORE_XSDB.UUT_MASTER/U_ICON_INTERFACE/U_CMD6_RD/U_RD_FIFO/SUBCORE_FIFO.xsdbm_v3_0_0_rdfifo_inst/inst_fifo_gen/gconvfifo.rf/grf.rf/rstblk/ngwrdrst.grst.g7serrst.wr_rst_reg_reg[0]/C
  -------------------------------------------------------------------    -------------------
    SLICE_X7Y85          FDPE (Prop_fdpe_C_Q)         0.141     1.611 f  dbg_hub/inst/BSCANID.u_xsdbm_id/CORE_XSDB.UUT_MASTER/U_ICON_INTERFACE/U_CMD6_RD/U_RD_FIFO/SUBCORE_FIFO.xsdbm_v3_0_0_rdfifo_inst/inst_fifo_gen/gconvfifo.rf/grf.rf/rstblk/ngwrdrst.grst.g7serrst.wr_rst_reg_reg[0]/Q
                         net (fo=18, routed)          0.198     1.809    dbg_hub/inst/BSCANID.u_xsdbm_id/CORE_XSDB.UUT_MASTER/U_ICON_INTERFACE/U_CMD6_RD/U_RD_FIFO/SUBCORE_FIFO.xsdbm_v3_0_0_rdfifo_inst/inst_fifo_gen/gconvfifo.rf/grf.rf/gntv_or_sync_fifo.gcx.clkx/AR[0]
    SLICE_X8Y84          FDCE                                         f  dbg_hub/inst/BSCANID.u_xsdbm_id/CORE_XSDB.UUT_MASTER/U_ICON_INTERFACE/U_CMD6_RD/U_RD_FIFO/SUBCORE_FIFO.xsdbm_v3_0_0_rdfifo_inst/inst_fifo_gen/gconvfifo.rf/grf.rf/gntv_or_sync_fifo.gcx.clkx/gnxpm_cdc.rd_pntr_bin_reg[1]/CLR
  -------------------------------------------------------------------    -------------------

                         (clock sys_clk_pin rise edge)
                                                      0.000     0.000 r  
    K17                                               0.000     0.000 r  clk (IN)
                         net (fo=0)                   0.000     0.000    clk
    K17                  IBUF (Prop_ibuf_I_O)         0.447     0.447 r  clk_IBUF_inst/O
                         net (fo=1, routed)           0.683     1.130    clk_IBUF
    BUFGCTRL_X0Y16       BUFG (Prop_bufg_I_O)         0.029     1.159 r  clk_IBUF_BUFG_inst/O
                         net (fo=2463, routed)        0.825     1.984    dbg_hub/inst/BSCANID.u_xsdbm_id/CORE_XSDB.UUT_MASTER/U_ICON_INTERFACE/U_CMD6_RD/U_RD_FIFO/SUBCORE_FIFO.xsdbm_v3_0_0_rdfifo_inst/inst_fifo_gen/gconvfifo.rf/grf.rf/gntv_or_sync_fifo.gcx.clkx/wr_clk
    SLICE_X8Y84          FDCE                                         r  dbg_hub/inst/BSCANID.u_xsdbm_id/CORE_XSDB.UUT_MASTER/U_ICON_INTERFACE/U_CMD6_RD/U_RD_FIFO/SUBCORE_FIFO.xsdbm_v3_0_0_rdfifo_inst/inst_fifo_gen/gconvfifo.rf/grf.rf/gntv_or_sync_fifo.gcx.clkx/gnxpm_cdc.rd_pntr_bin_reg[1]/C
                         clock pessimism             -0.481     1.503    
    SLICE_X8Y84          FDCE (Remov_fdce_C_CLR)     -0.067     1.436    dbg_hub/inst/BSCANID.u_xsdbm_id/CORE_XSDB.UUT_MASTER/U_ICON_INTERFACE/U_CMD6_RD/U_RD_FIFO/SUBCORE_FIFO.xsdbm_v3_0_0_rdfifo_inst/inst_fifo_gen/gconvfifo.rf/grf.rf/gntv_or_sync_fifo.gcx.clkx/gnxpm_cdc.rd_pntr_bin_reg[1]
  -------------------------------------------------------------------
                         required time                         -1.436    
                         arrival time                           1.809    
  -------------------------------------------------------------------
                         slack                                  0.373    





